published,search_term,category,title,summary,link,matched_words,activity_type,raw_text,entity_source_text,article_fetch_status,resolved_article_url,city_candidates,district_candidates,neighborhood_candidates,street_candidates,facility_candidates,company_candidates,company_candidate_scores,entity_quality_note,maps_queries,maps_candidates,maps_best_guess,maps_status,maps_match_scores,maps_rejected_candidates,record_quality_score,duplicate_group_id
2026-10-04 13:16:46,üretim tesisi yangını,Fiziksel Risk / Yangın,"Kırklareli'nde süt ürünleri üretim tesisinde çıkan yangın söndürüldü. İnece beldesinde üretim yapan tesiste henüz bilinmeyen nedenle yangın çıktı. Haber verilmesi üzerine bölgeye itfaiye, AFAD ve sağlık ekipleri sevk edildi. Ekiplerin müdahalesiyle söndürülen","Kırklareli'nde süt ürünleri üretim tesisinde çıkan yangın söndürüldü. İnece beldesinde üretim yapan tesiste henüz bilinmeyen nedenle yangın çıktı. Haber verilmesi üzerine bölgeye itfaiye, AFAD ve sağlık ekipleri sevk edildi. Ekiplerin müdahalesiyle söndürülen Instagram",https://news.google.com/rss/articles/CBMiVkFVX3lxTFA3S1FNX1h0ZFJPNTVEVFFFaHhQTUVwWDMwWnc3T0dqV1FhR3kyTm9QWjJlVFp0UWYyYXMtS2J6UGUwa1pMMlBQSWFCV2ptaHlrd0RyaW1n?oc=5,"sağlık, tesis, üretim, üretim tesisi",üretim tesisi,"83 likes, 0 comments - edirnegazetesi, October 4, 2026: ""Kırklareli'nde süt ürünleri üretim tesisinde çıkan yangın söndürüldü. İnece beldesinde üretim yapan tesiste henüz bilinmeyen nedenle yangın çıktı. Haber verilmesi üzerine bölgeye itfaiye, AFAD ve sağlık ekipleri sevk edildi. Ekiplerin müdahalesiyle söndürülen yangın hasara yol açtı. İnece Belediye Başkanı İlhan Arı, bölgede incelemede bulunarak yetkililerden bilgi aldı."". 83 likes, 0 comments - edirnegazetesi, October 4, 2026: ""Kırklareli'nde süt ürünleri üretim tesisinde çıkan yangın söndürüldü. İnece beldesinde üretim yapan tesiste henüz bilinmeyen nedenle yangın çıktı. Haber verilmesi üzerine bölgeye itfaiye, AFAD ve sağlık ekipleri sevk edildi. Ekiplerin müdahalesiyle söndürülen yangın hasara yol açtı. İnece Belediye Başkanı İlhan Arı, bölgede incelemede bulunarak yetkililerden bilgi aldı."".","Kırklareli'nde süt ürünleri üretim tesisinde çıkan yangın söndürüldü. İnece beldesinde üretim yapan tesiste henüz bilinmeyen nedenle yangın çıktı. Haber verilmesi üzerine bölgeye itfaiye, AFAD ve sağlık ekipleri sevk edildi. Ekiplerin müdahalesiyle söndürülen Kırklareli'nde süt ürünleri üretim tesisinde çıkan yangın söndürüldü. İnece beldesinde üretim yapan tesiste henüz bilinmeyen nedenle yangın çıktı. Haber verilmesi üzerine bölgeye itfaiye, AFAD ve sağlık ekipleri sevk edildi. Ekiplerin müdahalesiyle söndürülen Instagram 83 likes, 0 comments - edirnegazetesi, October 4, 2026: ""Kırklareli'nde süt ürünleri üretim tesisinde çıkan yangın söndürüldü. İnece beldesinde üretim yapan tesiste henüz bilinmeyen nedenle yangın çıktı. Haber verilmesi üzerine bölgeye itfaiye, AFAD ve sağlık ekipleri sevk edildi. Ekiplerin müdahalesiyle söndürülen yangın hasara yol açtı. İnece Belediye Başkanı İlhan Arı, bölgede incelemede bulunarak yetkililerden bilgi aldı."".",browser_full_article,https://www.instagram.com/reel/DeEuGAzy2VZ/,,,,,,,,il yok | ilçe yok | firma yok | faaliyet/tesis yok,,,,maps araması yapılmadı,,,219.38,1
2026-10-03 21:53:52,tesis yangını,Fiziksel Risk / Yangın,Riyad’daki Aramco tesisi yakınında duman ve yangın bildirildi,Riyad’daki Aramco tesisi yakınında duman ve yangın bildirildi Investing.com Türkiye,https://news.google.com/rss/articles/CBMirAFBVV95cUxPZURrejlmdFR4QnNJb3lUUWYwRDJjVURiYTVCdjl0Zk85OTdCZmtSWnVSWS1aa3dZTnp2Nm5tcFFBVFdiQzR3Q09mX2Q4S2xEeFp4MGdUM1ZET2hWMDUySE1lU3JicFpOUzY5dEI1Z3NRQ1kySWQ1a0FobHN3UTV0MXkzUzk3R0RwbDJ4MmpOQVZfaWQ1eGdQREs4ZnlOWGFNRzkwcFc1UnlzTVd3?oc=5,tesis,,"tr.investing.com Güvenlik doğrulaması yapılıyor Bu web sitesi, kötü niyetli botlara karşı korunmak için bir güvenlik hizmeti kullanıyor. Web sitesi bir bot olmadığınızı doğrularken bu sayfa görüntülenir. Doğrulama başarılı. tr.investing.com adresinin yanıt vermesi bekleniyor Güvenlik doğrulaması yapılıyor Doğrulama başarılı. tr.investing.com adresinin yanıt vermesi bekleniyor Bu web sitesi, kötü niyetli botlara karşı korunmak için bir güvenlik hizmeti kullanıyor. Web sitesi bir bot olmadığınızı doğrularken bu sayfa görüntülenir.","Riyad’daki Aramco tesisi yakınında duman ve yangın bildirildi Riyad’daki Aramco tesisi yakınında duman ve yangın bildirildi Investing.com Türkiye tr.investing.com Güvenlik doğrulaması yapılıyor Bu web sitesi, kötü niyetli botlara karşı korunmak için bir güvenlik hizmeti kullanıyor. Web sitesi bir bot olmadığınızı doğrularken bu sayfa görüntülenir. tr.investing.com adresinin yanıt vermesi bekleniyor Güvenlik doğrulaması yapılıyor Doğrulama başarılı. tr.investing.com adresinin yanıt vermesi bekleniyor Bu web sitesi, kötü niyetli botlara karşı korunmak için bir güvenlik hizmeti kullanıyor.",browser_full_article,https://tr.investing.com/news/economy-news/riyaddaki-aramco-tesisi-yaknnda-duman-ve-yangn-bildirildi-4088966,,,,,daki Aramco tesisi,,,il yok | ilçe yok | firma yok,,,,maps araması yapılmadı,,,96.59,2
2026-10-08 15:36:25,fabrika yangını,Fiziksel Risk / Yangın,Afyonkarahisar'ın Emirdağ ilçesinde mantar fabrikası yangınına itfaiye sevk edildi,Afyonkarahisar'ın Emirdağ ilçesinde mantar fabrikası yangınına itfaiye sevk edildi Son Dakika,https://news.google.com/rss/articles/CBMinwFBVV95cUxNaE5tSU1qWUJJT1ExbTI3aGFaVVVEaWk5bTNIVlBiMm56eEtYOUI3R09XaW9obzBLQno1d2NiYkJJQzY2VHJjUFJjNTRNcXllZmQybVJiRUk4Rl9Gb3gteUNBLUpwb1lGSHJMTjM1X0RVbjNFRnNrdDlibHJPNkNoTTRsZ0RVQ2l3SkFjUzNBMUlHMFo0QXRrcUhuZ0Y2NEHSAZwBQVVfeXFMTk9xUkVvZjlNaDB2QWtXdElHUkNKUzhZQTlydGMzY0xHQk4yeEVFYVNPUEt1ZnVuZTVrVGJDM0NGVXpnVFBzV1BqS3M5eldCa1A3VkpyeE5LeDItVU43R3FIelRsMHRvS29VTHpsRnZYTXRhMGtWV3BvaGlCQUR5MElpRFh2cm5vWWp2eDhQOWVydXVYN1hGRGQ3SmN4?oc=5,fabrika,fabrika,Afyonkarahisar'ın Emirdağ ilçesinde mantar fabrikası yangınına itfaiye sevk edildi Son Dakika,Afyonkarahisar'ın Emirdağ ilçesinde mantar fabrikası yangınına itfaiye sevk edildi Afyonkarahisar'ın Emirdağ ilçesinde mantar fabrikası yangınına itfaiye sevk edildi Son Dakika Afyonkarahisar'ın Emirdağ ilçesinde mantar fabrikası yangınına itfaiye sevk edildi Son Dakika,browser_failed,https://news.google.com/rss/articles/CBMinwFBVV95cUxNaE5tSU1qWUJJT1ExbTI3aGFaVVVEaWk5bTNIVlBiMm56eEtYOUI3R09XaW9obzBLQno1d2NiYkJJQzY2VHJjUFJjNTRNcXllZmQybVJiRUk4Rl9Gb3gteUNBLUpwb1lGSHJMTjM1X0RVbjNFRnNrdDlibHJPNkNoTTRsZ0RVQ2l3SkFjUzNBMUlHMFo0QXRrcUhuZ0Y2NEHSAZwBQVVfeXFMTk9xUkVvZjlNaDB2QWtXdElHUkNKUzhZQTlydGMzY0xHQk4yeEVFYVNPUEt1ZnVuZTVrVGJDM0NGVXpnVFBzV1BqS3M5eldCa1A3VkpyeE5LeDItVU43R3FIelRsMHRvS29VTHpsRnZYTXRhMGtWV3BvaGlCQUR5MElpRFh2cm5vWWp2eDhQOWVydXVYN1hGRGQ3SmN4?oc=5&hl=tr&gl=TR&ceid=TR:tr,Afyonkarahisar,Emirdağ,,,ilçesinde mantar fabrikası,,,firma yok,ilçesinde mantar fabrikası Emirdağ Afyonkarahisar Türkiye,Mis Mantar,Mis Mantar,"firma adı yok, tesis/lokasyon ile maps tahmini var",75.0,,175.18,3
2026-10-06 22:26:30,tesis yangını,Fiziksel Risk / Yangın,Thai Nguyen Enerji Şirketi: Elektrik kaynaklı yangın ve patlamaları önleyici tedbirler alıyor.,Thai Nguyen Enerji Şirketi: Elektrik kaynaklı yangın ve patlamaları önleyici tedbirler alıyor. Vietnam.vn,https://news.google.com/rss/articles/CBMilAFBVV95cUxNb2J2d25Idm1US3lCb1VkSWthbU41Yzh3VTdyTER4Rm05YWVrbkdSV3BKa3dYcTcxQ1BrTFg2ZzMxYUNEaTNVeW1ZbWk3SnFCclJTc3VXOElQTGtoTHdna2lpeWt6cFB5dDVpNDBBelE5WER0SzZ1S0t3bFZxUDMtQkkyS2VyUVM5Y0FxVVNVc3pra0Uy?oc=5,"enerji, şirket",şirket / firma,Thai Nguyen Enerji Şirketi: Elektrik kaynaklı yangın ve patlamaları önleyici tedbirler alıyor. Vietnam.vn,Thai Nguyen Enerji Şirketi: Elektrik kaynaklı yangın ve patlamaları önleyici tedbirler alıyor. Thai Nguyen Enerji Şirketi: Elektrik kaynaklı yangın ve patlamaları önleyici tedbirler alıyor. Vietnam.vn Thai Nguyen Enerji Şirketi: Elektrik kaynaklı yangın ve patlamaları önleyici tedbirler alıyor.,browser_failed,https://news.google.com/rss/articles/CBMilAFBVV95cUxNb2J2d25Idm1US3lCb1VkSWthbU41Yzh3VTdyTER4Rm05YWVrbkdSV3BKa3dYcTcxQ1BrTFg2ZzMxYUNEaTNVeW1ZbWk3SnFCclJTc3VXOElQTGtoTHdna2lpeWt6cFB5dDVpNDBBelE5WER0SzZ1S0t3bFZxUDMtQkkyS2VyUVM5Y0FxVVNVc3pra0Uy?oc=5&hl=tr&gl=TR&ceid=TR:tr,,,,,,Thai Nguyen Enerji,Thai Nguyen Enerji:292:body+summary+title,il yok | ilçe yok | faaliyet/tesis yok,Thai Nguyen Enerji Türkiye,,,maps sonucu düşük güven nedeniyle elendi,,TEİAŞ Genel Müdürlüğü O Blok,154.3,4
2026-10-03 19:52:02,tesis yangını,Fiziksel Risk / Yangın,Krasnozavodsk'taki kimya tesisi yangınında acı bilanço: 5 cansız bedene ulaşıldı,Krasnozavodsk'taki kimya tesisi yangınında acı bilanço: 5 cansız bedene ulaşıldı Gündem Atlas,https://news.google.com/rss/articles/CBMiugFBVV95cUxOZFZUb3diOUF2WnctWXc0NG9lZVFzcGtlMUFVdG9oWTZJX0FBN2NXNzU5Zkp3bEJ2V21sMURXYmdfM2wyS0RVVzZWMmlya05BYVBTeXl0M1pHSnhCNXlSWHF5U3YwRDZiR1ZFX2pZQk1YazlGamJjUW45OFVydTBGZ1V3d3JOcHp4XzUyc0thekJELUQ0YzI5el9qRkI2cGZQbjVudzdoRDRpb0lXSVRFb2RKZEktQ2VtTlE?oc=5,tesis,,"www.gundematlas.com Güvenlik doğrulaması yapılıyor Bu web sitesi, kötü niyetli botlara karşı korunmak için bir güvenlik hizmeti kullanıyor. Web sitesi bir bot olmadığınızı doğrularken bu sayfa görüntülenir. Doğrulama başarılı. www.gundematlas.com adresinin yanıt vermesi bekleniyor Güvenlik doğrulaması yapılıyor Doğrulama başarılı. www.gundematlas.com adresinin yanıt vermesi bekleniyor Bu web sitesi, kötü niyetli botlara karşı korunmak için bir güvenlik hizmeti kullanıyor. Web sitesi bir bot olmadığınızı doğrularken bu sayfa görüntülenir.","Krasnozavodsk'taki kimya tesisi yangınında acı bilanço: 5 cansız bedene ulaşıldı Krasnozavodsk'taki kimya tesisi yangınında acı bilanço: 5 cansız bedene ulaşıldı Gündem Atlas www.gundematlas.com Güvenlik doğrulaması yapılıyor Bu web sitesi, kötü niyetli botlara karşı korunmak için bir güvenlik hizmeti kullanıyor. Web sitesi bir bot olmadığınızı doğrularken bu sayfa görüntülenir. www.gundematlas.com adresinin yanıt vermesi bekleniyor Güvenlik doğrulaması yapılıyor Doğrulama başarılı. www.gundematlas.com adresinin yanıt vermesi bekleniyor Bu web sitesi, kötü niyetli botlara karşı korunmak için bir güvenlik hizmeti kullanıyor.",browser_full_article,https://www.gundematlas.com/dunya/krasnozavodsktaki-kimya-tesisi-yangininda-aci-bilanco-5-cansiz-bedene-ulasildi/17252,,,,,taki kimya tesisi,,,il yok | ilçe yok | firma yok,,,,maps araması yapılmadı,,,108.68,5
2026-10-05 07:35:30,yangın,Fiziksel Risk / Yangın,Bursa'da mobilya fabrikasının deposunda çıkan yangın kontrol altına alındı,Bursa'da mobilya fabrikasının deposunda çıkan yangın kontrol altına alındı Anadolu Ajansı,https://news.google.com/rss/articles/CBMiswFBVV95cUxPclA1bnVGRnFQdWJBMTI5dkViOC11TVJYRld4RE92MVAwcnZkWVg0c1JRM2VhaENwM1ptZ2xVZWc5cGVVSWpkN2dMOGtUM2lWcXVLZjFJOXhqUVlpWnJmMWIxal9ZZ29aRVpfRGhxLXFHRmdXem9qUnRFQVhZX3F5ckZ4eVhBVnhHVndvRmdfT3FqUjhJTFZnTENrSzU5eHYyckcxenZUZ0VrR2RpVjVBd1Izaw?oc=5,"depo, fabrika",fabrika | depo,Bursa'da mobilya fabrikasının deposunda çıkan yangın kontrol altına alındı Anadolu Ajansı,Bursa'da mobilya fabrikasının deposunda çıkan yangın kontrol altına alındı Bursa'da mobilya fabrikasının deposunda çıkan yangın kontrol altına alındı Anadolu Ajansı Bursa'da mobilya fabrikasının deposunda çıkan yangın kontrol altına alındı Anadolu Ajansı,browser_failed,https://news.google.com/rss/articles/CBMiswFBVV95cUxPclA1bnVGRnFQdWJBMTI5dkViOC11TVJYRld4RE92MVAwcnZkWVg0c1JRM2VhaENwM1ptZ2xVZWc5cGVVSWpkN2dMOGtUM2lWcXVLZjFJOXhqUVlpWnJmMWIxal9ZZ29aRVpfRGhxLXFHRmdXem9qUnRFQVhZX3F5ckZ4eVhBVnhHVndvRmdfT3FqUjhJTFZnTENrSzU5eHYyckcxenZUZ0VrR2RpVjVBd1Izaw?oc=5&hl=tr&gl=TR&ceid=TR:tr,Bursa,,,,,,,ilçe yok | firma yok | faaliyet/tesis yok,,,,maps araması yapılmadı,,,86.14,6
2026-10-08 05:12:04,depo yangını,Fiziksel Risk / Yangın,Bursa'da gece yarısı depo yangını korkuttu!,Bursa'da gece yarısı depo yangını korkuttu! Bursada Bugün,https://news.google.com/rss/articles/CBMilwFBVV95cUxQSWQ5dURZb1FiWEFXTHNwc1k1OEVfaG12TmNqTllFM0pvMTR5RTJIS0o3NFhpUzhKaEY1aWZKbUV1Nk5wTzhGeWdsQ1VpUTJCcG10Y0cxRnZFVFRqLThNNmJMV0JpNDE4WHdHZ085LVRUUU40bUs3VjU2R3dfNWNMd3Vnakd5bERLUERTX3VqeEx1OW9zVk5j0gGXAUFVX3lxTFBJZDl1RFlvUWJYQVdMc3BzWTU4RV9obXZOY2pOWUUzSm8xNHlFMkhLSjc0WGlTOEpoRjVpZkptRXU2TnBPOEZ5Z2xDVWlRMkJwbXRjRzFGdkVUVGotOE02YkxXQmk0MThYd0dnTzktVFRRTjRtSzdWNTZHd181Y0x3dWdqR3lsREtQRFNfdWp4THU5b3NWTmM?oc=5,depo,depo,"Bursa'da gece yarısı depo yangını korkuttu! Suudi Arabistan'a asker gönderilecek mi? MSB'den açıkla... Bursa'da bölge halkının merakla beklediği gün geldi çattı! Otoyol inşaatında heyecan yaratan keşif! Bursa'dan yola çıkacaklar dikkat! Bu yolda trafik düzen... Çağrı merkezi üzerinden yatırım dolandırıcılığı! Onlarc... BTSO'da Matlı'nın Meclis yönetimi belli oldu BTSO seçimlerinde kritik gün! Başkan adayı Matlı'dan aç... Ortaokuldaki dehşette yeni ayrıntı! Saldırıdan önce bak... MASAK raporundan şok detaylar! Yasin Kol'a maç sırasınd... TFF'de dikkat çeken istifa: 'Aile şirketi anlayışıyla y... Bursa'da taksi ücretlerine zam geldi! Yeni fiyatlar o t... Market rafında isyan ettiren görüntü! Tepkiler çığ gibi... Bursa'nın tarihi çarşısında kuyumcu vurgunu iddiası! Ka... İnfial yaratan görüntü! Neyse ki yaptığı yanına kar kal... Bursa'da korkutan kaza! Caddeyi kapatmak zorunda kaldıl... Türkiye güne operasyonla başladı! 45 kişi gözaltına alındı Takla atan otomobil karşı şeride savruldu: 2 ölü, 2 yar... Facia yaşanmadan hemen önce kayda almış: ""Çatlaklar olu... Bursa'da korkutan kaza! Her şey bir anda oldu Bursa'da akılalmaz olay! Acente topu otele attı, otel e... Kuyumcu soygunu girişiminde şaşırtan son: Şüpheliler ay... Bursa'da yaz sıcakları geri geliyor! Bursa'da tekstil şirketi için konkordato süreci uzatıld... BTSO Meclis Başkanı Erol Dağlıoğlu kimdir? Erol Dağlıoğ... Rekabet Kurumu'ndan gözlük devine yeni kurallar! O ayrı... Şeker fabrikasında korku dolu anlar! 26 işçi hastanelik... 90 yıl sonra bir ilk! Kurşuna dizilmesini halk canlı ol... Taksici ve yolcu arasında yardım tartışması: ""Ben nakli... Hem meyvesi hem çiçeği para ediyor: Eken bir senede evi... Acı bekleyiş sona erdi! Çöken binada korkulan oldu Bursa'da tarlası erikle doldu, alıcı çıkmadı! Son çarey... Bursa'da çöp tesisiyle ilgili Şadi Özdemir'den dikkat ç... Türkiye'de huzurun adresleri belli oldu! Listede Bursa'... Bursa'da ev satışında ezber bozan ilan! ""Kötü komşuya..."" Bursa'da tartışmaların odağıydı! Yeni terminalin çalışm... Fon soruşturmasında adı geçiyordu! İş insanı aracında ö... Bursa'daki antik tiyatro için yeni adım! Turizme kazand... Asgari ücrette 2027 hesabı başladı! 5 farklı senaryoda ... TikTok'ta skandal yayın! Herkes emniyeti etiketliyor Meclis'e kanun teklifi sunuldu! 6 meslek grubuna daha y... Okul saldırısından acı haber! Bursa'daki davada rüşvet çıkışı: Bozbey'in Avukatı Yavu Bursa'nın İznik ilçesinde bir depoda çıkan yangın, itfaiye ekiplerinin müdahalesiyle çevredeki iş yerlerine sıçramadan söndürüldü. Yangında yaralanan olmadı. FATİH MISIR / BURSADA BUGÜN Yangın, saat 02.30 sıralarında Eşrefzade Mahallesi Akçeşme Sokak'ta bulunan depoda çıktı. Henüz belirlenemeyen bir nedenle başlayan yangından yükselen dumanları gören vatandaşlar, durumu 112 Acil Çağrı Merkezi'ne bildirdi. İhbar üzerine olay yerine itfaiye, polis ve sağlık ekipleri sevk edildi. İtfaiye ekiplerinin çalışmasıyla alevler kontrol altına alınarak söndürüldü. Yangının bitişikteki iş yerlerine sıçraması önlenirken, bölgede soğutma çalışması yapıldı. Yangında yaralanan olmazken, çıkış nedeninin belirlenmesi için inceleme başlatıldı. Bursa Bölge, 2026.10.08 08:12","Bursa'da gece yarısı depo yangını korkuttu! Bursa'da gece yarısı depo yangını korkuttu! Bursada Bugün Bursa'da gece yarısı depo yangını korkuttu! Suudi Arabistan'a asker gönderilecek mi? Bursa'da bölge halkının merakla beklediği gün geldi çattı! Otoyol inşaatında heyecan yaratan keşif! Bursa'dan yola çıkacaklar dikkat! Çağrı merkezi üzerinden yatırım dolandırıcılığı! BTSO'da Matlı'nın Meclis yönetimi belli oldu BTSO seçimlerinde kritik gün! Başkan adayı Matlı'dan aç... Ortaokuldaki dehşette yeni ayrıntı! MASAK raporundan şok detaylar! Yasin Kol'a maç sırasınd... TFF'de dikkat çeken istifa: 'Aile şirketi anlayışıyla y... Bursa'da taksi ücretlerine zam geldi! Bursa'nın tarihi çarşısında kuyumcu vurgunu iddiası! Türkiye güne operasyonla başladı! Facia yaşanmadan hemen önce kayda almış: ""Çatlaklar olu... Her şey bir anda oldu Bursa'da akılalmaz olay! Kuyumcu soygunu girişiminde şaşırtan son: Şüpheliler ay... Bursa'da yaz sıcakları geri geliyor! Bursa'da tekstil şirketi için konkordato süreci uzatıld... BTSO Meclis Başkanı Erol Dağlıoğlu kimdir? Şeker fabrikasında korku dolu anlar! Taksici ve yolcu arasında yardım tartışması: ""Ben nakli... Çöken binada korkulan oldu Bursa'da tarlası erikle doldu, alıcı çıkmadı! Bursa'da çöp tesisiyle ilgili Şadi Özdemir'den dikkat ç... Bursa'da ev satışında ezber bozan ilan! ""Kötü komşuya..."" Bursa'da tartışmaların odağıydı! Fon soruşturmasında adı geçiyordu! Bursa'daki antik tiyatro için yeni adım! Asgari ücrette 2027 hesabı başladı! Bursa'daki davada rüşvet çıkışı: Bozbey'in Avukatı Yavu Bursa'nın İznik ilçesinde bir depoda çıkan yangın, itfaiye ekiplerinin müdahalesiyle çevredeki iş yerlerine sıçramadan söndürüldü. Yangında yaralanan olmadı. FATİH MISIR / BURSADA BUGÜN Yangın, saat 02.30 sıralarında Eşrefzade Mahallesi Akçeşme Sokak'ta bulunan depoda çıktı. Henüz belirlenemeyen bir nedenle başlayan yangından yükselen dumanları gören vatandaşlar, durumu 112 Acil Çağrı Merkezi'ne bildirdi. İtfaiye ekiplerinin çalışmasıyla alevler kontrol altına alınarak söndürüldü. Yangının bitişikteki iş yerlerine sıçraması önlenirken, bölgede soğutma çalışması yapıldı. Yangında yaralanan olmazken, çıkış nedeninin belirlenmesi için inceleme başlatıldı. Bursa Bölge, 2026.10.08 08:12",browser_full_article_dom,https://news.google.com/rss/articles/CBMilwFBVV95cUxQSWQ5dURZb1FiWEFXTHNwc1k1OEVfaG12TmNqTllFM0pvMTR5RTJIS0o3NFhpUzhKaEY1aWZKbUV1Nk5wTzhGeWdsQ1VpUTJCcG10Y0cxRnZFVFRqLThNNmJMV0JpNDE4WHdHZ085LVRUUU40bUs3VjU2R3dfNWNMd3Vnakd5bERLUERTX3VqeEx1OW9zVk5j0gGXAUFVX3lxTFBJZDl1RFlvUWJYQVdMc3BzWTU4RV9obXZOY2pOWUUzSm8xNHlFMkhLSjc0WGlTOEpoRjVpZkptRXU2TnBPOEZ5Z2xDVWlRMkJwbXRjRzFGdkVUVGotOE02YkxXQmk0MThYd0dnTzktVFRRTjRtSzdWNTZHd181Y0x3dWdqR3lsREtQRFNfdWp4THU5b3NWTmM?oc=5&hl=tr&gl=TR&ceid=TR:tr,Bursa,İznik,30 sıralarında Eşrefzade Mahallesi,,,,,firma yok | faaliyet/tesis yok,,,,maps araması yapılmadı,,,108.75,7
2026-10-08 11:13:00,depo yangını,Fiziksel Risk / Yangın,Alayköy Sanayi Bölgesi’ndeki yangın kontrol altında: 600 metrekarelik alandaki malzemeler zarar gördü,Alayköy Sanayi Bölgesi’ndeki yangın kontrol altında: 600 metrekarelik alandaki malzemeler zarar gördü Kıbrıs Postası,https://news.google.com/rss/articles/CBMixgFBVV95cUxQRllCVEJqdy1xZ0Q2THcwSi1NNzA1aGhXdk5SX2FXTS1vM1d3NFZ2dGJjdV9nNWZpSS1yMTNUWG9SZjNlYklWVVJoQWc3Z3lwYnMtUkx3b051ZUN1RFhpU0hUX3VqRmY3bF90UUlRcHB6aGtsd2RHUk1mMGJ5cnJ4TWZoQU5NUnhhUVMxd0xsOUcyQXlyUUVNZ2NfeGNEMHRNRExMWU93Zzk0YXlrb2dSREtmNU9rdG9XTHk5d0M2eHJ6UXhkUVE?oc=5,sanayi,,"GÖNYELİ GÖNYELİ okuma süresi: 1 dak. Alayköy Sanayi Bölgesi’ndeki yangın kontrol altında: 600 metrekarelik alandaki malzemeler zarar gördü Alayköy Sanayi Bölgesi’nde bir elektrik şirketine ait depoda çıkan yangın kontrol altına alındı. Söndürme ve soğutma çalışmalarının sürdüğü yangında, ilk tespitlere göre yaklaşık 600 metrekarelik alandaki muhtelif elektrik malzemeleri zarar gördü; çalışmalara farklı kurumların ekipleri ve su tankerleriyle destek verildi. Yayın Tarihi: 08/10/26 14:13 Güncelleme Tarihi: 08/10/26 15:55 okuma süresi: 1 dak. 0 Like Paylaş Facebook'ta Gör A- A A+ Alayköy Sanayi Bölgesi’nde bir elektrik şirketine ait olan ve depo olarak kullanılan binada çıkan yangını söndürme ve soğutma çalışmaları sürüyor. Polisten verilen bilgiye göre, bugün saat 12.00 sıralarında henüz tespit edilemeyen sebepten dolayı çıkan yangın, kontrol altına alındı. Yangında ilk tespitlere göre yaklaşık 600 metrekarelik alandaki muhtelif elektrik malzemeleri küle döndü. Öte yandan, yangın söndürme çalışmalarına itfaiyenin yanı sıra, Sivil Savunma Teşkilat Başkanlığı ve Orman Dairesi ekipleri ile Lefkoşa Türk Belediyesi ile Gönyeli-Alayköy Belediyesi ekipleri de su tankerleriyle destek verdi. Levent ÖZADAM'dan #mesajınızvar Gözden Kaçmadı #gozdenkacmadi Haberi Facebook'ta Gör En güncel gelişmelerden hemen haberdar olmak için Telegram kanalımıza katılın! 0 Like Paylaş Yorumlar Yorum yapmak için GİRİŞ YAPMANIZ gerekmektedir GİRİŞ YAP Dikkat! Suç teşkil edecek, yasadışı, tehditkar, rahatsız edici, hakaret ve küfür içeren, aşağılayıcı, küçük düşürücü, kaba, müstehcen, ahlaka aykırı, kişilik haklarına zarar verici ya da benzeri niteliklerde içeriklerden doğan her türlü mali, hukuki, cezai, idari sorumluluk içeriği gönderen Üye/Üyeler’e aittir. Site Yorumları 0 Facebook Yorumları Haberi Facebook'ta Gör Yükleniyor... Diğer GÖNYELİ Haberleri GÖNYELİ okuma süresi: 2 dak. Yılmazköy’e 970 metrekarelik çok amaçlı alan kazandırıldı GÖNYELİ okuma süresi: 2 dak. Gönyeli-Alayköy Belediyesi'nin Çocuk Şenliği, Simge konseriy... GÖNYELİ okuma süresi: 1 dak. Polkestra bu akşam GAB Fest’te sahne alacak GÖNYELİ okuma süresi: 2 dak. Hüseyin Amcaoğlu: Park Yenikent çocukların neşesiyle hayat b... GÖNYELİ okuma süresi: 2 dak. Kuzey Kıbrıs Kentler Forumu, ""Bugünün Zorluklarını Yarının F... GÖNYELİ okuma süresi: 1 dak. KTMMOB heyeti Amcaoğlu'nu ziyaret etti: İş birlikleri ve ort... Yerel Haberler Bunlar ilginizi çekebilir KIB-TEK Başkanı Uzun’dan EL-SEN’e çağrı: Müdürümüz imzalayac... Usta oyuncu Necla Uygur vefat etti Bunlar ilginizi çekebilir Güney Kıbrıs’ta İçişleri Bakanlığı’nın adı “İçişleri ve Sivi... Hür-İş: Çalışma Dairesi Müdürü siyasetin değil, toplumun mem... GÖNYELİ GÖNYELİ okuma süresi: 1 dak. Alayköy Sanayi Bölgesi’ndeki yangın kontrol altında: 600 metrekarelik alandaki malzemeler zarar gördü Alayköy Sanayi Bölgesi’nde bir elektrik şirketine ait depoda çıkan yangın kontrol altına alındı. Söndürme ve soğutma çalışmalarının sürdüğü yangında, ilk tespitlere göre yaklaşık 600 metrekarelik alandaki muhtelif elektrik malzemeleri zarar gördü; çalışmalara farklı kurumların ekipleri ve su tankerleriyle destek verildi. Yayın Tarihi: 08/10/26 14:13 Güncelleme Tarihi: 08/10/26 15:55 okuma süresi: 1 dak. 0 Like Paylaş Facebook'ta Gör A- A A+ Alayköy Sanayi Bölgesi’nde bir elektrik şirketine ait olan ve depo olarak kullanılan binada çıkan yangını söndürme ve soğutma çalışmaları sürüyor. Polisten verilen bilgiye göre, bugün saat 12.00 sıralarında henüz tespit edilemeyen sebepten dolayı çıkan yangın, kontrol altına alındı. Yangında ilk tespitlere göre yaklaşık 600 metrekarelik alandaki muhtelif elektrik malzemeleri küle döndü. Öte yandan, yangın söndürme çalışmalarına itfaiyenin yanı sıra, Sivil Savunma Teşkilat Başkanlığı ve Orman Dairesi ekipleri ile Lefkoşa Türk Belediyesi ile Gönyeli-Alayköy Belediyesi ekipleri de su tankerleriyle destek verdi. Levent ÖZADAM'dan #mesajınızvar Gözden Kaçmadı #gozdenkacmadi Haberi Facebook'ta Gör En güncel gelişmelerden hemen haberdar olmak için Telegram kanalımıza katılın! 0 Like Paylaş Yorumlar Yorum yapmak için GİRİŞ YAPMANIZ gerekmektedir GİRİŞ YAP Dikkat! Suç teşkil edecek, yasadışı, tehditkar, rahatsız edici, hakaret ve küfür içeren, aşağılayıcı, küçük düşürücü, kaba, müstehcen, ahlaka aykırı, kişilik haklarına zarar verici ya da benzeri niteliklerde içeriklerden doğan her türlü mali, hukuki, cezai, idari sorumluluk içeriği gönderen Üye/Üyeler’e aittir. Site Yorumları 0 Facebook Yorumları Haberi Facebook'ta Gör Yükleniyor... Diğer GÖNYELİ Haberleri GÖNYELİ okuma süresi: 2 dak. Yılmazköy’e 970 metrekarelik çok amaçlı alan kazandırıldı GÖNYELİ okuma süresi: 2 dak. Gönyeli-Alayköy Belediyesi'nin Çocuk Şenliği, Simge konseriy... GÖNYELİ okuma süresi: 1 dak. Polkestra bu akşam GAB Fest’te sahne alacak GÖNYELİ okuma süresi: 2 dak. Hüseyin Amcaoğlu: Park Yenikent çocukların neşesiyle hayat b... GÖNYELİ okuma süresi: 2 dak. Kuzey Kıbrıs Kentler Forumu, ""Bugünün Zorluklarını Yarının F... GÖNYELİ okuma süresi: 1 dak. KTMMOB heyeti Amcaoğlu'nu ziyaret etti: İş birlikleri ve ort... GÖNYELİ okuma süresi: 1 dak. Alayköy Sanayi Bölgesi’ndeki yangın kontrol altında: 600 metrekarelik alandaki malzemeler zarar gördü Alayköy Sanayi Bölgesi’nde bir elektrik şirketine ait depoda çıkan yangın kontrol altına alındı. Söndürme ve soğutma çalışmalarının sürdüğü yangında, ilk tespitlere göre yaklaşık 600 metrekarelik alandaki muhtelif elektrik malzemeleri zarar gördü; çalışmalara farklı kurumların ekipleri ve su tankerleriyle destek verildi. Yayın Tarihi: 08/10/26 14:13 Güncelleme Tarihi: 08/10/26 15:55 okuma süresi: 1 dak. 0 Like Paylaş Facebook'ta Gör A- A A+ Alayköy Sanayi Bölgesi’nde bir elektrik şirketine ait olan ve depo olarak kullanılan binada çıkan yangını söndürme ve soğutma çalışmaları sürüyor. Polisten verilen bilgiye göre, bugün saat 12.00 sıralarında henüz tespit edilemeyen sebepten dolayı çıkan yangın, kontrol altına alındı. Yangında ilk tespitlere göre yaklaşık 600 metrekarelik alandaki muhtelif elektrik malzemeleri küle döndü. Öte yandan, yangın söndürme çalışmalarına itfaiyenin yanı sıra, Sivil Savunma Teşkilat Başkanlığı ve Orman Dairesi ekipleri ile Lefkoşa Türk Belediyesi ile Gönyeli-Alayköy Belediyesi ekipleri de su tankerleriyle destek verdi. Levent ÖZADAM'dan #mesajınızvar Gözden Kaçmadı #gozdenkacmadi Haberi Facebook'ta Gör En güncel gelişmelerden hemen haberdar olmak için Telegram kanalımıza katılın! 0 Like Paylaş Yorumlar Yorum yapmak için GİRİŞ YAPMANIZ gerekmektedir GİRİŞ YAP Dikkat! Suç teşkil edecek, yasadışı, tehditkar, rahatsız edici, hakaret ve küfür içeren, aşağılayıcı, küçük düşürücü, kaba, müstehcen, ahlaka aykırı, kişilik haklarına zarar verici ya da benzeri niteliklerde içeriklerden doğan her türlü mali, hukuki, cezai, idari sorumluluk içeriği gönderen Üye/Üyeler’e aittir. Site Yorumları 0 Facebook Yorumları Haberi Facebook'ta Gör Yükleniyor... Diğer GÖNYELİ Haberleri GÖNYELİ okuma süresi: 2 dak. Yılmazköy’e 970 metrekarelik çok amaçlı alan kazandırıldı GÖNYELİ okuma süresi: 2 dak. Gönyeli-Alayköy Belediyesi'nin Çocuk Şenliği, Simge konseriy... GÖNYELİ okuma süresi: 1 dak. Polkestra bu akşam GAB Fest’te sahne alacak GÖNYELİ okuma süresi: 2 dak. Hüseyin Amcaoğlu: Park Yenikent çocukların neşesiyle hayat b... GÖNYELİ okuma süresi: 2 dak. Kuzey Kıbrıs Kentler Forumu, ""Bugünün Zorluklarını Yarının F... GÖNYELİ okuma süresi: 1 dak. KTMMOB heyeti Amcaoğlu'nu ziyaret etti: İş birlikleri ve ort... Haberi Facebook'ta Gör Yükleniyor... Alayköy Sanayi Bölgesi’ndeki yangın kontrol altında: 600 metrekarelik alandaki malzemeler zarar gördü Alayköy Sanayi Bölgesi’nde bir elektrik şirketine ait depoda çıkan yangın kontrol altına alındı. Söndürme ve soğutma çalışmalarının sürdüğü yangında, ilk tespitlere göre yaklaşık 600 metrekarelik alandaki muhtelif elektrik malzemeleri zarar gördü; çalışmalara farklı kurumların ekipleri ve su tankerleriyle destek verildi. Alayköy Sanayi Bölgesi’nde bir elektrik şirketine ait olan ve depo olarak kullanılan binada çıkan yangını söndürme ve soğutma çalışmaları sürüyor. Polisten verilen bilgiye göre, bugün saat 12.00 sıralarında henüz tespit edilemeyen sebepten dolayı çıkan yangın, kontrol altına alındı. Yangında ilk tespitlere göre yaklaşık 600 metrekarelik alandaki muhtelif elektrik malzemeleri küle döndü. Öte yandan, yangın söndürme çalışmalarına itfaiyenin yanı sıra, Sivil Savunma Teşkilat Başkanlığı ve Orman Dairesi ekipleri ile Lefkoşa Türk Belediyesi ile Gönyeli-Alayköy Belediyesi ekipleri de su tankerleriyle destek verdi. En güncel gelişmelerden hemen haberdar olmak için Yorum yapmak için GİRİŞ YAPMANIZ gerekmektedir Dikkat! Suç teşkil edecek, yasadışı, tehditkar, rahatsız edici, hakaret ve küfür içeren, aşağılayıcı, küçük düşürücü, kaba, müstehcen, ahlaka aykırı, kişilik haklarına zarar verici ya da benzeri niteliklerde içeriklerden doğan her türlü mali, hukuki, cezai, idari sorumluluk içeriği gönderen Üye/Üyeler’e aittir. 2001 © 2026 KIBRIS POSTASI | CITYPRESS YAYINCILIK LTD www.kibrispostasi.com internet sitesinde yayınlanan yazı, haber, video ve fotoğrafların her türlü hakkı CITYPRESS YAYINCILIK LTD’ye aittir. İzin alınmadan kullanılamaz... Kıbrıs Postası Gazetesi'nin hem basılı nüshasında hem de internet sitesinde yayınlanan yazı, haber ve fotoğrafların her türlü telif hakkı CityPress Yayıncılık Ltd.'e aittir. İzin alınmadan, kaynak gösterilerek dahi iktibas edilemez. İzin almak kaydı ile içeriği 3-4 cümlelik basın özeti şeklinde alıntılamanız ve kaynak olarak URL bağlantısı olan www.kibrispostasi.com'u göstermeniz talep edilmektedir. Kıbrıs Postası`nda yayınlanan okur yorumları okuyucuların kendilerine ait görüşleridir. Yazılan yorumlardan Kıbrıs Postası hiçbir şekilde sorumlu tutulamaz. Sitedeki tüm harici linkler ayrı bir sayfada açılır. Kıbrıs Postası harici linklerin sorumluluğunu almaz.","Alayköy Sanayi Bölgesi’ndeki yangın kontrol altında: 600 metrekarelik alandaki malzemeler zarar gördü Alayköy Sanayi Bölgesi’ndeki yangın kontrol altında: 600 metrekarelik alandaki malzemeler zarar gördü Kıbrıs Postası GÖNYELİ GÖNYELİ okuma süresi: 1 dak. Alayköy Sanayi Bölgesi’ndeki yangın kontrol altında: 600 metrekarelik alandaki malzemeler zarar gördü Alayköy Sanayi Bölgesi’nde bir elektrik şirketine ait depoda çıkan yangın kontrol altına alındı. Söndürme ve soğutma çalışmalarının sürdüğü yangında, ilk tespitlere göre yaklaşık 600 metrekarelik alandaki muhtelif elektrik malzemeleri zarar gördü; çalışmalara farklı kurumların ekipleri ve su tankerleriyle destek verildi. Yayın Tarihi: 08/10/26 14:13 Güncelleme Tarihi: 08/10/26 15:55 okuma süresi: 1 dak. 0 Like Paylaş Facebook'ta Gör A- A A+ Alayköy Sanayi Bölgesi’nde bir elektrik şirketine ait olan ve depo olarak kullanılan binada çıkan yangını söndürme ve soğutma çalışmaları sürüyor. Polisten verilen bilgiye göre, bugün saat 12.00 sıralarında henüz tespit edilemeyen sebepten dolayı çıkan yangın, kontrol altına alındı. Yangında ilk tespitlere göre yaklaşık 600 metrekarelik alandaki muhtelif elektrik malzemeleri küle döndü. Öte yandan, yangın söndürme çalışmalarına itfaiyenin yanı sıra, Sivil Savunma Teşkilat Başkanlığı ve Orman Dairesi ekipleri ile Lefkoşa Türk Belediyesi ile Gönyeli-Alayköy Belediyesi ekipleri de su tankerleriyle destek verdi. Suç teşkil edecek, yasadışı, tehditkar, rahatsız edici, hakaret ve küfür içeren, aşağılayıcı, küçük düşürücü, kaba, müstehcen, ahlaka aykırı, kişilik haklarına zarar verici ya da benzeri niteliklerde içeriklerden doğan her türlü mali, hukuki, cezai, idari sorumluluk içeriği gönderen Üye/Üyeler’e aittir. Yılmazköy’e 970 metrekarelik çok amaçlı alan kazandırıldı GÖNYELİ okuma süresi: 2 dak. Gönyeli-Alayköy Belediyesi'nin Çocuk Şenliği, Simge konseriy... GÖNYELİ okuma süresi: 1 dak. GÖNYELİ okuma süresi: 2 dak. Hür-İş: Çalışma Dairesi Müdürü siyasetin değil, toplumun mem... Alayköy Sanayi Bölgesi’nde bir elektrik şirketine ait olan ve depo olarak kullanılan binada çıkan yangını söndürme ve soğutma çalışmaları sürüyor. 2001 © 2026 KIBRIS POSTASI | CITYPRESS YAYINCILIK LTD www.kibrispostasi.com internet sitesinde yayınlanan yazı, haber, video ve fotoğrafların her türlü hakkı CITYPRESS YAYINCILIK LTD’ye aittir. Kıbrıs Postası Gazetesi'nin hem basılı nüshasında hem de internet sitesinde yayınlanan yazı, haber ve fotoğrafların her türlü telif hakkı CityPress Yayıncılık Ltd.'e aittir. İzin alınmadan, kaynak gösterilerek dahi iktibas edilemez. İzin almak kaydı ile içeriği 3-4 cümlelik basın özeti şeklinde alıntılamanız ve kaynak olarak URL bağlantısı olan www.kibrispostasi.com'u göstermeniz talep edilmektedir. Kıbrıs Postası harici linklerin sorumluluğunu almaz.",browser_full_article_dom,https://news.google.com/rss/articles/CBMixgFBVV95cUxQRllCVEJqdy1xZ0Q2THcwSi1NNzA1aGhXdk5SX2FXTS1vM1d3NFZ2dGJjdV9nNWZpSS1yMTNUWG9SZjNlYklWVVJoQWc3Z3lwYnMtUkx3b051ZUN1RFhpU0hUX3VqRmY3bF90UUlRcHB6aGtsd2RHUk1mMGJ5cnJ4TWZoQU5NUnhhUVMxd0xsOUcyQXlyUUVNZ2NfeGNEMHRNRExMWU93Zzk0YXlrb2dSREtmNU9rdG9XTHk5d0M2eHJ6UXhkUVE?oc=5&hl=tr&gl=TR&ceid=TR:tr,,,,,,Alayköy Sanayi,Alayköy Sanayi:292:body+summary+title,il yok | ilçe yok | faaliyet/tesis yok,Alayköy Sanayi Türkiye,Alayköy Sanayi Bölgesi,Alayköy Sanayi Bölgesi,firma adı + güvenli maps adayı var,100.0,,216.5,8
2026-10-04 16:11:30,depo yangını,Fiziksel Risk / Yangın,Ho Chi Minh şehrinde 1000 metrekareden fazla alana sahip bir depoda yangın çıktı.,Ho Chi Minh şehrinde 1000 metrekareden fazla alana sahip bir depoda yangın çıktı. Vietnam.vn,https://news.google.com/rss/articles/CBMid0FVX3lxTE5NU2xpaTNJTmV0QW5VRXVPc0ZJT2JLZ214TllETHBVYlA2bWtZUDNnWk5JZ3M0V3Qtc1ZQY3R2b0l4RDNsZnFDQ1o2SmRrM0wzeURLWmdUdFJSYUJFczZtMUdVQnE5dzFTdjgzN0dveGk1Y3U5SlBJ?oc=5,depo,depo,Ho Chi Minh şehrinde 1000 metrekareden fazla alana sahip bir depoda yangın çıktı. Vietnam.vn,Ho Chi Minh şehrinde 1000 metrekareden fazla alana sahip bir depoda yangın çıktı. Ho Chi Minh şehrinde 1000 metrekareden fazla alana sahip bir depoda yangın çıktı. Vietnam.vn Ho Chi Minh şehrinde 1000 metrekareden fazla alana sahip bir depoda yangın çıktı.,browser_failed,https://news.google.com/rss/articles/CBMid0FVX3lxTE5NU2xpaTNJTmV0QW5VRXVPc0ZJT2JLZ214TllETHBVYlA2bWtZUDNnWk5JZ3M0V3Qtc1ZQY3R2b0l4RDNsZnFDQ1o2SmRrM0wzeURLWmdUdFJSYUJFczZtMUdVQnE5dzFTdjgzN0dveGk1Y3U5SlBJ?oc=5&hl=tr&gl=TR&ceid=TR:tr,,,,,,,,il yok | ilçe yok | firma yok | faaliyet/tesis yok,,,,maps araması yapılmadı,,,80.42,9
2026-10-09 09:54:00,yangın,Fiziksel Risk / Yangın,İstanbul'da zincir marketin deposunda yangın,İstanbul'da zincir marketin deposunda yangın Cumhuriyet,https://news.google.com/rss/articles/CBMilAFBVV95cUxNNWJDNEJKMjNWVVptNEsyWUpuUFd3b1pTUWdTNVFIRndldFFNZ0JDSHJKZGMyUXBtdUNtZWgxLTFyRW1DWDNlVnpjMWhYdWluTjBmTV9LR0tJa09XLTl6VkVrZ2k2dHFOTzYtS1JRdTk1b1FmbDRsSEVpUUtRTkM1NkszMU14ZnlPN2ZfRHAyRTBUbE55?oc=5,depo,depo,"Büyükçekmece’de 4 katlı binanın alt katında bulunan marketin deposunda çıkan yangın itfaiye ekipleri tarafından söndürüldü. Yangında yaralanan olmazken markette hasar meydana geldi. Büyükçekmece’de 4 katlı binanın alt katında bulunan marketin deposunda çıkan yangın itfaiye ekipleri tarafından söndürüldü. Yangında yaralanan olmazken markette hasar meydana geldi. Büyükçekmece’de 4 katlı binanın alt katında bulunan marketin deposunda çıkan yangın itfaiye ekipleri tarafından söndürüldü. Yangında yaralanan olmazken markette hasar meydana geldi. Ekinoba Mahallesi Kaynarca Sokak’ta bulunan 4 katlı binanın alt katındaki market deposunda henüz bilinmeyen bir nedenle yangın çıktı. Dumanları görenler durumu polise ve itfaiyeye bildirdi. Binada bulunanlar ise kendi imkânlarıyla tahliye oldu. İhbar üzerine olay yerine itfaiye, sağlık ve polis ekipleri sevk edildi. İtfaiye ekiplerinin müdahalesiyle yangın kısa sürede söndürüldü. Olayda yaralanan olmazken markette hasar meydana geldi. Hava Durumu Namaz Vakitleri İstanbul'da zincir marketin deposunda yangın Takip Et: Pay","İstanbul'da zincir marketin deposunda yangın İstanbul'da zincir marketin deposunda yangın Cumhuriyet Büyükçekmece’de 4 katlı binanın alt katında bulunan marketin deposunda çıkan yangın itfaiye ekipleri tarafından söndürüldü. Yangında yaralanan olmazken markette hasar meydana geldi. Ekinoba Mahallesi Kaynarca Sokak’ta bulunan 4 katlı binanın alt katındaki market deposunda henüz bilinmeyen bir nedenle yangın çıktı. Dumanları görenler durumu polise ve itfaiyeye bildirdi. Binada bulunanlar ise kendi imkânlarıyla tahliye oldu. İhbar üzerine olay yerine itfaiye, sağlık ve polis ekipleri sevk edildi. İtfaiye ekiplerinin müdahalesiyle yangın kısa sürede söndürüldü. Olayda yaralanan olmazken markette hasar meydana geldi. Hava Durumu Namaz Vakitleri İstanbul'da zincir marketin deposunda yangın Takip Et: Pay",browser_full_article,https://www.cumhuriyet.com.tr/turkiye/istanbul-da-zincir-marketin-deposunda-yangin-2545102,İstanbul,Büyükçekmece,Ekinoba Mahallesi,,,,,firma yok | faaliyet/tesis yok,,,,maps araması yapılmadı,,,104.46,10
2026-10-05 14:16:11,depo yangını,Fiziksel Risk / Yangın,Kemerburgaz'da korkutan yangın: Yediemin deposu küle döndü,Kemerburgaz'da korkutan yangın: Yediemin deposu küle döndü Havadis,https://news.google.com/rss/articles/CBMimwFBVV95cUxNLXFnS25nd1NSS2YtSWxCOGNNZUk3NGNDS2hrekRpeEpPVjZKOHQxUE5scmJiQjBGUUlTVlhmWHdVeEZRNURCR25WRUx1WGdZRVFQUTZONzdnZ24yb3hlcGk1bTBHbjNKMEtmbEV1SkJuUW4yRWRHTlgwN01PTmUxdi1UR3J2U2g0ampUSFpjSTdndUtJSk1lR05xZw?oc=5,depo,depo,Kemerburgaz'da korkutan yangın: Yediemin deposu küle döndü Havadis,Kemerburgaz'da korkutan yangın: Yediemin deposu küle döndü Kemerburgaz'da korkutan yangın: Yediemin deposu küle döndü Havadis Kemerburgaz'da korkutan yangın: Yediemin deposu küle döndü Havadis,browser_failed,https://news.google.com/rss/articles/CBMimwFBVV95cUxNLXFnS25nd1NSS2YtSWxCOGNNZUk3NGNDS2hrekRpeEpPVjZKOHQxUE5scmJiQjBGUUlTVlhmWHdVeEZRNURCR25WRUx1WGdZRVFQUTZONzdnZ24yb3hlcGk1bTBHbjNKMEtmbEV1SkJuUW4yRWRHTlgwN01PTmUxdi1UR3J2U2g0ampUSFpjSTdndUtJSk1lR05xZw?oc=5&hl=tr&gl=TR&ceid=TR:tr,,,,,Yediemin deposu,,,il yok | ilçe yok | firma yok,,,,maps araması yapılmadı,,,78.16,11
2026-10-08 12:35:03,depo yangını,Fiziksel Risk / Yangın,ALAYKÖY SANAYİ BÖLGESİ’NDE YANGIN ÇIKTI600 METREKARELİK ALAN KÜLE DÖNDÜ,ALAYKÖY SANAYİ BÖLGESİ’NDE YANGIN ÇIKTI600 METREKARELİK ALAN KÜLE DÖNDÜ Kibris Haberci,https://news.google.com/rss/articles/CBMiowFBVV95cUxOVFJuS1FHcE9mUWFEYnllS2tiTVBmRlF3bndHYUNFSFk0LUtSMVpmS1hncGlKcThhQzAzSHltcm9pOTZKaXc2QmQxSmZJdWs2MmZ4aDZNbzkza3Bwd1hkeFA3ekZmMjBnUFI0MDVrc1hCNjl5Q19WWGp3ODhsTjNmNHAwYTVyUC1LTkVPeHlESzdzV2ppZHE3dVk3UDdUeWE3UUlV?oc=5,sanayi,,"Haberler Kıbrıs ALAYKÖY SANAYİ BÖLGESİ’NDE YANGIN ÇIKTI600 METREKARELİK ALAN KÜLE DÖNDÜ ALAYKÖY SANAYİ BÖLGESİ’NDE YANGIN ÇIKTI600 METREKARELİK ALAN KÜLE DÖNDÜ 8 Ekim 2026, 15:35 yayınlandı 0dk, 38sn 0 8 Ekim 2026, 15:35 yayınlandı 0dk, 38sn 0 8 Ekim 2026, 15:35 yayınlandı 0 Paylaş Bu Yazıyı Paylaş Facebook X WhatsApp WhatsApp Paylaş veya linki kopyala Kopyala Beğen ALAYKÖY SANAYİ BÖLGESİ’NDE YANGIN ÇIKTI600 METREKARELİK ALAN KÜLE DÖNDÜ Alayköy Sanayi Bölgesi’nde bir elektrik şirketine ait depo olarak kullanılan binada çıkan yangını söndürme ve soğutma çalışmaları devam ediyor. Polisten verilen bilgiye göre, bugün saat 12.00 sıralarında henüz tespit edilemeyen bir sebepten dolayı çıkan yangın, kontrol altına alındı. Yangında ilk tespitlere göre yaklaşık 600 metrekarelik alandaki muhtelif elektrik malzemeleri küle döndü. Öte yandan, yangın söndürme çalışmalarına itfaiyenin yanı sıra, Sivil Savunma Teşkilat Başkanlığı ve Orman Dairesi ekipleri ile Lefkoşa Türk Belediyesi ile Gönyeli-Alayköy Belediyesi ekipleri de su tankerleriyle destek verdi. Post Views: 67 Beğendim Harika Haha Vay Üzgün Kızgın ALAYKÖY SANAYİ BÖLGESİ’NDE YANGIN ÇIKTI600 METREKARELİK ALAN KÜLE DÖNDÜ Normal (100%) Yazı Boyutunu Ayarla Okuma rahatlığı için seçin Küçük 100% Dev Varsayılana dön 0 Paylaş Haberle ilgili daha fazlası #Alan#Alayköy#bölgesinde#ÇIKTI600#döndü#Küle#METREKARELİK#Sanayi#YANGIN Servisler Nöbetçi Eczaneler Hava DurumuHava DurumuPuan DurumuPuan DurumuGazetelerGazete Manşetleri Bu Yazıyı Paylaş Facebook X WhatsApp WhatsApp Paylaş veya linki kopyala Kopyala ALAYKÖY SANAYİ BÖLGESİ’NDE YANGIN ÇIKTI600 METREKARELİK ALAN KÜLE DÖNDÜ Alayköy Sanayi Bölgesi’nde bir elektrik şirketine ait depo olarak kullanılan binada çıkan yangını söndürme ve soğutma çalışmaları devam ediyor. Polisten verilen bilgiye göre, bugün saat 12.00 sıralarında henüz tespit edilemeyen bir sebepten dolayı çıkan yangın, kontrol altına alındı. Yangında ilk tespitlere göre yaklaşık 600 metrekarelik alandaki muhtelif elektrik malzemeleri küle döndü. Öte yandan, yangın söndürme çalışmalarına itfaiyenin yanı sıra, Sivil Savunma Teşkilat Başkanlığı ve Orman Dairesi ekipleri ile Lefkoşa Türk Belediyesi ile Gönyeli-Alayköy Belediyesi ekipleri de su tankerleriyle destek verdi. Post Views: 67 Alayköy Sanayi Bölgesi’nde bir elektrik şirketine ait depo olarak kullanılan binada çıkan yangını söndürme ve soğutma çalışmaları devam ediyor. Polisten verilen bilgiye göre, bugün saat 12.00 sıralarında henüz tespit edilemeyen bir sebepten dolayı çıkan yangın, kontrol altına alındı. Yangında ilk tespitlere göre yaklaşık 600 metrekarelik alandaki muhtelif elektrik malzemeleri küle döndü. Öte yandan, yangın söndürme çalışmalarına itfaiyenin yanı sıra, Sivil Savunma Teşkilat Başkanlığı ve Orman Dairesi ekipleri ile Lefkoşa Türk Belediyesi ile Gönyeli-Alayköy Belediyesi ekipleri de su tankerleriyle destek verdi. ALAYKÖY SANAYİ BÖLGESİ’NDE YANGIN ÇIKTI600 METREKARELİK ALAN KÜLE DÖNDÜ Normal (100%) Yazı Boyutunu Ayarla Okuma rahatlığı için seçin Küçük 100% Dev Varsayılana dön 0 Paylaş Normal (100%) Yazı Boyutunu Ayarla Okuma rahatlığı için seçin Küçük 100% Dev Varsayılana dön 0 Paylaş Yazı Boyutunu Ayarla Okuma rahatlığı için seçin Küçük 100% Dev Varsayılana dön Kıbrıs HAFTA SONU YAĞMURLU GEÇECEK: PAZAR HAFİF YAĞIŞ, PAZARTESİ SAĞANAK BEKLENİYOR 4 dakika önce Meteoroloji Dairesi, pazar günü kısa süreli hafif yağış, pazartesi ise sağanak beklendiğini duyurdu. Meteoroloji Dairesi’nin 10-16... Kıbrıs 504 GRAM UYUŞTURUCU ALDIĞINI İTİRAF ETTİ: 7 GÜN DAHA TUTUKLU 9 dakika önce Hamitköy’de meydana gelen “Kanunsuz Uyuşturucu Madde (Hint Keneviri) Alma, Tasarruf ve Verme” suçlarından tutuklanan E.C.E., yeniden... Kıbrıs ERTUĞRULOĞLU, TDT’NİN İSTANBUL’DAKİ RESEPSİYONUNA KATILDI 11 dakika önce Dışişleri Bakanı Tahsin Ertuğruloğlu, 3 Ekim Türk Devletleri İşbirliği Günü ve Türk Devletleri Teşkilatı (TDT) Genel... Kıbrıs LEFKOŞA’DA 48 GRAM HİNT KENEVİRİ: 2 ZANLI TEMİNATA BAĞLANDI, 1 ZANLI CEZAEVİNE GÖNDERİLDİ 15 dakika önce Lefkoşa’da meydana gelen “Kanunsuz Uyuşturucu Madde Tasarrufu” suçlarından tutuklanan M.A.A.A., A.A.B.E. ve A.E.H.E. yeniden mahkemeye çıkarıldı.... Kıbrıs MOONSTAR DÖVİZ BÜROSU’NDA SİRKAT İDDİASI: D.B. YENİDEN MAHKEMEDE 17 dakika önce Lefkoşa’da meydana gelen “Müstahdem Tarafından Sirkat” meselesiyle ilgili olarak tutuklanan D.B., yeniden mahkeme huzuruna çıkarıldı. Mahkemede... Kıbrıs GİRNE’DE 8 YAŞINDAKİ ÇOCUĞA CİNSEL İSTİSMAR İDDİASI: 79 YAŞINDAKİ ZANLI TEMİNATLA SERBEST 35 dakika önce Girne’de 8 yaşındaki bir kız çocuğuna yönelik cinsel taciz ve istismar iddiaları üzerine tutuklanan 79 yaşındaki... Kıbrıs HAFTA SONU YAĞMURLU GEÇECEK: PAZAR HAFİF YAĞIŞ, PAZARTESİ SAĞANAK BEKLENİYOR Kıbrıs 504 GRAM UYUŞTURUCU ALDIĞINI İTİRAF ETTİ: 7 GÜN DAHA TUTUKLU Kıbrıs ERTUĞRULOĞLU, TDT’NİN İSTANBUL’DAKİ RESEPSİYONUNA KATILDI Kıbrıs LEFKOŞA’DA 48 GRAM HİNT KENEVİRİ: 2 ZANLI TEMİNATA BAĞLANDI, 1 ZANLI CEZAEVİNE GÖNDERİLDİ Kıbrıs MOONSTAR DÖVİZ BÜROSU’NDA SİRKAT İDDİASI: D.B. YENİDEN MAHKEMEDE Kıbrıs GİRNE’DE 8 YAŞINDAKİ ÇOCUĞA CİNSEL İSTİSMAR İDDİASI: 79 YAŞINDAKİ ZANLI TEMİNATLA SERBEST Kıbrıs BAŞBAKANLIK AÇIKLADIÜÇ NAAŞIN KİMLİĞİ TESPİT EDİLDİ Türkiye AK Parti Genel Sekreteri İnan: Partimize ve hükümetimize operasyon çektirmeyiz Kıbrıs GEMİ FACİASINDA 3 NAAŞIN KİMLİĞİ BELİRLENDİ Spor Fotoğrafıyla gündem olan voleybolcu Meryem Cabbaroğlu konuştu: Annem Rus, babam Yozgatlı ALAYKÖY SANAYİ BÖLGESİ’NDE YANGIN ÇIKTI600 METREKARELİK ALAN KÜLE DÖNDÜ Eşleşen araç bulunamadı. Enter ile sitede arayın. Alayköy Sanayi Bölgesi’nde bir elektrik şirketine ait depo olarak kullanılan binada çıkan yangını söndürme ve soğutma çalışmaları devam ediyor. Polisten verilen bilgiye göre, bugün saat 12.00 sıralarında henüz tespit edilemeyen bir sebepten dolayı çıkan yangın, kontrol altına alındı. Yangında ilk tespitlere göre yaklaşık 600 metrekarelik alandaki muhtelif elektrik malzemeleri küle döndü. Öte yandan, yangın söndürme çalışmalarına itfaiyenin yanı sıra, Sivil Savunma Teşkilat Başkanlığı ve Orman Dairesi ekipleri ile Lefkoşa Türk Belediyesi ile Gönyeli-Alayköy Belediyesi ekipleri de su tankerleriyle destek verdi. Meteoroloji Dairesi, pazar günü kısa süreli hafif yağış, pazartesi ise sağanak beklendiğini duyurdu. Meteoroloji Dairesi’nin 10-16... Hamitköy’de meydana gelen “Kanunsuz Uyuşturucu Madde (Hint Keneviri) Alma, Tasarruf ve Verme” suçlarından tutuklanan E.C.E., yeniden... Dışişleri Bakanı Tahsin Ertuğruloğlu, 3 Ekim Türk Devletleri İşbirliği Günü ve Türk Devletleri Teşkilatı (TDT) Genel... Lefkoşa’da meydana gelen “Kanunsuz Uyuşturucu Madde Tasarrufu” suçlarından tutuklanan M.A.A.A., A.A.B.E. ve A.E.H.E. yeniden mahkemeye çıkarıldı.... Lefkoşa’da meydana gelen “Müstahdem Tarafından Sirkat” meselesiyle ilgili olarak tutuklanan D.B., yeniden mahkeme huzuruna çıkarıldı. Mahkemede... Girne’de 8 yaşındaki bir kız çocuğuna yönelik cinsel taciz ve istismar iddiaları üzerine tutuklanan 79 yaşındaki... Daha fazla gösterilecek yazı bulunamadı!","ALAYKÖY SANAYİ BÖLGESİ’NDE YANGIN ÇIKTI600 METREKARELİK ALAN KÜLE DÖNDÜ ALAYKÖY SANAYİ BÖLGESİ’NDE YANGIN ÇIKTI600 METREKARELİK ALAN KÜLE DÖNDÜ Kibris Haberci Haberler Kıbrıs ALAYKÖY SANAYİ BÖLGESİ’NDE YANGIN ÇIKTI600 METREKARELİK ALAN KÜLE DÖNDÜ ALAYKÖY SANAYİ BÖLGESİ’NDE YANGIN ÇIKTI600 METREKARELİK ALAN KÜLE DÖNDÜ 8 Ekim 2026, 15:35 yayınlandı 0dk, 38sn 0 8 Ekim 2026, 15:35 yayınlandı 0dk, 38sn 0 8 Ekim 2026, 15:35 yayınlandı 0 Paylaş Bu Yazıyı Paylaş Facebook X WhatsApp WhatsApp Paylaş veya linki kopyala Kopyala Beğen ALAYKÖY SANAYİ BÖLGESİ’NDE YANGIN ÇIKTI600 METREKARELİK ALAN KÜLE DÖNDÜ Alayköy Sanayi Bölgesi’nde bir elektrik şirketine ait depo olarak kullanılan binada çıkan yangını söndürme ve soğutma çalışmaları devam ediyor. Polisten verilen bilgiye göre, bugün saat 12.00 sıralarında henüz tespit edilemeyen bir sebepten dolayı çıkan yangın, kontrol altına alındı. Yangında ilk tespitlere göre yaklaşık 600 metrekarelik alandaki muhtelif elektrik malzemeleri küle döndü. Öte yandan, yangın söndürme çalışmalarına itfaiyenin yanı sıra, Sivil Savunma Teşkilat Başkanlığı ve Orman Dairesi ekipleri ile Lefkoşa Türk Belediyesi ile Gönyeli-Alayköy Belediyesi ekipleri de su tankerleriyle destek verdi. Post Views: 67 Beğendim Harika Haha Vay Üzgün Kızgın ALAYKÖY SANAYİ BÖLGESİ’NDE YANGIN ÇIKTI600 METREKARELİK ALAN KÜLE DÖNDÜ Normal (100%) Yazı Boyutunu Ayarla Okuma rahatlığı için seçin Küçük 100% Dev Varsayılana dön 0 Paylaş Haberle ilgili daha fazlası #Alan#Alayköy#bölgesinde#ÇIKTI600#döndü#Küle#METREKARELİK#Sanayi#YANGIN Servisler Nöbetçi Eczaneler Hava DurumuHava DurumuPuan DurumuPuan DurumuGazetelerGazete Manşetleri Bu Yazıyı Paylaş Facebook X WhatsApp WhatsApp Paylaş veya linki kopyala Kopyala ALAYKÖY SANAYİ BÖLGESİ’NDE YANGIN ÇIKTI600 METREKARELİK ALAN KÜLE DÖNDÜ Alayköy Sanayi Bölgesi’nde bir elektrik şirketine ait depo olarak kullanılan binada çıkan yangını söndürme ve soğutma çalışmaları devam ediyor. Post Views: 67 Alayköy Sanayi Bölgesi’nde bir elektrik şirketine ait depo olarak kullanılan binada çıkan yangını söndürme ve soğutma çalışmaları devam ediyor. ALAYKÖY SANAYİ BÖLGESİ’NDE YANGIN ÇIKTI600 METREKARELİK ALAN KÜLE DÖNDÜ Normal (100%) Yazı Boyutunu Ayarla Okuma rahatlığı için seçin Küçük 100% Dev Varsayılana dön 0 Paylaş Normal (100%) Yazı Boyutunu Ayarla Okuma rahatlığı için seçin Küçük 100% Dev Varsayılana dön 0 Paylaş Yazı Boyutunu Ayarla Okuma rahatlığı için seçin Küçük 100% Dev Varsayılana dön Kıbrıs HAFTA SONU YAĞMURLU GEÇECEK: PAZAR HAFİF YAĞIŞ, PAZARTESİ SAĞANAK BEKLENİYOR 4 dakika önce Meteoroloji Dairesi, pazar günü kısa süreli hafif yağış, pazartesi ise sağanak beklendiğini duyurdu. Kıbrıs 504 GRAM UYUŞTURUCU ALDIĞINI İTİRAF ETTİ: 7 GÜN DAHA TUTUKLU 9 dakika önce Hamitköy’de meydana gelen “Kanunsuz Uyuşturucu Madde (Hint Keneviri) Alma, Tasarruf ve Verme” suçlarından tutuklanan E.C.E., yeniden... Kıbrıs ERTUĞRULOĞLU, TDT’NİN İSTANBUL’DAKİ RESEPSİYONUNA KATILDI 11 dakika önce Dışişleri Bakanı Tahsin Ertuğruloğlu, 3 Ekim Türk Devletleri İşbirliği Günü ve Türk Devletleri Teşkilatı (TDT) Genel... Kıbrıs LEFKOŞA’DA 48 GRAM HİNT KENEVİRİ: 2 ZANLI TEMİNATA BAĞLANDI, 1 ZANLI CEZAEVİNE GÖNDERİLDİ 15 dakika önce Lefkoşa’da meydana gelen “Kanunsuz Uyuşturucu Madde Tasarrufu” suçlarından tutuklanan M.A.A.A., A.A.B.E. Kıbrıs MOONSTAR DÖVİZ BÜROSU’NDA SİRKAT İDDİASI: D.B. Kıbrıs GİRNE’DE 8 YAŞINDAKİ ÇOCUĞA CİNSEL İSTİSMAR İDDİASI: 79 YAŞINDAKİ ZANLI TEMİNATLA SERBEST 35 dakika önce Girne’de 8 yaşındaki bir kız çocuğuna yönelik cinsel taciz ve istismar iddiaları üzerine tutuklanan 79 yaşındaki... Kıbrıs HAFTA SONU YAĞMURLU GEÇECEK: PAZAR HAFİF YAĞIŞ, PAZARTESİ SAĞANAK BEKLENİYOR Kıbrıs 504 GRAM UYUŞTURUCU ALDIĞINI İTİRAF ETTİ: 7 GÜN DAHA TUTUKLU Kıbrıs ERTUĞRULOĞLU, TDT’NİN İSTANBUL’DAKİ RESEPSİYONUNA KATILDI Kıbrıs LEFKOŞA’DA 48 GRAM HİNT KENEVİRİ: 2 ZANLI TEMİNATA BAĞLANDI, 1 ZANLI CEZAEVİNE GÖNDERİLDİ Kıbrıs MOONSTAR DÖVİZ BÜROSU’NDA SİRKAT İDDİASI: D.B. YENİDEN MAHKEMEDE Kıbrıs GİRNE’DE 8 YAŞINDAKİ ÇOCUĞA CİNSEL İSTİSMAR İDDİASI: 79 YAŞINDAKİ ZANLI TEMİNATLA SERBEST Kıbrıs BAŞBAKANLIK AÇIKLADIÜÇ NAAŞIN KİMLİĞİ TESPİT EDİLDİ Türkiye AK Parti Genel Sekreteri İnan: Partimize ve hükümetimize operasyon çektirmeyiz Kıbrıs GEMİ FACİASINDA 3 NAAŞIN KİMLİĞİ BELİRLENDİ Spor Fotoğrafıyla gündem olan voleybolcu Meryem Cabbaroğlu konuştu: Annem Rus, babam Yozgatlı ALAYKÖY SANAYİ BÖLGESİ’NDE YANGIN ÇIKTI600 METREKARELİK ALAN KÜLE DÖNDÜ Eşleşen araç bulunamadı. Alayköy Sanayi Bölgesi’nde bir elektrik şirketine ait depo olarak kullanılan binada çıkan yangını söndürme ve soğutma çalışmaları devam ediyor. Meteoroloji Dairesi, pazar günü kısa süreli hafif yağış, pazartesi ise sağanak beklendiğini duyurdu. Hamitköy’de meydana gelen “Kanunsuz Uyuşturucu Madde (Hint Keneviri) Alma, Tasarruf ve Verme” suçlarından tutuklanan E.C.E., yeniden... Lefkoşa’da meydana gelen “Kanunsuz Uyuşturucu Madde Tasarrufu” suçlarından tutuklanan M.A.A.A., A.A.B.E. Girne’de 8 yaşındaki bir kız çocuğuna yönelik cinsel taciz ve istismar iddiaları üzerine tutuklanan 79 yaşındaki...",browser_full_article_dom,https://news.google.com/rss/articles/CBMiowFBVV95cUxOVFJuS1FHcE9mUWFEYnllS2tiTVBmRlF3bndHYUNFSFk0LUtSMVpmS1hncGlKcThhQzAzSHltcm9pOTZKaXc2QmQxSmZJdWs2MmZ4aDZNbzkza3Bwd1hkeFA3ekZmMjBnUFI0MDVrc1hCNjl5Q19WWGp3ODhsTjNmNHAwYTVyUC1LTkVPeHlESzdzV2ppZHE3dVk3UDdUeWE3UUlV?oc=5&hl=tr&gl=TR&ceid=TR:tr,,,,,,,,il yok | ilçe yok | firma yok | faaliyet/tesis yok,,,,maps araması yapılmadı,,,88.0,12
2026-10-09 00:30:58,para aklama,Kara Para / MASAK / Bahis,"Güven fonu şirketleri, kara para aklama şüphesiyle kripto para zenginlerini geri çeviriyor","Güven fonu şirketleri, kara para aklama şüphesiyle kripto para zenginlerini geri çeviriyor NTV Haber",https://news.google.com/rss/articles/CBMi0AFBVV95cUxNNWxtSGxUc01iamlOaktuREtVZW9JYjZsN1h2Y1k5aHhMV2l3X0Z1RWpZY0ltcE9OdDdwZVZmZmFvYk1JamJFak9xVHJyUjBXMTRsVnV3Y2Q0UGNaM3JncUFvQVZUVTNWOXQ5X0hFc3FsZHVnX3ZSdE5VaGFEaC1UeU5heGtwMk9rZ3c5VlNNcnZJQWlzZG9nWkc0SVBhMTdCaE9KTWhMdHRQcFlaX1RjMDlMRzNDcmtNbkdvUDE0THB5S0F1UFlSZlVPT2h4aDB0?oc=5,şirket,şirket / firma,"Geleneksel açıdan muhafazakâr olan mütevelli heyeti üyeleri, dijital varlıkların oynaklığı, şeffaf olmaması ve düzenleme eksikliği nedeniyle bu tür varlıkların sahiplerine güvenmekte zorluk yaşıyor. Geleneksel açıdan muhafazakâr olan mütevelli heyeti üyeleri, dijital varlıkların oynaklığı, şeffaf olmaması ve düzenleme eksikliği nedeniyle bu tür varlıkların sahiplerine güvenmekte zorluk yaşıyor. Geleneksel açıdan muhafazakâr olan mütevelli heyeti üyeleri, dijital varlıkların oynaklığı, şeffaf olmaması ve düzenleme eksikliği nedeniyle bu tür varlıkların sahiplerine güvenmekte zorluk yaşıyor. Menüyü Aç Canlı İzle Son Dakika NTV İstanbul 24° Arama Aç Güven fonu şirketleri, kara para aklama şüphesiyle kripto para zenginlerini geri çeviriyor 10.09.2026 09:47 NTV.com.tr - Haber Merkezi Paylaş Geleneksel açıdan muhafazakâr olan mütevelli heyeti üyeleri, dijital varlıkların oynaklığı, şeffaf olmaması ve düzenleme eksikliği nedeniyle bu tür varlıkların sahiplerine güvenmekte zorluk yaşıyor. iStockPhoto Zengin kripto girişimcileri ve yatırımcıları, dijital varlıklarla ilişkili oynaklık ve kara para aklama risklerinden endişe duyan güven şirketleri tarafından giderek daha fazla geri çevriliyor. Miras yoluyla edindikleri servetlerini kripto paralara yatıran veya kripto işletmelerinden büyük kazançlar elde eden giderek artan sayıda yatırımcı, varlıklarını gelecek nesiller için korumak veya vergi tasarrufu sağlamak amacıyla denizaşırı bir güven yapısına yerleştirmenin yollarını arıyor. Financial Times'in haberine göre, avukatlar ve mütevelli heyetleri, güven şirketlerinin hem değişken dijital token'ları hem de bu varlıkların satışından elde edilecek potansiyel olarak şeffaf olmayan karları kabul etmek konusunda endişelenmeye başladığını belirtiyor. Withers hukuk firmasının ortağı Charlie Tee, ""Bence birçok mütevelli heyeti üyesi kripto para tutma konusunda rahatsızlık duyuyor ve karşılaştığım kişilerin sadece bir avuç kadarı bunu yapmaktan memnun olduğunu söylüyor."" dedi. Dünyanın en büyük kripto para birimi olan Bitcoin'in fiyatı, yaklaşık bir yıl önce ulaştığı 126 bin doların üzerindeki zirve seviyesinden oldukça uzakta olsa da, koronavirüs pandemisi sırasında ve Donald Trump'ın ABD başkanlığına ikinci dönemine giden süreçteki yükseliş trendleri, yatırımcılara büyük sermaye kazançları elde etmek için bolca fırsat sağladı. iStockPhoto KAYNAĞI BELİRSİZ SERVETLER FAZLA RİSKLİ GÖRÜLÜYOR Zengin aileler, varlıklarını gelecek nesiller için korumak amacıyla genellikle yurt dışında bulunan vakıflara devrederek sorumsuz mirasçıların bu varlıklara el koymasına engel olurlar. Ayrıca vakıflar, bir kişinin mal varlığını küçülterek miras vergisi tasarrufu da sağlayabilir. Ancak, kripto para birimiyle büyük servete sahip birçok kişi bu yapıları kullanmaya hevesliyken, danışmanlar ve avukatlar, kripto paralarla ilişkili kara para aklama riskleri, fiyatlarındaki büyük dalgalanmalar ve sektördeki kapsamlı düzenleme eksikliğinin mütevellileri caydırdığını ifade ediyor. Winston Taylor hukuk firmasının ortağı Ronald Graham, zengin ailelerin genç nesillerinin, güven şirketlerinden servetlerini kripto paralarda tutmalarını istediklerini gördüğünü ve bunun bazıları tarafından olumsuz tepkilerle karşılandığını belirtti. Farrer & Co'da ortak olan Claire Randall, kripto paraların bir tröst içine aktarılması durumunda, tröst yöneticilerinin paranın suç gelirlerinden gelmediğinden emin olmak için, bu paraları satın almak için kullanılan servetin kaynağını doğrulamaları gerekeceğini söyledi. ""Kripto paranın doğası gereği bu daha zor, düzenlenmiş piyasaların dışında olduğu için yüksek riskli olarak görülüyor."" dedi Randall. Reuters BAZI DANIŞMANLAR KRİPTO DÜNYASINA UYUM SAĞLIYOR Öte yandan, az sayıdaki güven şirketi ise kripto para birimleri konusunda uzmanlaşarak dijital varlıklardan kaynaklanan riskleri ortadan kaldıracak yeni yöntemler bulma konusunda kararlı. Birleşik Arap Emirlikleri merkezli Cavenwell Group'un CEO'su Andrew Horbury, ""Dijital varlıkları taramak için artık çok sayıda, yüksek kaliteli ve gelişmiş araç mevcut"" dedi. Bunlar arasında, kripto para biriminin satın alındığı zamanki işlemlere bakmak ve bu işlemlerin analiz edilen varlıkların değeriyle örtüşüp örtüşmediğini kontrol etmek için geriye dönük testler yapmak yer alıyor. Horbury, iyi eğitimli ve uyumluluğa sadece formalite icabı yaklaşmayan danışmanlarla birleştiğinde, bu yöntemlerin kripto para kabul etmeyi daha az riskli hale getirdiğini de sözlerine ekledi. Ancak, çoğu mütevelli heyeti üyesi dijital varlıkları uzun vadeli görevleriyle bağdaştırmakta zorlanıyor. Farrer & Co'dan Randall, ""Şimdiki neslin bu riski almak istemesinde bir sorun yok,"" dedi. Ancak kripto para yatırımlarının daha güvenli varlık yatırımlarına kıyasla daha düşük kar sağlama ihtimalinden dolayı gelecek nesillerin, varlık fonlarının düzgün yönetemedikleri gerekçesiyle mütevellileri suçlamasının güven fonu şirketleri açısından riski bir olasılık doğurduğuna dikkat çekti Randall. Kripto - Kripto Para - Dijital - Dijital pazarlama - Miras - Banka - Kara para Zengin kripto girişimcileri ve yatırımcıları, dijital varlıklarla ilişkili oynaklık ve kara para aklama risklerinden endişe duyan güven şirketleri tarafından giderek daha fazla geri çevriliyor. Miras yoluyla edindikleri servetlerini kripto paralara yatıran veya kripto işletmelerinden büyük kazançlar elde eden giderek artan sayıda yatırımcı, varlıklarını gelecek nesiller için korumak veya vergi tasarrufu sağlamak amacıyla denizaşırı bir güven yapısına yerleştirmenin yollarını arıyor. Financial Times'in haberine göre, avukatlar ve mütevelli heyetleri, güven şirketlerinin hem değişken dijital token'ları hem de bu varlıkların satışından elde edilecek potansiyel olarak şeffaf olmayan karları kabul etmek konusunda endişelenmeye başladığını belirtiyor. Withers hukuk firmasının ortağı Charlie Tee, ""Bence birçok mütevelli heyeti üyesi kripto para tutma konusunda rahatsızlık duyuyor ve karşılaştığım kişilerin sadece bir avuç kadarı bunu yapmaktan memnun olduğunu söylüyor."" dedi. Dünyanın en büyük kripto para birimi olan Bitcoin'in fiyatı, yaklaşık bir yıl önce ulaştığı 126 bin doların üzerindeki zirve seviyesinden oldukça uzakta olsa da, koronavirüs pandemisi sırasında ve Donald Trump'ın ABD başkanlığına ikinci dönemine giden süreçteki yükseliş trendleri, yatırımcılara büyük sermaye kazançları elde etmek için bolca fırsat sağladı. Zengin aileler, varlıklarını gelecek nesiller için korumak amacıyla genellikle yurt dışında bulunan vakıflara devrederek sorumsuz mirasçıların bu varlıklara el koymasına engel olurlar. Ayrıca vakıflar, bir kişinin mal varlığını küçülterek miras vergisi tasarrufu da sağlayabilir. Ancak, kripto para birimiyle büyük servete sahip birçok kişi bu yapıları kullanmaya hevesliyken, danışmanlar ve avukatlar, kripto paralarla ilişkili kara para aklama riskleri, fiyatlarındaki büyük dalgalanmalar ve sektördeki kapsamlı düzenleme eksikliğinin mütevellileri caydırdığını ifade ediyor. Winston Taylor hukuk firmasının ortağı Ronald Graham, zengin ailelerin genç nesillerinin, güven şirketlerinden servetlerini kripto paralarda tutmalarını istediklerini gördüğünü ve bunun bazıları tarafından olumsuz tepkilerle karşılandığını belirtti. Farrer & Co'da ortak olan Claire Randall, kripto paraların bir tröst içine aktarılması durumunda, tröst yöneticilerinin paranın suç gelirlerinden gelmediğinden emin olmak için, bu paraları satın almak için kullanılan servetin kaynağını doğrulamaları gerekeceğini söyledi. ""Kripto paranın doğası gereği bu daha zor, düzenlenmiş piyasaların dışında olduğu için yüksek riskli olarak görülüyor."" dedi Randall. Öte yandan, az sayıdaki güven şirketi ise kripto para birimleri konusunda uzmanlaşarak dijital varlıklardan kaynaklanan riskleri ortadan kaldıracak yeni yöntemler bulma konusunda kararlı. Birleşik Arap Emirlikleri merkezli Cavenwell Group'un CEO'su Andrew Horbury, ""Dijital varlıkları taramak için artık çok sayıda, yüksek kaliteli ve gelişmiş araç mevcut"" dedi. Bunlar arasında, kripto para biriminin satın alındığı zamanki işlemlere bakmak ve bu işlemlerin analiz edilen varlıkların değeriyle örtüşüp örtüşmediğini kontrol etmek için geriye dönük testler yapmak yer alıyor. Horbury, iyi eğitimli ve uyumluluğa sadece formalite icabı yaklaşmayan danışmanlarla birleştiğinde, bu yöntemlerin kripto para kabul etmeyi daha az riskli hale getirdiğini de sözlerine ekledi. Ancak, çoğu mütevelli heyeti üyesi dijital varlıkları uzun vadeli görevleriyle bağdaştırmakta zorlanıyor. Farrer & Co'dan Randall, ""Şimdiki neslin bu riski almak istemesinde bir sorun yok,"" dedi. Ancak kripto para yatırımlarının daha güvenli varlık yatırımlarına kıyasla daha düşük kar sağlama ihtimalinden dolayı gelecek nesillerin, varlık fonlarının düzgün yönetemedikleri gerekçesiyle mütevellileri suçlamasının güven fonu şirketleri açısından riski bir olasılık doğurduğuna dikkat çekti Randall. Güven fonu şirketleri, kara para aklama şüphesiyle kripto para zenginlerini geri çeviriyor Geleneksel açıdan muhafazakâr olan mütevelli heyeti üyeleri, dijital varlıkların oynaklığı, şeffaf olmaması ve düzenleme eksikliği nedeniyle bu tür varlıkların sahiplerine güvenmekte zorluk yaşıyor. KAYNAĞI BELİRSİZ SERVETLER FAZLA RİSKLİ GÖRÜLÜYOR BAZI DANIŞMANLAR KRİPTO DÜNYASINA UYUM SAĞLIYOR NTV.com.tr - Haber Merkezi Zengin kripto girişimcileri ve yatırımcıları, dijital varlıklarla ilişkili oynaklık ve kara para aklama risklerinden endişe duyan güven şirketleri tarafından giderek daha fazla geri çevriliyor. Miras yoluyla edindikleri servetlerini kripto paralara yatıran veya kripto işletmelerinden büyük kazançlar elde eden giderek artan sayıda yatırımcı, varlıklarını gelecek nesiller için korumak veya vergi tasarrufu sağlamak amacıyla denizaşırı bir güven yapısına yerleştirmenin yollarını arıyor. Financial Times'in haberine göre, avukatlar ve mütevelli heyetleri, güven şirketlerinin hem değişken dijital token'ları hem de bu varlıkların satışından elde edilecek potansiyel olarak şeffaf olmayan karları kabul etmek konusunda endişelenmeye başladığını belirtiyor. Withers hukuk firmasının ortağı Charlie Tee, ""Bence birçok mütevelli heyeti üyesi kripto para tutma konusunda rahatsızlık duyuyor ve karşılaştığım kişilerin sadece bir avuç kadarı bunu yapmaktan memnun olduğunu söylüyor."" dedi. Dünyanın en büyük kripto para birimi olan Bitcoin'in fiyatı, yaklaşık bir yıl önce ulaştığı 126 bin doların üzerindeki zirve seviyesinden oldukça uzakta olsa da, koronavirüs pandemisi sırasında ve Donald Trump'ın ABD başkanlığına ikinci dönemine giden süreçteki yükseliş trendleri, yatırımcılara büyük sermaye kazançları elde etmek için bolca fırsat sağladı. Zengin aileler, varlıklarını gelecek nesiller için korumak amacıyla genellikle yurt dışında bulunan vakıflara devrederek sorumsuz mirasçıların bu varlıklara el koymasına engel olurlar. Ayrıca vakıflar, bir kişinin mal varlığını küçülterek miras vergisi tasarrufu da sağlayabilir. Ancak, kripto para birimiyle büyük servete sahip birçok kişi bu yapıları kullanmaya hevesliyken, danışmanlar ve avukatlar, kripto paralarla ilişkili kara para aklama riskleri, fiyatlarındaki büyük dalgalanmalar ve sektördeki kapsamlı düzenleme eksikliğinin mütevellileri caydırdığını ifade ediyor. Winston Taylor hukuk firmasının ortağı Ronald Graham, zengin ailelerin genç nesillerinin, güven şirketlerinden servetlerini kripto paralarda tutmalarını istediklerini gördüğünü ve bunun bazıları tarafından olumsuz tepkilerle karşılandığını belirtti. Farrer & Co'da ortak olan Claire Randall, kripto paraların bir tröst içine aktarılması durumunda, tröst yöneticilerinin paranın suç gelirlerinden gelmediğinden emin olmak için, bu paraları satın almak için kullanılan servetin kaynağını doğrulamaları gerekeceğini söyledi. ""Kripto paranın doğası gereği bu daha zor, düzenlenmiş piyasaların dışında olduğu için yüksek riskli olarak görülüyor."" dedi Randall. Öte yandan, az sayıdaki güven şirketi ise kripto para birimleri konusunda uzmanlaşarak dijital varlıklardan kaynaklanan riskleri ortadan kaldıracak yeni yöntemler bulma konusunda kararlı. Birleşik Arap Emirlikleri merkezli Cavenwell Group'un CEO'su Andrew Horbury, ""Dijital varlıkları taramak için artık çok sayıda, yüksek kaliteli ve gelişmiş araç mevcut"" dedi. Bunlar arasında, kripto para biriminin satın alındığı zamanki işlemlere bakmak ve bu işlemlerin analiz edilen varlıkların değeriyle örtüşüp örtüşmediğini kontrol etmek için geriye dönük testler yapmak yer alıyor. Horbury, iyi eğitimli ve uyumluluğa sadece formalite icabı yaklaşmayan danışmanlarla birleştiğinde, bu yöntemlerin kripto para kabul etmeyi daha az riskli hale getirdiğini de sözlerine ekledi. Ancak, çoğu mütevelli heyeti üyesi dijital varlıkları uzun vadeli görevleriyle bağdaştırmakta zorlanıyor. Farrer & Co'dan Randall, ""Şimdiki neslin bu riski almak istemesinde bir sorun yok,"" dedi. Ancak kripto para yatırımlarının daha güvenli varlık yatırımlarına kıyasla daha düşük kar sağlama ihtimalinden dolayı gelecek nesillerin, varlık fonlarının düzgün yönetemedikleri gerekçesiyle mütevellileri suçlamasının güven fonu şirketleri açısından riski bir olasılık doğurduğuna dikkat çekti Randall.","Güven fonu şirketleri, kara para aklama şüphesiyle kripto para zenginlerini geri çeviriyor Güven fonu şirketleri, kara para aklama şüphesiyle kripto para zenginlerini geri çeviriyor NTV Haber Geleneksel açıdan muhafazakâr olan mütevelli heyeti üyeleri, dijital varlıkların oynaklığı, şeffaf olmaması ve düzenleme eksikliği nedeniyle bu tür varlıkların sahiplerine güvenmekte zorluk yaşıyor. Menüyü Aç Canlı İzle Son Dakika NTV İstanbul 24° Arama Aç Güven fonu şirketleri, kara para aklama şüphesiyle kripto para zenginlerini geri çeviriyor 10.09.2026 09:47 NTV.com.tr - Haber Merkezi Paylaş Geleneksel açıdan muhafazakâr olan mütevelli heyeti üyeleri, dijital varlıkların oynaklığı, şeffaf olmaması ve düzenleme eksikliği nedeniyle bu tür varlıkların sahiplerine güvenmekte zorluk yaşıyor. iStockPhoto Zengin kripto girişimcileri ve yatırımcıları, dijital varlıklarla ilişkili oynaklık ve kara para aklama risklerinden endişe duyan güven şirketleri tarafından giderek daha fazla geri çevriliyor. Miras yoluyla edindikleri servetlerini kripto paralara yatıran veya kripto işletmelerinden büyük kazançlar elde eden giderek artan sayıda yatırımcı, varlıklarını gelecek nesiller için korumak veya vergi tasarrufu sağlamak amacıyla denizaşırı bir güven yapısına yerleştirmenin yollarını arıyor. Financial Times'in haberine göre, avukatlar ve mütevelli heyetleri, güven şirketlerinin hem değişken dijital token'ları hem de bu varlıkların satışından elde edilecek potansiyel olarak şeffaf olmayan karları kabul etmek konusunda endişelenmeye başladığını belirtiyor. Withers hukuk firmasının ortağı Charlie Tee, ""Bence birçok mütevelli heyeti üyesi kripto para tutma konusunda rahatsızlık duyuyor ve karşılaştığım kişilerin sadece bir avuç kadarı bunu yapmaktan memnun olduğunu söylüyor."" dedi. Dünyanın en büyük kripto para birimi olan Bitcoin'in fiyatı, yaklaşık bir yıl önce ulaştığı 126 bin doların üzerindeki zirve seviyesinden oldukça uzakta olsa da, koronavirüs pandemisi sırasında ve Donald Trump'ın ABD başkanlığına ikinci dönemine giden süreçteki yükseliş trendleri, yatırımcılara büyük sermaye kazançları elde etmek için bolca fırsat sağladı. iStockPhoto KAYNAĞI BELİRSİZ SERVETLER FAZLA RİSKLİ GÖRÜLÜYOR Zengin aileler, varlıklarını gelecek nesiller için korumak amacıyla genellikle yurt dışında bulunan vakıflara devrederek sorumsuz mirasçıların bu varlıklara el koymasına engel olurlar. Ayrıca vakıflar, bir kişinin mal varlığını küçülterek miras vergisi tasarrufu da sağlayabilir. Ancak, kripto para birimiyle büyük servete sahip birçok kişi bu yapıları kullanmaya hevesliyken, danışmanlar ve avukatlar, kripto paralarla ilişkili kara para aklama riskleri, fiyatlarındaki büyük dalgalanmalar ve sektördeki kapsamlı düzenleme eksikliğinin mütevellileri caydırdığını ifade ediyor. Winston Taylor hukuk firmasının ortağı Ronald Graham, zengin ailelerin genç nesillerinin, güven şirketlerinden servetlerini kripto paralarda tutmalarını istediklerini gördüğünü ve bunun bazıları tarafından olumsuz tepkilerle karşılandığını belirtti. Farrer & Co'da ortak olan Claire Randall, kripto paraların bir tröst içine aktarılması durumunda, tröst yöneticilerinin paranın suç gelirlerinden gelmediğinden emin olmak için, bu paraları satın almak için kullanılan servetin kaynağını doğrulamaları gerekeceğini söyledi. ""Kripto paranın doğası gereği bu daha zor, düzenlenmiş piyasaların dışında olduğu için yüksek riskli olarak görülüyor."" dedi Randall. Reuters BAZI DANIŞMANLAR KRİPTO DÜNYASINA UYUM SAĞLIYOR Öte yandan, az sayıdaki güven şirketi ise kripto para birimleri konusunda uzmanlaşarak dijital varlıklardan kaynaklanan riskleri ortadan kaldıracak yeni yöntemler bulma konusunda kararlı. Bunlar arasında, kripto para biriminin satın alındığı zamanki işlemlere bakmak ve bu işlemlerin analiz edilen varlıkların değeriyle örtüşüp örtüşmediğini kontrol etmek için geriye dönük testler yapmak yer alıyor. Horbury, iyi eğitimli ve uyumluluğa sadece formalite icabı yaklaşmayan danışmanlarla birleştiğinde, bu yöntemlerin kripto para kabul etmeyi daha az riskli hale getirdiğini de sözlerine ekledi. Ancak, çoğu mütevelli heyeti üyesi dijital varlıkları uzun vadeli görevleriyle bağdaştırmakta zorlanıyor. Ancak kripto para yatırımlarının daha güvenli varlık yatırımlarına kıyasla daha düşük kar sağlama ihtimalinden dolayı gelecek nesillerin, varlık fonlarının düzgün yönetemedikleri gerekçesiyle mütevellileri suçlamasının güven fonu şirketleri açısından riski bir olasılık doğurduğuna dikkat çekti Randall. Kripto - Kripto Para - Dijital - Dijital pazarlama - Miras - Banka - Kara para Zengin kripto girişimcileri ve yatırımcıları, dijital varlıklarla ilişkili oynaklık ve kara para aklama risklerinden endişe duyan güven şirketleri tarafından giderek daha fazla geri çevriliyor. Zengin aileler, varlıklarını gelecek nesiller için korumak amacıyla genellikle yurt dışında bulunan vakıflara devrederek sorumsuz mirasçıların bu varlıklara el koymasına engel olurlar. Öte yandan, az sayıdaki güven şirketi ise kripto para birimleri konusunda uzmanlaşarak dijital varlıklardan kaynaklanan riskleri ortadan kaldıracak yeni yöntemler bulma konusunda kararlı. Güven fonu şirketleri, kara para aklama şüphesiyle kripto para zenginlerini geri çeviriyor Geleneksel açıdan muhafazakâr olan mütevelli heyeti üyeleri, dijital varlıkların oynaklığı, şeffaf olmaması ve düzenleme eksikliği nedeniyle bu tür varlıkların sahiplerine güvenmekte zorluk yaşıyor. KAYNAĞI BELİRSİZ SERVETLER FAZLA RİSKLİ GÖRÜLÜYOR BAZI DANIŞMANLAR KRİPTO DÜNYASINA UYUM SAĞLIYOR NTV.com.tr - Haber Merkezi Zengin kripto girişimcileri ve yatırımcıları, dijital varlıklarla ilişkili oynaklık ve kara para aklama risklerinden endişe duyan güven şirketleri tarafından giderek daha fazla geri çevriliyor.",browser_full_article,https://www.ntv.com.tr/ntvpara/galeri-guven-fonu-sirketleri-kara-para-aklama-suphesiyle-kripto-para-zenginlerini-geri-ceviriyor-1741172,,,,,,,,il yok | ilçe yok | firma yok | faaliyet/tesis yok,,,,maps araması yapılmadı,,,101.0,13
2026-10-06 17:34:21,para aklama,Operasyon / Soruşturma / Suç,Kapalıçarşı soruşturması: Suç gelirlerini 369 paravan şirketle sisteme soktular,Kapalıçarşı soruşturması: Suç gelirlerini 369 paravan şirketle sisteme soktular | Gündem Haberleri | Yerel Haberler GZT,https://news.google.com/rss/articles/CBMiygFBVV95cUxNN05yYWFQZV96YVI0Wk90dWU0WkdMUm5XazN4eEk3eDdETDNPMXBzenh2LUFoSXQ2VnFHTGJhNWRzc0sxU2xpald5aWIzb0dqRjZ0Yzg5U1UwV0JMRUZ3NWhlbXcwbUl6TFpWdzVScXUwcXlvQ0ZVODF2Y2EyLXhQNDFpdHNUaXNwS0VKQWlNVXU2bzhueTR2cVIyTWNSeUhRejRlczhxTWtfQjI1TkZ2VkJKVE5ZSGhrVjJGdFJoM0F6V2JUUlowRTln?oc=5,şirket,şirket / firma,Kapalıçarşı soruşturması: Suç gelirlerini 369 paravan şirketle sisteme soktular | Gündem Haberleri | Yerel Haberler GZT,Kapalıçarşı soruşturması: Suç gelirlerini 369 paravan şirketle sisteme soktular Kapalıçarşı soruşturması: Suç gelirlerini 369 paravan şirketle sisteme soktular | Gündem Haberleri | Yerel Haberler GZT Kapalıçarşı soruşturması: Suç gelirlerini 369 paravan şirketle sisteme soktular | Gündem Haberleri | Yerel Haberler GZT,browser_failed,https://news.google.com/rss/articles/CBMiygFBVV95cUxNN05yYWFQZV96YVI0Wk90dWU0WkdMUm5XazN4eEk3eDdETDNPMXBzenh2LUFoSXQ2VnFHTGJhNWRzc0sxU2xpald5aWIzb0dqRjZ0Yzg5U1UwV0JMRUZ3NWhlbXcwbUl6TFpWdzVScXUwcXlvQ0ZVODF2Y2EyLXhQNDFpdHNUaXNwS0VKQWlNVXU2bzhueTR2cVIyTWNSeUhRejRlczhxTWtfQjI1TkZ2VkJKVE5ZSGhrVjJGdFJoM0F6V2JUUlowRTln?oc=5&hl=tr&gl=TR&ceid=TR:tr,,,,,,,,il yok | ilçe yok | firma yok | faaliyet/tesis yok,,,,maps araması yapılmadı,,,86.44,14
2026-10-05 07:00:00,para aklama,Kara Para / MASAK / Bahis,Hanoi: Gayrimenkul şirketlerinin şüpheli işlemleri kontrol etmeleri ve kara para aklamayla mücadele etmeleri gerekiyor.,Hanoi: Gayrimenkul şirketlerinin şüpheli işlemleri kontrol etmeleri ve kara para aklamayla mücadele etmeleri gerekiyor. Vietnam.vn,https://news.google.com/rss/articles/CBMirwFBVV95cUxORGE5Zklwc3NlcEF6TnFZMnA3c213MWtTQ3B6amJoY0xDRHJpQWpWdVZCVzV2OGJUXzY2NzRUMkJELWxFbjRjVDBmcnRmS0JOMG90RnVpSmNXYjJEZHVhT2V5RXIwQ2t3OHNzb2dWNE5FdVhZU3d2eFZwbzUwcmlUOG1FekJLVHdTajZaLXE3UlVGUFVBMG1XRm1yOV9SQ0ZmTkROalFPSnBXSmJscGV3?oc=5,"şirket, şüpheli işlem",şirket / firma,Hanoi: Gayrimenkul şirketlerinin şüpheli işlemleri kontrol etmeleri ve kara para aklamayla mücadele etmeleri gerekiyor. Vietnam.vn,Hanoi: Gayrimenkul şirketlerinin şüpheli işlemleri kontrol etmeleri ve kara para aklamayla mücadele etmeleri gerekiyor. Hanoi: Gayrimenkul şirketlerinin şüpheli işlemleri kontrol etmeleri ve kara para aklamayla mücadele etmeleri gerekiyor. Vietnam.vn Hanoi: Gayrimenkul şirketlerinin şüpheli işlemleri kontrol etmeleri ve kara para aklamayla mücadele etmeleri gerekiyor.,browser_failed,https://news.google.com/rss/articles/CBMirwFBVV95cUxORGE5Zklwc3NlcEF6TnFZMnA3c213MWtTQ3B6amJoY0xDRHJpQWpWdVZCVzV2OGJUXzY2NzRUMkJELWxFbjRjVDBmcnRmS0JOMG90RnVpSmNXYjJEZHVhT2V5RXIwQ2t3OHNzb2dWNE5FdVhZU3d2eFZwbzUwcmlUOG1FekJLVHdTajZaLXE3UlVGUFVBMG1XRm1yOV9SQ0ZmTkROalFPSnBXSmJscGV3?oc=5&hl=tr&gl=TR&ceid=TR:tr,,,,,,,,il yok | ilçe yok | firma yok | faaliyet/tesis yok,,,,maps araması yapılmadı,,,109.3,15
2026-10-07 06:35:00,para aklama,Kara Para / MASAK / Bahis,MASAK’TAN yeni karar çıktı:Şanlıurfa kuyumcularını yakından ilgilendiriyor,MASAK’TAN yeni karar çıktı:Şanlıurfa kuyumcularını yakından ilgilendiriyor Urfanatik,https://news.google.com/rss/articles/CBMirAJBVV95cUxQR2p2Nlp1TzZKeUVfWlJPemdoUUl0N0ZUMnUtMFRndk4tVGl2aFl3Mm1LemdLNzhXbU9aXzNOSVFvckh1WklHSDVwU0EyQ2pUNHhYYlpOakNmc0NsaGZiOGUwS0dyT21OWnBBanVBWGhWTFlOdF9nR2t2WFNuMnBKU3RSQXotaFdDV1JrVlhsZVFud2tycXR3ZHFDLXJLQThXMVBLaS05bGQxdGZlTFd4LTIwbXRrZndNUTJLNEo5NTY2SUtkSVVsTXB0bjFMY1RlSzNWZG5Kc0VHWWl6SS0wZFFINEptTzRnTXU5UGhRbFlQWU83OC1XWXlNNWFWdko0NjhnTlFmbHczdXZaMTZxNGV0MjBuZ1RXbWxPYkJsdl95bUhFQ3pTNndfNmY?oc=5,masak,,"Son zamanlarda gündeme gelen kara para aklama suçları ve terörle mücadele kapsamında yapılan altın,döviz alım satımlarında ve kuyumcu para transferlerinde kimlik tespitine yönelik parasal sınırlar yükseltildi. Son zamanlarda gündeme gelen kara para aklama suçları ve terörle mücadele kapsamında yapılan altın,döviz alım satımlarında ve kuyumcu para transferlerinde kimlik tespitine yönelik parasal sınırlar yükseltildi. Son zamanlarda gündeme gelen kara para aklama suçları ve terörle mücadele kapsamında yapılan altın,döviz alım satımlarında ve kuyumcu para transferlerinde kimlik tespitine yönelik parasal sınırlar yükseltildi. MASAK’tan yeni karar çıktı: Şanlıurfa kuyumcularını yakından ilgilendiriyor Son zamanlarda gündeme gelen kara para aklama suçları ve terörle mücadele kapsamında yapılan altın,döviz alım satımlarında ve kuyumcu para transferlerinde kimlik tespitine yönelik parasal sınırlar yükseltildi. Hilmi Eskiler Editör 07.10.2026 - 09:35 Yayınlanma 09.10.2026 - 09:39 Güncelleme — Paylaşım 1 Dk Okunma Süresi Paylaş Linkedin Pinterest Telegram Yazdır Kopyala A - A + Paylaş Linkedin Pinterest Telegram Yazdır Kopyala A - A + Haberlerimizi Google’da Takip Edin Gelişmelerden anında haberdar olun. Google’da tercih edilen kaynak olarak ekleyin Şanlıurfa’da yüklü miktarda altın,döviz alımı yapacak veya satacakları yakından ilgilendiren yeni düzenlemeyle ödeme miktarlarında fiyatlar değişti.İşte yeni düzenleme. YENİ DÜZENLEME NE MASAK’IN aldığı yeni karara göre altın,döviz ve kuyumcu para transferlerinde kimlik tespiti sebebiyle sınır 370.000 TL'ye , elektronik transferler ise 30.000 TL'ye yükseltilmiştir. Dijital onay ve sms şartı zorunlu kılınarak yapılan işlemlerde yeni düzenlemeyle beraber alınan kararlar arasında. ELEKTRONİK TRANSFER SINIRI NEDİR? Banklar, elektronik para ve ödeme kuruluşları üzerinden yapılan elektronik transferlerde kimlik tespiti yapılması gereken para sınırı 15.000 TL den 30.000 TL ye yükseltildi. DİJİTAL ONAY VE SMS ZORUNLU Transferlerde mobil kanallar ve internet üzerinden işlem yapılırken,bankaların güvenliği sağlamak amacıyla müşterinin telefonuna tek kullanımlık SMS kodu göndermesi ve yapılan işlemlerin risk durumuna göre sıkı güvenlik önlmleri zorunlu kılınmıştır. 370 BİN TL’LİK KİMLİK TESPİT SINIRI Kara para mücadele kasamında nakit,dövizcilik ve kuyumculuk işlemlerinde kimlik tespiti gerektiren parasal sınır 185.000 TL’den 370.000 TL’ye çıkartılmıştır.Kuyumcuda tek seferde veya birbiriyle bağlantılı olarak toplamda 370.000 TL ve üzerinde işlem yapıldığında, kuyumcunun resmi olarak kimlik bilgilerinizi alması ve doğrulaması yasal bir zorunluluktur karar Resmi Gazete’de yayımlanarak yönetmeliğe girdi. Kaynak: HABER MERKEZİ Editörün Seçtiği Bugünkü Şanlıurfa gündemi 9 Ekim 2026 Editörün Seçtiği Şanlıurfa’da dolar ve euro fiyatları belli oldu! İşte 9 Ekim güncel rakamlar Editörün Seçtiği Şanlıurfa’da altın fiyatları belli oldu! 9 Ekim 2026 has, bilezik, çeyrek, yarım ve ziynet altın ne kadar? Editör Hakkında Hilmi Eskiler Bunlar da ilg","MASAK’TAN yeni karar çıktı:Şanlıurfa kuyumcularını yakından ilgilendiriyor MASAK’TAN yeni karar çıktı:Şanlıurfa kuyumcularını yakından ilgilendiriyor Urfanatik Son zamanlarda gündeme gelen kara para aklama suçları ve terörle mücadele kapsamında yapılan altın,döviz alım satımlarında ve kuyumcu para transferlerinde kimlik tespitine yönelik parasal sınırlar yükseltildi. MASAK’tan yeni karar çıktı: Şanlıurfa kuyumcularını yakından ilgilendiriyor Son zamanlarda gündeme gelen kara para aklama suçları ve terörle mücadele kapsamında yapılan altın,döviz alım satımlarında ve kuyumcu para transferlerinde kimlik tespitine yönelik parasal sınırlar yükseltildi. Hilmi Eskiler Editör 07.10.2026 - 09:35 Yayınlanma 09.10.2026 - 09:39 Güncelleme —",browser_full_article,https://www.urfanatik.com/masaktan-yeni-karar-ciktisanliurfa-kuyumcularini-yakindan-ilgilendiriyor-kara-para-aklama-fon-skandallari-sonrasinda-nakitdoviz-ve-kuyumculuk-islemlerine-yeni-duzenleme-getirildi,,,,,,,,il yok | ilçe yok | firma yok | faaliyet/tesis yok,,,,maps araması yapılmadı,,,79.0,16
2026-10-07 05:38:00,para aklama,Banka / Finansal Kuruluş,Banka ve kuyumcu işlemlerinde yeni düzenleme: Limitler değişti! Resmi Gazete'de yayımlandı,Banka ve kuyumcu işlemlerinde yeni düzenleme: Limitler değişti! Resmi Gazete'de yayımlandı tv100 Haber,https://news.google.com/rss/articles/CBMivwFBVV95cUxOUDAwV3pZYmdJZGR1X1I2RElicUR2a3ROTlhWLVJ6OVU2ME4yc0dKSE5IYnJUa3FxTG44WHhieTIyRllyQWhmWXFmYWItM183LUF4c0RSUlk4OEZ6VXJadERHTE9SLWhTMzNhOEtMMkljeXBlcDB0TDZtZjFHU0pnZzZ4U3JfaEpGVkpoNHlOYzNYT3hpZjBmU0Z2NHE1Mm0xUUtOZ3lQTFlLYXF1SThzOGE2MVdXYy04U3NQV1NoZw?oc=5,banka,finansal kuruluş,"www.tv100.com Güvenlik doğrulaması yapılıyor Bu web sitesi, kötü niyetli botlara karşı korunmak için bir güvenlik hizmeti kullanıyor. Web sitesi bir bot olmadığınızı doğrularken bu sayfa görüntülenir. Doğrulama başarılı. www.tv100.com adresinin yanıt vermesi bekleniyor Güvenlik doğrulaması yapılıyor Doğrulama başarılı. www.tv100.com adresinin yanıt vermesi bekleniyor Bu web sitesi, kötü niyetli botlara karşı korunmak için bir güvenlik hizmeti kullanıyor. Web sitesi bir bot olmadığınızı doğrularken bu sayfa görüntülenir.","Banka ve kuyumcu işlemlerinde yeni düzenleme: Limitler değişti! Resmi Gazete'de yayımlandı Banka ve kuyumcu işlemlerinde yeni düzenleme: Limitler değişti! Resmi Gazete'de yayımlandı tv100 Haber www.tv100.com Güvenlik doğrulaması yapılıyor Bu web sitesi, kötü niyetli botlara karşı korunmak için bir güvenlik hizmeti kullanıyor. Web sitesi bir bot olmadığınızı doğrularken bu sayfa görüntülenir. www.tv100.com adresinin yanıt vermesi bekleniyor Güvenlik doğrulaması yapılıyor Doğrulama başarılı. www.tv100.com adresinin yanıt vermesi bekleniyor Bu web sitesi, kötü niyetli botlara karşı korunmak için bir güvenlik hizmeti kullanıyor.",browser_full_article,https://www.tv100.com/banka-ve-kuyumcu-islemlerinde-yeni-duzenleme-limitler-degisti-resmi-gazetede-yayimlandi-haber-874365,,,,,,,,il yok | ilçe yok | firma yok | faaliyet/tesis yok,,,,maps araması yapılmadı,,,81.75,17
2026-10-04 06:16:27,mal varlığına el konuldu,Operasyon / Soruşturma / Suç,FON SORUŞTURMASI NEDİR? FON OLAYI NEDİR? Kimlerin Mal Varlığına El Konuldu? Kimler Gözaltına Alındı?,FON SORUŞTURMASI NEDİR? FON OLAYI NEDİR? Kimlerin Mal Varlığına El Konuldu? Kimler Gözaltına Alındı? CNN Türk,https://news.google.com/rss/articles/CBMi0gFBVV95cUxPMlh6b2VZelpPTDQ1VzVQZVRRbkl0ZHdaeld6Sm5nUi1YSlVBcXJaWHRySVl2WVdlSzQ1NDFjUnVNZDk0UU1veTlMMUVHRHBvYWZwQmVNTUpOdkRHU25CbFFpUkVrSS1yRWhlN0sySVc2ZkVzTTZZQ2JvdHFSeVg4MGljdmtwUXlHVDVaS3hxRGtpclluZ1g5M3dGNDVDSFdPcFhSWWhObHFXWGUxZU4ydmNraFQ3aUprQ25VT1RVRlFPdzZxUWVDdDlXcy1wb1VLbkE?oc=5,"el konuldu, mal varlığı",,"Fon soruşturması nedir, fon olayı nedir, hangi şirketlerin mal varlığına el konuldu, kimler gözaltına alındı, fon soruşturması son dakika, sermaye piyasası... Fon soruşturması nedir, fon olayı nedir, hangi şirketlerin mal varlığına el konuldu, kimler gözaltına alındı, fon soruşturması son dakika, sermaye piyasası... Fon soruşturması nedir, fon olayı nedir, hangi şirketlerin mal varlığına el konuldu, kimler gözaltına alındı, fon soruşturması son dakika, sermaye piyasası...","FON SORUŞTURMASI NEDİR? FON OLAYI NEDİR? Kimlerin Mal Varlığına El Konuldu? Kimler Gözaltına Alındı? FON SORUŞTURMASI NEDİR? FON OLAYI NEDİR? Kimlerin Mal Varlığına El Konuldu? Kimler Gözaltına Alındı? CNN Türk Fon soruşturması nedir, fon olayı nedir, hangi şirketlerin mal varlığına el konuldu, kimler gözaltına alındı, fon soruşturması son dakika, sermaye piyasası...",browser_full_article,https://www.cnnturk.com/ekonomi/fon-sorusturmasi-nedir-fon-olayi-nedir-kimlerin-mal-varligina-el-konuldu-kimler-gozaltina-alindi-3472379,,,,,,,,il yok | ilçe yok | firma yok | faaliyet/tesis yok,,,,maps araması yapılmadı,,,98.01,18
2026-10-08 23:14:00,mal varlığına el konuldu,Diğer,"Tefecilik Operasyonu: 71,5 Milyon Liralık Mal Varlığına El Konuldu!","Tefecilik Operasyonu: 71,5 Milyon Liralık Mal Varlığına El Konuldu! Merzifon Bilgi Gazetesi",https://news.google.com/rss/articles/CBMitgFBVV95cUxQQlVFNVJOZkhKY3Vqems4VDZWME14M0s2UGlNcWRKNWlMU2psd3dERHJoQ19Ua29xUHUwX2drTnhvakROUi10TWctWWNoOEVUdHVEYWExZDd2akFCWXN3RHVNNmVXaThKb1dpSEpxR1VwWG1wb0xZYUhxVi1QeXJER1FUbXgxU05RYVA0QmFoMTV6cmJhdktRQ05WYmtnVGptb1puT0NwTk8waGRhX084d2p1ajE0Zw?oc=5,"el konuldu, mal varlığı",,"Tefecilik Operasyonu: 71,5 Milyon Liralık Mal Varlığına El Konuldu! Merzifon Bilgi Gazetesi","Tefecilik Operasyonu: 71,5 Milyon Liralık Mal Varlığına El Konuldu! Tefecilik Operasyonu: 71,5 Milyon Liralık Mal Varlığına El Konuldu! Merzifon Bilgi Gazetesi Tefecilik Operasyonu: 71,5 Milyon Liralık Mal Varlığına El Konuldu!",browser_failed,https://news.google.com/rss/articles/CBMitgFBVV95cUxQQlVFNVJOZkhKY3Vqems4VDZWME14M0s2UGlNcWRKNWlMU2psd3dERHJoQ19Ua29xUHUwX2drTnhvakROUi10TWctWWNoOEVUdHVEYWExZDd2akFCWXN3RHVNNmVXaThKb1dpSEpxR1VwWG1wb0xZYUhxVi1QeXJER1FUbXgxU05RYVA0QmFoMTV6cmJhdktRQ05WYmtnVGptb1puT0NwTk8waGRhX084d2p1ajE0Zw?oc=5&hl=tr&gl=TR&ceid=TR:tr,,,,,,,,il yok | ilçe yok | firma yok | faaliyet/tesis yok,,,,maps araması yapılmadı,,,73.16,19
2026-10-08 10:17:03,mal varlığına el konuldu,Diğer,Yahşihan Belediyesi başkan yardımcısının mal varlığına bakın! Tam 1630 taşınmaz,Yahşihan Belediyesi başkan yardımcısının mal varlığına bakın! Tam 1630 taşınmaz Son Dakika,https://news.google.com/rss/articles/CBMilAFBVV95cUxPZTczVDBMNVVHNVdqX0JtZTZvTWFoYVRjWXFPRnBYdE5sMmZQOUp4QlhKZkd4YzZOQkFhNzFwLVRJRFVKMUhZRjhRWXZ0VlRMeDAtNWpsVHhlclE1NFVscXFoVGZMaW5ENDIxRHJQMzVUaV9CVE1nQVpNUWtpN2JIclBwREttbnhEZFNVR29FNDc3RHd60gGUAUFVX3lxTE9lNzNUMEw1VUc1V2pfQm1lNm9NYWhhVGNZcU9GcFh0TmwyZlA5SnhCWEpmR3hjNk5CQWE3MXAtVElEVUoxSFlGOFFZdnRWVEx4MC01amxUeGVyUTU0VWxxcWhUZkxpbkQ0MjFEclAzNVRpX0JUTWdBWk1Ra2k3YkhyUHBES21ueERkU1VHb0U0NzdEd3o?oc=5,mal varlığı,,"Kırıkkale'de AK Partili Yahşihan Belediyesi'ne yönelik yolsuzluk soruşturmasının ikinci dalgasında, aralarında Belediye Başkanvekili ve Başkan Yardımcısının da bulunduğu 9 şüpheli gözaltına alındı. Soruşturma kapsamında 2 bin 31 taşınmaza tedbir uygulanırken, Başkan Yardımcısı Satılmış Serkan Yıldıran'ın üzerine kayıtlı 1630 taşınmaz tespit edildiği, evinde ise 11 bin 312 mermi ve ruhsatsız tabanca ele geçirildiği bildirildi. Kırıkkale'de AK Partili Yahşihan Belediyesi'ne yönelik yolsuzluk soruşturmasının ikinci dalgasında, aralarında Belediye Başkanvekili ve Başkan Yardımcısının da bulunduğu 9 şüpheli gözaltına alındı. Soruşturma kapsamında 2 bin 31 taşınmaza tedbir uygulanırken, Başkan Yardımcısı Satılmış Serkan Yıldıran'ın üzerine kayıtlı 1630 taşınmaz tespit edildiği, evinde ise 11 bin 312 mermi ve ruhsatsız tabanca ele geçirildiği bildirildi. Kırıkkale'de AK Partili Yahşihan Belediyesi'ne yönelik yolsuzluk soruşturmasının ikinci dalgasında, aralarında Belediye Başkanvekili ve Başkan Yardımcısının da bulunduğu 9 şüpheli gözaltına alındı. Soruşturma kapsamında 2 bin 31 taşınmaza tedbir uygulanırken, Başkan Yardımcısı Satılmış Serkan Yıldıran'ın üzerine kayıtlı 1630 taşınmaz tespit edildiği, evinde ise 11 bin 312 mermi ve ruhsatsız tabanca ele geçirildiği bildirildi. Yahşihan Belediyesi başkan yardımcısının mal varlığına bakın! Tam 1630 taşınmaz Haberin Videosunu İzlemek İçin Tıklayın Son Güncelleme: 08.10.2026 13:17 Kırıkkale'de AK Partili Yahşihan Belediyesi'ne yönelik yolsuzluk soruşturmasının ikinci dalgasında, aralarında Belediye Başkanvekili ve Başkan Yardımcısının da bulunduğu 9 şüpheli gözaltına alındı. Soruşturma kapsamında 2 bin 31 taşınmaza tedbir uygulanırken, Başkan Yardımcısı Satılmış Serkan Yıldıran'ın üzerine kayıtlı 1630 taşınmaz tespit edildiği, evinde ise 11 bin 312 mermi ve ruhsatsız tabanca ele geçirildiği bildirildi. Kırıkkale Cumhuriyet Başsavcılığı tarafından Yahşihan Belediyesi'ne yönelik yürütülen yolsuzluk soruşturması kapsamında ikinci dalga operasyon için düğmeye basıldı. Aralarında Belediye Başkanvekili ve Belediye Başkan Yardımcısının da bulunduğu 9 şüpheli gözaltına alınırken, operasyona el konulan binlerce taşınmaz ve ele geçirilen cephanelik damga vurdu. ŞAFAK VAKTİ 9 GÖZALTI VE BELEDİYEDE ARAMA Elde edilen yeni ifadeler, mali analiz raporları ve imar dosyalarındaki deliller doğrultusunda Kırıkkale ve Ankara'da saat 06.30'da eş zamanlı operasyon düzenlendi. İl Jandarma Komutanlığı ekiplerince gerçekleştirilen baskınlarda Yahşihan Belediye Başkanvekili Aydın Demirdirek, Belediye Başkan Yardımcısı Satılmış Serkan Yıldıran ve eski İmar Müdürü Ulaş Biçer'in yakınlarının da aralarında bulunduğu toplam 9 kişi gözaltına alındı. Belediye binasında ve şüphelilerin evlerinde yapılan aramalarda imar işlemlerine ait dosyalara, bilgisayarlara ve dijital materyallere el konuldu. BAŞKAN YARDIMCISININ ÜZERİNE 1630 TAŞINMAZ KAYITLI Soruşturmanın en çarpıcı detayı ise şüphelilerin mal varlıklarına yönelik incelemelerde ortaya çıktı. Jandarma Genel Komutanlığı KOM Daire Başkanlığı'nın mali analiz raporuna göre, sadece Belediye Başkan Yardımcısı Satılmış Serkan Yıldıran'ın adına kayıtlı tam 1.630 adet taşınmaz tespit edildi. Alınan ifadelerde, Yıldıran'ın eski Belediye Başkanı Ahmet Sungur'un ""kasası"" olduğu ve finansal işlerini yürüttüğü iddia edildi. Savcılık, bu devasa mal varlığının adli denetimden kaçırılmak amacıyla Yıldıran'ın üzerine yapılıp yapılmadığını araştırıyor. LÜKS ARAÇLAR VE TOPLAM 2 BİN 31 TAŞINMAZA EL KONULDU Operasyon kapsamında örgüt yöneticisi olmakla suçlanan eski İmar Müdürü Ulaş Biçer'in eşi, kayınvalidesi ve baldızı gibi yakınlarının üzerine kayıtlı çok sayıda mülke de el konuldu. Soruşturma çerçevesinde Başkanvekili Demirdirek'e ait 11, encümen üyelerine ait onlarca mülk dahil olmak üzere toplam 2 bin 31 taşınmaza tedbir uygulandı. Ayrıca şüphelilerden Canan Demirkaya adına kayıtlı Porsche ve Ayşe Öztürk adına kayıtlı Mercedes-Benz G Serisi lüks ciplere de el konuldu. BAŞKAN YARDIMCISININ EVİNDEN 11 BİN 312 MERMİ ÇIKTI Devasa gayrimenkul kayıtlarıyla dikkat çeken Başkan Yardımcısı Satılmış Serkan Yıldıran'ın evinde yapılan aramalar ise şaşkınlık yarattı. Jandarma ekipleri, Yıldıran'ın ikametinde seri numarası bulunmayan 9 milimetre çapında ruhsatsız bir tabanca ile tam 11 bin 312 adet tabanca fişeği ele geçirdi. Üzerine kayıtlı hiçbir araç bulunmayan Yıldıran'ın ele geçirilen silah ve mühimmatlarına incelenmek üzere el konuldu. NE OLMUŞTU? Yahşihan Belediyesi'ndeki usulsüzlük iddiaları üzerine başlatılan geniş çaplı yolsuzluk soruşturmasının ilk aşamasında, eski Yahşihan Belediye Başkanı Ahmet Sungur tutuklanarak cezaevine gönderilmişti. Soruşturma, imar dosyalarındaki usulsüzlükler, haksız mal edinme suçlamaları ve önceki döneme ait işlemler üzerinden derinleştirilerek devam ediyor. Kırıkkale Cumhuriyet Başsavcılığı tarafından Yahşihan Belediyesi'ne yönelik yürütülen yolsuzluk soruşturması kapsamında ikinci dalga operasyon için düğmeye basıldı. Aralarında Belediye Başkanvekili ve Belediye Başkan Yardımcısının da bulunduğu 9 şüpheli gözaltına alınırken, operasyona el konulan binlerce taşınmaz ve ele geçirilen cephanelik damga vurdu. ŞAFAK VAKTİ 9 GÖZALTI VE BELEDİYEDE ARAMA Elde edilen yeni ifadeler, mali analiz raporları ve imar dosyalarındaki deliller doğrultusunda Kırıkkale ve Ankara'da saat 06.30'da eş zamanlı operasyon düzenlendi. İl Jandarma Komutanlığı ekiplerince gerçekleştirilen baskınlarda Yahşihan Belediye Başkanvekili Aydın Demirdirek, Belediye Başkan Yardımcısı Satılmış Serkan Yıldıran ve eski İmar Müdürü Ulaş Biçer'in yakınlarının da aralarında bulunduğu toplam 9 kişi gözaltına alındı. Belediye binasında ve şüphelilerin evlerinde yapılan aramalarda imar işlemlerine ait dosyalara, bilgisayarlara ve dijital materyallere el konuldu. BAŞKAN YARDIMCISININ ÜZERİNE 1630 TAŞINMAZ KAYITLI Soruşturmanın en çarpıcı detayı ise şüphelilerin mal varlıklarına yönelik incelemelerde ortaya çıktı. Jandarma Genel Komutanlığı KOM Daire Başkanlığı'nın mali analiz raporuna göre, sadece Belediye Başkan Yardımcısı Satılmış Serkan Yıldıran'ın adına kayıtlı tam 1.630 adet taşınmaz tespit edildi. Alınan ifadelerde, Yıldıran'ın eski Belediye Başkanı Ahmet Sungur'un ""kasası"" olduğu ve finansal işlerini yürüttüğü iddia edildi. Savcılık, bu devasa mal varlığının adli denetimden kaçırılmak amacıyla Yıldıran'ın üzerine yapılıp yapılmadığını araştırıyor. LÜKS ARAÇLAR VE TOPLAM 2 BİN 31 TAŞINMAZA EL KONULDU Operasyon kapsamında örgüt yöneticisi olmakla suçlanan eski İmar Müdürü Ulaş Biçer'in eşi, kayınvalidesi ve baldızı gibi yakınlarının üzerine kayıtlı çok sayıda mülke de el konuldu. Soruşturma çerçevesinde Başkanvekili Demirdirek'e ait 11, encümen üyelerine ait onlarca mülk dahil olmak üzere toplam 2 bin 31 taşınmaza tedbir uygulandı. Ayrıca şüphelilerden Canan Demirkaya adına kayıtlı Porsche ve Ayşe Öztürk adına kayıtlı Mercedes-Benz G Serisi lüks ciplere de el konuldu. BAŞKAN YARDIMCISININ EVİNDEN 11 BİN 312 MERMİ ÇIKTI Devasa gayrimenkul kayıtlarıyla dikkat çeken Başkan Yardımcısı Satılmış Serkan Yıldıran'ın evinde yapılan aramalar ise şaşkınlık yarattı. Jandarma ekipleri, Yıldıran'ın ikametinde seri numarası bulunmayan 9 milimetre çapında ruhsatsız bir tabanca ile tam 11 bin 312 adet tabanca fişeği ele geçirdi. Üzerine kayıtlı hiçbir araç bulunmayan Yıldıran'ın ele geçirilen silah ve mühimmatlarına incelenmek üzere el konuldu. Yahşihan Belediyesi başkan yardımcısının mal varlığına bakın! Tam 1630 taşınmaz Kırıkkale'de AK Partili Yahşihan Belediyesi'ne yönelik yolsuzluk soruşturmasının ikinci dalgasında, aralarında Belediye Başkanvekili ve Başkan Yardımcısının da bulunduğu 9 şüpheli gözaltına alındı. Soruşturma kapsamında 2 bin 31 taşınmaza tedbir uygulanırken, Başkan Yardımcısı Satılmış Serkan Yıldıran'ın üzerine kayıtlı 1630 taşınmaz tespit edildiği, evinde ise 11 bin 312 mermi ve ruhsatsız tabanca ele geçirildiği bildirildi. Kırıkkale Cumhuriyet Başsavcılığı tarafından Yahşihan Belediyesi'ne yönelik yürütülen yolsuzluk soruşturması kapsamında ikinci dalga operasyon için düğmeye basıldı. Aralarında Belediye Başkanvekili ve Belediye Başkan Yardımcısının da bulunduğu 9 şüpheli gözaltına alınırken, operasyona el konulan binlerce taşınmaz ve ele geçirilen cephanelik damga vurdu. Elde edilen yeni ifadeler, mali analiz raporları ve imar dosyalarındaki deliller doğrultusunda Kırıkkale ve Ankara'da saat 06.30'da eş zamanlı operasyon düzenlendi. İl Jandarma Komutanlığı ekiplerince gerçekleştirilen baskınlarda Yahşihan Belediye Başkanvekili Aydın Demirdirek, Belediye Başkan Yardımcısı Satılmış Serkan Yıldıran ve eski İmar Müdürü Ulaş Biçer'in yakınlarının da aralarında bulunduğu toplam 9 kişi gözaltına alındı. Belediye binasında ve şüphelilerin evlerinde yapılan aramalarda imar işlemlerine ait dosyalara, bilgisayarlara ve dijital materyallere el konuldu. Soruşturmanın en çarpıcı detayı ise şüphelilerin mal varlıklarına yönelik incelemelerde ortaya çıktı. Jandarma Genel Komutanlığı KOM Daire Başkanlığı'nın mali analiz raporuna göre, sadece Belediye Başkan Yardımcısı Satılmış Serkan Yıldıran'ın adına kayıtlı tam 1.630 adet taşınmaz tespit edildi. Alınan ifadelerde, Yıldıran'ın eski Belediye Başkanı Ahmet Sungur'un ""kasası"" olduğu ve finansal işlerini yürüttüğü iddia edildi. Savcılık, bu devasa mal varlığının adli denetimden kaçırılmak amacıyla Yıldıran'ın üzerine yapılıp yapılmadığını araştırıyor. Operasyon kapsamında örgüt yöneticisi olmakla suçlanan eski İmar Müdürü Ulaş Biçer'in eşi, kayınvalidesi ve baldızı gibi yakınlarının üzerine kayıtlı çok sayıda mülke de el konuldu. Soruşturma çerçevesinde Başkanvekili Demirdirek'e ait 11, encümen üyelerine ait onlarca mülk dahil olmak üzere toplam 2 bin 31 taşınmaza tedbir uygulandı. Ayrıca şüphelilerden Canan Demirkaya adına kayıtlı Porsche ve Ayşe Öztürk adına kayıtlı Mercedes-Benz G Serisi lüks ciplere de el konuldu. Devasa gayrimenkul kayıtlarıyla dikkat çeken Başkan Yardımcısı Satılmış Serkan Yıldıran'ın evinde yapılan aramalar ise şaşkınlık yarattı. Jandarma ekipleri, Yıldıran'ın ikametinde seri numarası bulunmayan 9 milimetre çapında ruhsatsız bir tabanca ile tam 11 bin 312 adet tabanca fişeği ele geçirdi. Üzerine kayıtlı hiçbir araç bulunmayan Yıldıran'ın ele geçirilen silah ve mühimmatlarına incelenmek üzere el konuldu. Yahşihan Belediyesi'ndeki usulsüzlük iddiaları üzerine başlatılan geniş çaplı yolsuzluk soruşturmasının ilk aşamasında, eski Yahşihan Belediye Başkanı Ahmet Sungur tutuklanarak cezaevine gönderilmişti. Soruşturma, imar dosyalarındaki usulsüzlükler, haksız mal edinme suçlamaları ve önceki döneme ait işlemler üzerinden derinleştirilerek devam ediyor.","Yahşihan Belediyesi başkan yardımcısının mal varlığına bakın! Tam 1630 taşınmaz Yahşihan Belediyesi başkan yardımcısının mal varlığına bakın! Tam 1630 taşınmaz Son Dakika Kırıkkale'de AK Partili Yahşihan Belediyesi'ne yönelik yolsuzluk soruşturmasının ikinci dalgasında, aralarında Belediye Başkanvekili ve Başkan Yardımcısının da bulunduğu 9 şüpheli gözaltına alındı. Soruşturma kapsamında 2 bin 31 taşınmaza tedbir uygulanırken, Başkan Yardımcısı Satılmış Serkan Yıldıran'ın üzerine kayıtlı 1630 taşınmaz tespit edildiği, evinde ise 11 bin 312 mermi ve ruhsatsız tabanca ele geçirildiği bildirildi. Yahşihan Belediyesi başkan yardımcısının mal varlığına bakın! Tam 1630 taşınmaz Haberin Videosunu İzlemek İçin Tıklayın Son Güncelleme: 08.10.2026 13:17 Kırıkkale'de AK Partili Yahşihan Belediyesi'ne yönelik yolsuzluk soruşturmasının ikinci dalgasında, aralarında Belediye Başkanvekili ve Başkan Yardımcısının da bulunduğu 9 şüpheli gözaltına alındı. Kırıkkale Cumhuriyet Başsavcılığı tarafından Yahşihan Belediyesi'ne yönelik yürütülen yolsuzluk soruşturması kapsamında ikinci dalga operasyon için düğmeye basıldı. Aralarında Belediye Başkanvekili ve Belediye Başkan Yardımcısının da bulunduğu 9 şüpheli gözaltına alınırken, operasyona el konulan binlerce taşınmaz ve ele geçirilen cephanelik damga vurdu. ŞAFAK VAKTİ 9 GÖZALTI VE BELEDİYEDE ARAMA Elde edilen yeni ifadeler, mali analiz raporları ve imar dosyalarındaki deliller doğrultusunda Kırıkkale ve Ankara'da saat 06.30'da eş zamanlı operasyon düzenlendi. İl Jandarma Komutanlığı ekiplerince gerçekleştirilen baskınlarda Yahşihan Belediye Başkanvekili Aydın Demirdirek, Belediye Başkan Yardımcısı Satılmış Serkan Yıldıran ve eski İmar Müdürü Ulaş Biçer'in yakınlarının da aralarında bulunduğu toplam 9 kişi gözaltına alındı. Belediye binasında ve şüphelilerin evlerinde yapılan aramalarda imar işlemlerine ait dosyalara, bilgisayarlara ve dijital materyallere el konuldu. BAŞKAN YARDIMCISININ ÜZERİNE 1630 TAŞINMAZ KAYITLI Soruşturmanın en çarpıcı detayı ise şüphelilerin mal varlıklarına yönelik incelemelerde ortaya çıktı. Jandarma Genel Komutanlığı KOM Daire Başkanlığı'nın mali analiz raporuna göre, sadece Belediye Başkan Yardımcısı Satılmış Serkan Yıldıran'ın adına kayıtlı tam 1.630 adet taşınmaz tespit edildi. Alınan ifadelerde, Yıldıran'ın eski Belediye Başkanı Ahmet Sungur'un ""kasası"" olduğu ve finansal işlerini yürüttüğü iddia edildi. Savcılık, bu devasa mal varlığının adli denetimden kaçırılmak amacıyla Yıldıran'ın üzerine yapılıp yapılmadığını araştırıyor. LÜKS ARAÇLAR VE TOPLAM 2 BİN 31 TAŞINMAZA EL KONULDU Operasyon kapsamında örgüt yöneticisi olmakla suçlanan eski İmar Müdürü Ulaş Biçer'in eşi, kayınvalidesi ve baldızı gibi yakınlarının üzerine kayıtlı çok sayıda mülke de el konuldu. Soruşturma çerçevesinde Başkanvekili Demirdirek'e ait 11, encümen üyelerine ait onlarca mülk dahil olmak üzere toplam 2 bin 31 taşınmaza tedbir uygulandı. Ayrıca şüphelilerden Canan Demirkaya adına kayıtlı Porsche ve Ayşe Öztürk adına kayıtlı Mercedes-Benz G Serisi lüks ciplere de el konuldu. BAŞKAN YARDIMCISININ EVİNDEN 11 BİN 312 MERMİ ÇIKTI Devasa gayrimenkul kayıtlarıyla dikkat çeken Başkan Yardımcısı Satılmış Serkan Yıldıran'ın evinde yapılan aramalar ise şaşkınlık yarattı. Jandarma ekipleri, Yıldıran'ın ikametinde seri numarası bulunmayan 9 milimetre çapında ruhsatsız bir tabanca ile tam 11 bin 312 adet tabanca fişeği ele geçirdi. Yahşihan Belediyesi'ndeki usulsüzlük iddiaları üzerine başlatılan geniş çaplı yolsuzluk soruşturmasının ilk aşamasında, eski Yahşihan Belediye Başkanı Ahmet Sungur tutuklanarak cezaevine gönderilmişti. Soruşturma, imar dosyalarındaki usulsüzlükler, haksız mal edinme suçlamaları ve önceki döneme ait işlemler üzerinden derinleştirilerek devam ediyor. Tam 1630 taşınmaz Kırıkkale'de AK Partili Yahşihan Belediyesi'ne yönelik yolsuzluk soruşturmasının ikinci dalgasında, aralarında Belediye Başkanvekili ve Başkan Yardımcısının da bulunduğu 9 şüpheli gözaltına alındı. Elde edilen yeni ifadeler, mali analiz raporları ve imar dosyalarındaki deliller doğrultusunda Kırıkkale ve Ankara'da saat 06.30'da eş zamanlı operasyon düzenlendi. Soruşturmanın en çarpıcı detayı ise şüphelilerin mal varlıklarına yönelik incelemelerde ortaya çıktı. Operasyon kapsamında örgüt yöneticisi olmakla suçlanan eski İmar Müdürü Ulaş Biçer'in eşi, kayınvalidesi ve baldızı gibi yakınlarının üzerine kayıtlı çok sayıda mülke de el konuldu. Devasa gayrimenkul kayıtlarıyla dikkat çeken Başkan Yardımcısı Satılmış Serkan Yıldıran'ın evinde yapılan aramalar ise şaşkınlık yarattı.",browser_full_article,https://www.sondakika.com/amp/haber-yahsihan-belediyesi-baskan-yardimcisinin-mal-20309583/,Ankara | Kırıkkale,,,,,,,ilçe yok | firma yok | faaliyet/tesis yok,,,,maps araması yapılmadı,,,93.0,20
2026-10-08 09:39:23,mal varlığına el konuldu,Diğer,Adına kayıtlı bin 630 taşınmaz çıktı: Başkan yardımcısının mal varlığı dudak uçuklattı,Adına kayıtlı bin 630 taşınmaz çıktı: Başkan yardımcısının mal varlığı dudak uçuklattı Yeni Şafak,https://news.google.com/rss/articles/CBMizwFBVV95cUxQWktUZWdEMDQ3V0Y5MElxZjZRX2Zuc2x5TGlBWWpyVGVQcXlHNTZiTFVLRkRpR2U4OEM4Uks4SzVFNHA5LUlpa19pWWRNcVZzR0lBTnZ3OUt0OXBvVTdxWV9RdUpldWRXQ3lGZWdjTC1wbWVpQjI2YjA4djA2TWdQM2ZEc0NyNzBqdGZUdmZ6ZkJWbVVpc3FiUHdPUkdoUkQ5ZDZNZEtaZ3V4d1V0OGNUZnVCd0sxTWRuT3pIRUc4YjBsMV93ZXZIdkczUHNOems?oc=5,mal varlığı,,Adına kayıtlı bin 630 taşınmaz çıktı: Başkan yardımcısının mal varlığı dudak uçuklattı Yeni Şafak,Adına kayıtlı bin 630 taşınmaz çıktı: Başkan yardımcısının mal varlığı dudak uçuklattı Adına kayıtlı bin 630 taşınmaz çıktı: Başkan yardımcısının mal varlığı dudak uçuklattı Yeni Şafak Adına kayıtlı bin 630 taşınmaz çıktı: Başkan yardımcısının mal varlığı dudak uçuklattı Yeni Şafak,browser_failed,https://news.google.com/rss/articles/CBMizwFBVV95cUxQWktUZWdEMDQ3V0Y5MElxZjZRX2Zuc2x5TGlBWWpyVGVQcXlHNTZiTFVLRkRpR2U4OEM4Uks4SzVFNHA5LUlpa19pWWRNcVZzR0lBTnZ3OUt0OXBvVTdxWV9RdUpldWRXQ3lGZWdjTC1wbWVpQjI2YjA4djA2TWdQM2ZEc0NyNzBqdGZUdmZ6ZkJWbVVpc3FiUHdPUkdoUkQ5ZDZNZEtaZ3V4d1V0OGNUZnVCd0sxTWRuT3pIRUc4YjBsMV93ZXZIdkczUHNOems?oc=5&hl=tr&gl=TR&ceid=TR:tr,,,,,,,,il yok | ilçe yok | firma yok | faaliyet/tesis yok,,,,maps araması yapılmadı,,,84.22,21
2026-10-03 12:54:12,mal varlığına el konuldu,Diğer,"Bursa'daki 7 masaj salonuna operasyon; 21 kadın kurtarıldı, mal varlıklarına el konuldu","Bursa'daki 7 masaj salonuna operasyon; 21 kadın kurtarıldı, mal varlıklarına el konuldu - Olay Gazetesi Olay Gazetesi Bursa",https://news.google.com/rss/articles/CBMitwFBVV95cUxOY2JrNGw1SUZaVEpqZXFPNE1PSUJFMFpUQ0pCcXVRa0w2MFJPZjNuVTNZZUtJd2J1Q1JXeDN4VlA4SWQ1ajRFbm5FcVNOZ0tRVEJ5cW1rUWpTWEVlSm56YkNxMU1jSW5ZbTNjZHdFT054bGdGaUdiOUF0bFc4MlhrQ2xyWXRUZUMwXzVkVEhReFBXUFI2R2FfcnhkMDZqNW9SS1VRZm1DRHQxUGxjMFNZM0V2V3JRclHSAbcCQVVfeXFMTkN5SkNQdllxQ0pCdkVZV3ZpNEJic3JERENGd2E3NzNzLWVTNEI1bFExTHNjOWtuRjducGs1RFEyQlQwSkVhSUJ3VTFHQmpHTGh6NjhiVmJCVFJYT3J1aWhwSzNMM25IcUtEUEJkTW9wR1RGOEZJbVV5Z0lKRzI0UUhYOWprejJBUXNRQVMyN0RpdG5VbXR3X3dxamFxRFplSHNyQ043QnBsMWZPZ25EejNDNUtuRlRHZjgtM01abWtQRGpNOXRBU3Q1N19qUm9ZTFNXbGo3dnVscHRzeEYxS2Z5QlhPNXdpVVZMempRaVIxTHVDVWdfMWJNdzE1ZkJVSVdCTU9NUDlYMG1JeG9tMkdERHdfcDhVcDlJV21WTzV6eUZLUFhLTDBjQk9VTTVZb0p2NHFqSU0?oc=5,el konuldu,,"Bursa'daki 7 masaj salonuna operasyon; 21 kadın kurtarıldı, mal varlıklarına el konuldu - Olay Gazetesi Olay Gazetesi Bursa","Bursa'daki 7 masaj salonuna operasyon; 21 kadın kurtarıldı, mal varlıklarına el konuldu Bursa'daki 7 masaj salonuna operasyon; 21 kadın kurtarıldı, mal varlıklarına el konuldu - Olay Gazetesi Olay Gazetesi Bursa Bursa'daki 7 masaj salonuna operasyon; 21 kadın kurtarıldı, mal varlıklarına el konuldu - Olay Gazetesi Olay Gazetesi Bursa",browser_failed,https://news.google.com/rss/articles/CBMitwFBVV95cUxOY2JrNGw1SUZaVEpqZXFPNE1PSUJFMFpUQ0pCcXVRa0w2MFJPZjNuVTNZZUtJd2J1Q1JXeDN4VlA4SWQ1ajRFbm5FcVNOZ0tRVEJ5cW1rUWpTWEVlSm56YkNxMU1jSW5ZbTNjZHdFT054bGdGaUdiOUF0bFc4MlhrQ2xyWXRUZUMwXzVkVEhReFBXUFI2R2FfcnhkMDZqNW9SS1VRZm1DRHQxUGxjMFNZM0V2V3JRclHSAbcCQVVfeXFMTkN5SkNQdllxQ0pCdkVZV3ZpNEJic3JERENGd2E3NzNzLWVTNEI1bFExTHNjOWtuRjducGs1RFEyQlQwSkVhSUJ3VTFHQmpHTGh6NjhiVmJCVFJYT3J1aWhwSzNMM25IcUtEUEJkTW9wR1RGOEZJbVV5Z0lKRzI0UUhYOWprejJBUXNRQVMyN0RpdG5VbXR3X3dxamFxRFplSHNyQ043QnBsMWZPZ25EejNDNUtuRlRHZjgtM01abWtQRGpNOXRBU3Q1N19qUm9ZTFNXbGo3dnVscHRzeEYxS2Z5QlhPNXdpVVZMempRaVIxTHVDVWdfMWJNdzE1ZkJVSVdCTU9NUDlYMG1JeG9tMkdERHdfcDhVcDlJV21WTzV6eUZLUFhLTDBjQk9VTTVZb0p2NHFqSU0?oc=5&hl=tr&gl=TR&ceid=TR:tr,,,,,,,,il yok | ilçe yok | firma yok | faaliyet/tesis yok,,,,maps araması yapılmadı,,,91.48,22
2026-10-03 12:36:47,mal varlığına el konuldu,Diğer,"Bursa'da masaj salonu ağı çöktü: 21 kadın kurtarıldı, çok sayıda varlığa el konuldu","Bursa'da masaj salonu ağı çöktü: 21 kadın kurtarıldı, çok sayıda varlığa el konuldu Aksiyon.com.TR",https://news.google.com/rss/articles/CBMitgFBVV95cUxQSmFZZlZQVlhqQUJrOWkyN0pGLV9aRzlKaVRkNkFlS0syQjNyWXBfczExeGIzdHJ5ZjFzU09DWFc2WkVvbWhkRU4zUDE1ZWxKbWdSazliYndMQy1yREVLRU1JUzQtU1RqaUwydTBJOHh0ZGYtbUF6SG5wMVdhZzRtREtybXVqYXotb3RDQ1M0bnItSU8xNUZaRWNYaWpIaXpJZ3dqSnNic3lld2R4b2pFTlljNUVHQdIBuwFBVV95cUxPMmVmWGRXSkxtQTExb2VQTm0tTFd0dXdOR3pMZWEteUVMXzNHSlI4T0JRTjhVNVJzbkdVU3V0dUVkZHRPWU1Ib0FnNE5EOFpkR1p0WFVEdUQ5SW9RajV4ekZlOXpwQ2NReHBpdTFKUDgtU2xfRFl6MmxVb2U1ZzNEenU3cVZWR2FPZDNKZEQwQ0k2UC12ckpobmpaaXNxZ19TdVhiRnhWVlNjaDgxTmpWczN2NkF5UEJWdmIw?oc=5,el konuldu,,"Bursa'da düzenlenen baskında masaj salonlarında fuhşa zorlanan 21 kadın kurtarıldı; 12 şüpheli gözaltına alındı, 11 milyon liralık malvarlığına el konuldu. Bursa'da düzenlenen baskında masaj salonlarında fuhşa zorlanan 21 kadın kurtarıldı; 12 şüpheli gözaltına alındı, 11 milyon liralık malvarlığına el konuldu. Bursa'da düzenlenen baskında masaj salonlarında fuhşa zorlanan 21 kadın kurtarıldı; 12 şüpheli gözaltına alındı, 11 milyon liralık malvarlığına el konuldu. Bursa operasyonunda ekipler, mağdurlar ve el konulan varlıklara ilişkin bilgi verdi Bursa Emniyet Müdürlüğü Asayiş Şube Müdürlüğü, Bursa Cumhuriyet Başsavcılığı koordinesinde yürütülen soruşturma kapsamında kent genelindeki bazı masaj salonlarına yönelik kapsamlı bir operasyona imza attı. Yapılan çalışmada, maddi imkânsızlıklarından yararlanılan kadınların fuhşa teşvik edildiği ve bu yolla haksız kazanç elde edildiği belirlendi. Operasyonun kapsamı ve bulgular: Soruşturma sürecinde tespit edilen 7 ayrı masaj salonu ile Bursa merkezli ve Hatay 'da eş zamanlı gerçekleştirilen baskınlarda çok sayıda adrese arama yapıldı. Aramalarda, fuhuştan elde edildiği değerlendirilen gelir kayıtlarının tutulduğu defterler, 53 bin 900 lira nakit, 19 cep telefonu ve çeşitli cinsel içerikli materyaller ele geçirildi. Operasyonlarda fuhşa zorlandığı tespit edilen 21 kadın kurtarıldı. Gözaltılar, malvarlığına el konulması ve yasal süreç: Soruşturma kapsamında E.K., A.K., E.A., D.E., Ö.Ü., B.K., O.S., A.A., G.F., M.E., C.Ö. ve Ü.Y. adlı toplam 12 şüpheli yakalanarak gözaltına alındı. Suçtan kaynaklanan malvarlığı değerlerinin aklanması suçuna ilişkin yapılan incelemelerde, şüphelilere ait olduğu belirlenen yaklaşık 6 milyon TL değerindeki 3 araç ile 4 milyon 900 bin TL değerindeki 1 taşınmaza, ayrıca banka ve elektronik para hesaplarına adli makam kararlarıyla el konuldu. Emniyetteki işlemleri tamamlanan şüpheliler adliyeye sevk edildi. Yetkililer, soruşturmanın fuhşa teşvik, insan ticareti ve suç gelirlerinin aklanması boyutlarının titizlikle incelendiğini; benzer suçlarla mücadeleye kararlılıkla devam edileceğini bildirdi. BURSA'DA MASAJ SALONLARI ÜZERİNDEN KADINLARI FUHŞA TEŞVİK EDEREK HAKSIZ KAZANÇ SAĞLADIKLARI VE ELDE EDİLEN GELİRLERİ AKLADIKLARI ÖNE SÜRÜLEN ŞÜPHELİLERE YÖNELİK DÜZENLENEN OPERASYONDA 21 KADIN KURTARILIRKEN, 12 ŞÜPHELİ GÖZALTINA ALINDI. ŞÜPHELİLERE AİT YAKLAŞIK 11 MİLYON LİRALIK MAL VARLIĞINA DA EL KONULDU. 1 Samsun’da kavşağa kırmızı ışıkta giren tırın iki araca çarpma anı kamerada Samsun’da kavşağa kırmızı ışıkta giren tırın iki araca çarpma anı kamerada 2 Dicle’de okullar için kapsamlı güvenlik değerlendirmesi Dicle’de okullar için kapsamlı güvenlik değerlendirmesi 3 Yüreğir'de iş yeri hedef alındı; inşaat ofisinin duvarlarına 11 kurşun isabet etti Yüreğir'de iş yeri hedef alındı; inşaat ofisinin duvarlarına 11 kurşun isabet etti 4 Bayrampaşa'da caddede duran araca pusu: 7 kilo altın ve yüklü para çalındı Bayrampaşa'da caddede duran araca pusu: 7 kilo altın ve yüklü para çalındı 5 Motosikletini park edip indiği sırada suvun çarptığı kurye yaralandı Motosikletini park edip indiği sırada suvun çarptığı kurye yaralandı 6 Şehir girişindeki rutin kontrolde 594 uyuşturucu hap bulundu Şehir girişindeki rutin kontrolde 594 uyuşturucu hap bulundu 7 Eski eşinin yaşadığı evi ateşe veren zanlı tutuklandı Eski eşinin yaşadığı evi ateşe veren zanlı tutuklandı Bursa'da masaj salonu ağı çöktü: 21 kadın kurtarıldı, çok sayıda varlığa el konuldu Bursa operasyonunda ekipler, mağdurlar ve el konulan varlıklara ilişkin bilgi verdi Bursa'da düzenlenen baskında masaj salonlarında fuhşa zorlanan 21 kadın kurtarıldı; 12 şüpheli gözaltına alındı, 11 milyon liralık malvarlığına el konuldu. Bursa Emniyet Müdürlüğü Asayiş Şube Müdürlüğü, Bursa Cumhuriyet Başsavcılığı koordinesinde yürütülen soruşturma kapsamında kent genelindeki bazı masaj salonlarına yönelik kapsamlı bir operasyona imza attı. Yapılan çalışmada, maddi imkânsızlıklarından yararlanılan kadınların fuhşa teşvik edildiği ve bu yolla haksız kazanç elde edildiği belirlendi. Soruşturma sürecinde tespit edilen 7 ayrı masaj salonu ile Bursa merkezli ve Hatay 'da eş zamanlı gerçekleştirilen baskınlarda çok sayıda adrese arama yapıldı. Aramalarda, fuhuştan elde edildiği değerlendirilen gelir kayıtlarının tutulduğu defterler, 53 bin 900 lira nakit, 19 cep telefonu ve çeşitli cinsel içerikli materyaller ele geçirildi. Operasyonlarda fuhşa zorlandığı tespit edilen 21 kadın kurtarıldı. Soruşturma kapsamında E.K., A.K., E.A., D.E., Ö.Ü., B.K., O.S., A.A., G.F., M.E., C.Ö. ve Ü.Y. adlı toplam 12 şüpheli yakalanarak gözaltına alındı. Suçtan kaynaklanan malvarlığı değerlerinin aklanması suçuna ilişkin yapılan incelemelerde, şüphelilere ait olduğu belirlenen yaklaşık 6 milyon TL değerindeki 3 araç ile 4 milyon 900 bin TL değerindeki 1 taşınmaza, ayrıca banka ve elektronik para hesaplarına adli makam kararlarıyla el konuldu. Emniyetteki işlemleri tamamlanan şüpheliler adliyeye sevk edildi. Yetkililer, soruşturmanın fuhşa teşvik, insan ticareti ve suç gelirlerinin aklanması boyutlarının titizlikle incelendiğini; benzer suçlarla mücadeleye kararlılıkla devam edileceğini bildirdi. BURSA'DA MASAJ SALONLARI ÜZERİNDEN KADINLARI FUHŞA TEŞVİK EDEREK HAKSIZ KAZANÇ SAĞLADIKLARI VE ELDE EDİLEN GELİRLERİ AKLADIKLARI ÖNE SÜRÜLEN ŞÜPHELİLERE YÖNELİK DÜZENLENEN OPERASYONDA 21 KADIN KURTARILIRKEN, 12 ŞÜPHELİ GÖZALTINA ALINDI. ŞÜPHELİLERE AİT YAKLAŞIK 11 MİLYON LİRALIK MAL VARLIĞINA DA EL KONULDU. Adım Mustafa Şahin, 33 yaşındayım. İstanbul'da yaşıyorum. aksiyon.com.tr'de Gündem editörüyüm, uzmanlık alanım güvenlik ve savunma politikaları. Ciddi ve disiplinli biriyim. Okuyucularımıza derinlemesine analizler ve özel dosyalar hazırlamayı seviyorum. 1 Ocak'ta İstanbul'da Toplu Taşıma Ücretsiz: İBB Metro, Metrobüs ve Otobüs Ek Seferlerini Açıkladı 2026 Sosyal Destek Zamları: Evde Bakım, 65 Yaş ve Engelli Maaşlarında Yeni Tahminler 29 Aralık: Van, Zonguldak, Karabük, Bolu ve Düzce'de okullar tatil — Üniversiteler ne durumda? 26-27 Aralık Hava Durumu: İstanbul, Ankara ve Yalova için Kar Tahminleri Market poşeti fiyatı 2026'da 1 TL oldu — 1 Ocak 2026'da yürürlüğe giren tarife 2026 Zorunlu Trafik Sigortası: SEDDK Teminat Limitlerini ve Çoklu Araç Tarifesini Yeniden Belirledi Taşacak Bu Deniz 13. bölüm neden yok? TRT 1, 2 Ocak yayın planını değiştirdi Emekliye 60.000 TL'ye Kadar Paketler: Bankaların Güncel Promosyon ve Ek Avantajları 29 Aralık İstanbul'da Okullar Tatil mi? Valilik ve Meteoroloji Açıklamaları 2026 Ehliyet, Pasaport ve Kimlik Kartı Harçları Resmileşti: Yeni Tarifeler ve Geçerlilik Tarihi İstanbul'da simit fiyatları fiilen yükseldi: Resmi tarife 15 TL, satışlar 20-25 TL'ye çıktı Resmi Gazete'de yayımlandı: 66 meslekte Mesleki Yeterlilik Belgesi zorunluluğu","Bursa'da masaj salonu ağı çöktü: 21 kadın kurtarıldı, çok sayıda varlığa el konuldu Bursa'da masaj salonu ağı çöktü: 21 kadın kurtarıldı, çok sayıda varlığa el konuldu Aksiyon.com.TR Bursa'da düzenlenen baskında masaj salonlarında fuhşa zorlanan 21 kadın kurtarıldı; 12 şüpheli gözaltına alındı, 11 milyon liralık malvarlığına el konuldu. Bursa operasyonunda ekipler, mağdurlar ve el konulan varlıklara ilişkin bilgi verdi Bursa Emniyet Müdürlüğü Asayiş Şube Müdürlüğü, Bursa Cumhuriyet Başsavcılığı koordinesinde yürütülen soruşturma kapsamında kent genelindeki bazı masaj salonlarına yönelik kapsamlı bir operasyona imza attı. Yapılan çalışmada, maddi imkânsızlıklarından yararlanılan kadınların fuhşa teşvik edildiği ve bu yolla haksız kazanç elde edildiği belirlendi. Operasyonun kapsamı ve bulgular: Soruşturma sürecinde tespit edilen 7 ayrı masaj salonu ile Bursa merkezli ve Hatay 'da eş zamanlı gerçekleştirilen baskınlarda çok sayıda adrese arama yapıldı. Aramalarda, fuhuştan elde edildiği değerlendirilen gelir kayıtlarının tutulduğu defterler, 53 bin 900 lira nakit, 19 cep telefonu ve çeşitli cinsel içerikli materyaller ele geçirildi. Operasyonlarda fuhşa zorlandığı tespit edilen 21 kadın kurtarıldı. Gözaltılar, malvarlığına el konulması ve yasal süreç: Soruşturma kapsamında E.K., A.K., E.A., D.E., Ö.Ü., B.K., O.S., A.A., G.F., M.E., C.Ö. adlı toplam 12 şüpheli yakalanarak gözaltına alındı. Suçtan kaynaklanan malvarlığı değerlerinin aklanması suçuna ilişkin yapılan incelemelerde, şüphelilere ait olduğu belirlenen yaklaşık 6 milyon TL değerindeki 3 araç ile 4 milyon 900 bin TL değerindeki 1 taşınmaza, ayrıca banka ve elektronik para hesaplarına adli makam kararlarıyla el konuldu. Emniyetteki işlemleri tamamlanan şüpheliler adliyeye sevk edildi. Yetkililer, soruşturmanın fuhşa teşvik, insan ticareti ve suç gelirlerinin aklanması boyutlarının titizlikle incelendiğini; benzer suçlarla mücadeleye kararlılıkla devam edileceğini bildirdi. BURSA'DA MASAJ SALONLARI ÜZERİNDEN KADINLARI FUHŞA TEŞVİK EDEREK HAKSIZ KAZANÇ SAĞLADIKLARI VE ELDE EDİLEN GELİRLERİ AKLADIKLARI ÖNE SÜRÜLEN ŞÜPHELİLERE YÖNELİK DÜZENLENEN OPERASYONDA 21 KADIN KURTARILIRKEN, 12 ŞÜPHELİ GÖZALTINA ALINDI. ŞÜPHELİLERE AİT YAKLAŞIK 11 MİLYON LİRALIK MAL VARLIĞINA DA EL KONULDU. 1 Samsun’da kavşağa kırmızı ışıkta giren tırın iki araca çarpma anı kamerada Samsun’da kavşağa kırmızı ışıkta giren tırın iki araca çarpma anı kamerada 2 Dicle’de okullar için kapsamlı güvenlik değerlendirmesi Dicle’de okullar için kapsamlı güvenlik değerlendirmesi 3 Yüreğir'de iş yeri hedef alındı; inşaat ofisinin duvarlarına 11 kurşun isabet etti Yüreğir'de iş yeri hedef alındı; inşaat ofisinin duvarlarına 11 kurşun isabet etti 4 Bayrampaşa'da caddede duran araca pusu: 7 kilo altın ve yüklü para çalındı Bayrampaşa'da caddede duran araca pusu: 7 kilo altın ve yüklü para çalındı 5 Motosikletini park edip indiği sırada suvun çarptığı kurye yaralandı Motosikletini park edip indiği sırada suvun çarptığı kurye yaralandı 6 Şehir girişindeki rutin kontrolde 594 uyuşturucu hap bulundu Şehir girişindeki rutin kontrolde 594 uyuşturucu hap bulundu 7 Eski eşinin yaşadığı evi ateşe veren zanlı tutuklandı Eski eşinin yaşadığı evi ateşe veren zanlı tutuklandı Bursa'da masaj salonu ağı çöktü: 21 kadın kurtarıldı, çok sayıda varlığa el konuldu Bursa operasyonunda ekipler, mağdurlar ve el konulan varlıklara ilişkin bilgi verdi Bursa'da düzenlenen baskında masaj salonlarında fuhşa zorlanan 21 kadın kurtarıldı; 12 şüpheli gözaltına alındı, 11 milyon liralık malvarlığına el konuldu. Bursa Emniyet Müdürlüğü Asayiş Şube Müdürlüğü, Bursa Cumhuriyet Başsavcılığı koordinesinde yürütülen soruşturma kapsamında kent genelindeki bazı masaj salonlarına yönelik kapsamlı bir operasyona imza attı. Soruşturma sürecinde tespit edilen 7 ayrı masaj salonu ile Bursa merkezli ve Hatay 'da eş zamanlı gerçekleştirilen baskınlarda çok sayıda adrese arama yapıldı. Soruşturma kapsamında E.K., A.K., E.A., D.E., Ö.Ü., B.K., O.S., A.A., G.F., M.E., C.Ö. Adım Mustafa Şahin, 33 yaşındayım. 1 Ocak'ta İstanbul'da Toplu Taşıma Ücretsiz: İBB Metro, Metrobüs ve Otobüs Ek Seferlerini Açıkladı 2026 Sosyal Destek Zamları: Evde Bakım, 65 Yaş ve Engelli Maaşlarında Yeni Tahminler 29 Aralık: Van, Zonguldak, Karabük, Bolu ve Düzce'de okullar tatil — Üniversiteler ne durumda? 26-27 Aralık Hava Durumu: İstanbul, Ankara ve Yalova için Kar Tahminleri Market poşeti fiyatı 2026'da 1 TL oldu — 1 Ocak 2026'da yürürlüğe giren tarife 2026 Zorunlu Trafik Sigortası: SEDDK Teminat Limitlerini ve Çoklu Araç Tarifesini Yeniden Belirledi Taşacak Bu Deniz 13. Valilik ve Meteoroloji Açıklamaları 2026 Ehliyet, Pasaport ve Kimlik Kartı Harçları Resmileşti: Yeni Tarifeler ve Geçerlilik Tarihi İstanbul'da simit fiyatları fiilen yükseldi: Resmi tarife 15 TL, satışlar 20-25 TL'ye çıktı Resmi Gazete'de yayımlandı: 66 meslekte Mesleki Yeterlilik Belgesi zorunluluğu",browser_full_article,https://www.aksiyon.com.tr/bursa-da-masaj-salonu-agi-coktu-21-kadin-kurtarildi-cok-sayida-varliga-el-konuldu-367357,Bursa | Düzce | Hatay | İstanbul | Samsun,Yüreğir | Dicle | Bayrampaşa,,,,,,firma yok | faaliyet/tesis yok,,,,maps araması yapılmadı,,,125.0,23
2026-10-06 07:36:00,mal varlığına el konuldu,Diğer,"Kuyumcukent’te 64 kiloluk ""eritme altın"" vurgunu: 3 ilde eş zamanlı operasyon, milyonluk mal varlığına el konuldu","Kuyumcukent’te 64 kiloluk ""eritme altın"" vurgunu: 3 ilde eş zamanlı operasyon, milyonluk mal varlığına el konuldu KARAR",https://news.google.com/rss/articles/CBMirgFBVV95cUxNckpqZzdIMHpWZjdVS3VFNW12TGpuNnk4SlpNYUFvX001c1czbl8tYnh0WXlMTnpkU1Mxc3dEejA5MmFMZHhBZlZ4M1p0eUJPam5UZU5VTzZBQ3E4bUxUWXUyX0lqSS1LandvQ3ktbzBrVk9pUmZicWNJaWpuSlJlM09STWQ5YXBwRTEtT3VPQWFRX1YzUENRQllQbG9RaVRHRGRvSXhxcHZtUDZ0SEE?oc=5,"el konuldu, mal varlığı",,"Kuyumcukent’te 64 kiloluk ""eritme altın"" vurgunu: 3 ilde eş zamanlı operasyon, milyonluk mal varlığına el konuldu KARAR","Kuyumcukent’te 64 kiloluk ""eritme altın"" vurgunu: 3 ilde eş zamanlı operasyon, milyonluk mal varlığına el konuldu Kuyumcukent’te 64 kiloluk ""eritme altın"" vurgunu: 3 ilde eş zamanlı operasyon, milyonluk mal varlığına el konuldu KARAR Kuyumcukent’te 64 kiloluk ""eritme altın"" vurgunu: 3 ilde eş zamanlı operasyon, milyonluk mal varlığına el konuldu KARAR",browser_failed,https://news.google.com/rss/articles/CBMirgFBVV95cUxNckpqZzdIMHpWZjdVS3VFNW12TGpuNnk4SlpNYUFvX001c1czbl8tYnh0WXlMTnpkU1Mxc3dEejA5MmFMZHhBZlZ4M1p0eUJPam5UZU5VTzZBQ3E4bUxUWXUyX0lqSS1LandvQ3ktbzBrVk9pUmZicWNJaWpuSlJlM09STWQ5YXBwRTEtT3VPQWFRX1YzUENRQllQbG9RaVRHRGRvSXhxcHZtUDZ0SEE?oc=5&hl=tr&gl=TR&ceid=TR:tr,,,,,,,,il yok | ilçe yok | firma yok | faaliyet/tesis yok,,,,maps araması yapılmadı,,,103.44,24
2026-10-03 08:51:28,mal varlığına el konuldu,Operasyon / Soruşturma / Suç,'Cehennem Melekleri'ne tarihi operasyon! 71 gözaltı: Aralarında Türk yöneticiler de var... 50 milyon euro'luk mal varlığına el kondu,'Cehennem Melekleri'ne tarihi operasyon! 71 gözaltı: Aralarında Türk yöneticiler de var... 50 milyon euro'luk mal varlığına el kondu - Güncel Haberler Mynet,https://news.google.com/rss/articles/CBMi9gFBVV95cUxNbndteFRUbEhaYUhhU0ptV29nSTJRenAzREpidVM2WU1PbFQtOEZITE84S2RXaVRWYzFDa3ktc1RSbEQ3ZjZ2ZXR6VXdqN2RMYkx1M19EVzJHd3plUnJrdDExRmpUUld6dFEwRkNRZDB2aWxJaERwemk5OTZUUG9XZVRXcmg1czJ6U1JSZDZrMklaTmVhcERBRklrZU5kbks5MHA2M3ptNFhOODVKQy04MmNhLTN3RUtsODNiUXBvU19vbUV1Tl84bGJlV3hKQXFmNUVBOW52OTJJU2ZUMmtXd19QdlBEREgwMVFrWHhaVlk3Yy02VXfSAfsBQVVfeXFMUGxEZVI2UEZlNXZUajRSRmRpOEE1R2ZHbjBnRmsyLWtDLWlqa3FFY0kweFJCajVYdldXZ1NIMGNPeFhXOEtRMmg2a1VtdHhOS2ZDczZPY2YtdnFDTVFWdld3dEZhaU10cWdSbDEzYkNVcXRxZzJpSnAwM0dORGVLUWdiUFc5VmZuX0NzTzBGenFjZnJCMk9DTzlscEY1dFNBWmpXN0tLWE1WV0NBZlFWbHFobmZydy1pU2ZtYzVNRndCNy1pZzZOLVAtSGlXakFSWFJsVzMxWUN3U29mR1pXdlVGYXF1TFpwLTlWanFWd1V0aTdTZkUySXpucTQ?oc=5,mal varlığı,,"Avrupa'da Hells Angels ismiyle bilinen Cehennem Melekleri isimli motosiklet çetesine büyük bir operasyon düzenlendi. Aralarında Türk üst düzey yöneticilerin de bulunduğu çeteye Avrupa'nın 4 ülkesinde iki bin polisle düzenlenen operasyonda 71 kişi gözaltına alınırken, çetenin 50 milyon euro'luk mal varlığına el kondu. Avrupa'da Hells Angels ismiyle bilinen Cehennem Melekleri isimli motosiklet çetesine büyük bir operasyon düzenlendi. Aralarında Türk üst düzey yöneticilerin de bulunduğu çeteye Avrupa'nın 4 ülkesinde iki bin polisle düzenlenen operasyonda 71 kişi gözaltına alınırken, çetenin 50 milyon euro'luk mal varlığına el kondu. Avrupa'da Hells Angels ismiyle bilinen Cehennem Melekleri isimli motosiklet çetesine büyük bir operasyon düzenlendi. Aralarında Türk üst düzey yöneticilerin de bulunduğu çeteye Avrupa'nın 4 ülkesinde iki bin polisle düzenlenen operasyonda 71 kişi gözaltına alınırken, çetenin 50 milyon euro'luk mal varlığına el kondu.","'Cehennem Melekleri'ne tarihi operasyon! 71 gözaltı: Aralarında Türk yöneticiler de var... 50 milyon euro'luk mal varlığına el kondu 'Cehennem Melekleri'ne tarihi operasyon! 71 gözaltı: Aralarında Türk yöneticiler de var... 50 milyon euro'luk mal varlığına el kondu - Güncel Haberler Mynet Avrupa'da Hells Angels ismiyle bilinen Cehennem Melekleri isimli motosiklet çetesine büyük bir operasyon düzenlendi. Aralarında Türk üst düzey yöneticilerin de bulunduğu çeteye Avrupa'nın 4 ülkesinde iki bin polisle düzenlenen operasyonda 71 kişi gözaltına alınırken, çetenin 50 milyon euro'luk mal varlığına el kondu.",browser_full_article,https://haber.mynet.com/cehennem-melekleri-ne-tarihi-operasyon-71-gozalti-aralarinda-turk-yoneticiler-de-var-50-milyon-euro-luk-mal-varligina-el-kondu-110107314690,,,,,,,,il yok | ilçe yok | firma yok | faaliyet/tesis yok,,,,maps araması yapılmadı,,,130.56,25
2026-10-08 07:49:38,mal varlığına el konuldu,Diğer,Yahşihan Belediyesi'ne yeni operasyon: 2 bin 31 taşınmaza el konuldu,Yahşihan Belediyesi'ne yeni operasyon: 2 bin 31 taşınmaza el konuldu Ankara Masası,https://news.google.com/rss/articles/CBMiswFBVV95cUxQMm5jd0lLaUxua3l6MzJyM2lQOW1oN0pnLUFld3FxVUJIc2hTc1B5ajJWMlY3eXhYS3lyQkNGUGItTVIxV0tJODNfRm5qWmdLVDRsWXp3bHVWR1M4UE96WUlYZFp4WFRsTmZEc2lsbWt4ZHlkMnZuTnFRTXdzdnRncFNZNzZBSGc3SlVubWNQdnJnZkFCLWNENjRzeWZuWWFLVjNsSUlPZEtvczFmb2ExaFZ6QQ?oc=5,el konuldu,,Yahşihan Belediyesi'ne yeni operasyon: 2 bin 31 taşınmaza el konuldu Ankara Masası,Yahşihan Belediyesi'ne yeni operasyon: 2 bin 31 taşınmaza el konuldu Yahşihan Belediyesi'ne yeni operasyon: 2 bin 31 taşınmaza el konuldu Ankara Masası Yahşihan Belediyesi'ne yeni operasyon: 2 bin 31 taşınmaza el konuldu Ankara Masası,browser_failed,https://news.google.com/rss/articles/CBMiswFBVV95cUxQMm5jd0lLaUxua3l6MzJyM2lQOW1oN0pnLUFld3FxVUJIc2hTc1B5ajJWMlY3eXhYS3lyQkNGUGItTVIxV0tJODNfRm5qWmdLVDRsWXp3bHVWR1M4UE96WUlYZFp4WFRsTmZEc2lsbWt4ZHlkMnZuTnFRTXdzdnRncFNZNzZBSGc3SlVubWNQdnJnZkFCLWNENjRzeWZuWWFLVjNsSUlPZEtvczFmb2ExaFZ6QQ?oc=5&hl=tr&gl=TR&ceid=TR:tr,,,,,,,,il yok | ilçe yok | firma yok | faaliyet/tesis yok,,,,maps araması yapılmadı,,,61.32,26
2026-10-03 06:52:00,kara para,Kara Para / MASAK / Bahis,Borsa ve Holding Yöneticilerine Kara Para Depremi! 20 Şüpheli Daha Tutuklandı,Borsa ve Holding Yöneticilerine Kara Para Depremi! 20 Şüpheli Daha Tutuklandı Aksu TV Haber,https://news.google.com/rss/articles/CBMipwFBVV95cUxNYXBmNVNGUjcwOW9JTjUwYWlRTks0a2VIUUt1Nl9URGU4OHRlYWlIY2RZdUtNdVREZ0N5WEdBbUhBYXN3YXlQYTV0NElJTU81Sjg1S3NQTXNucWlQZi1YMmt0OF9qbE5aY1A2Ul9aRWRfS3ZoTlFBTnBRX1JpcmdreDZ0OEc3WUpqQWVEZi1rNnlHNl8tdFpsU1BlZE0zamVJeXZOZm5tOA?oc=5,holding,şirket / firma,"İstanbul Cumhuriyet Başsavcılığı Terörizmin Finansmanı ve Aklama Suçları Soruşturma Bürosunca, sermaye piyasasında gerçekleştirilen işlemlere yönelik yürütülen dev kara para ve aklama soruşturmasında sıcak gelişmeler yaşanıyor. İstanbul Cumhuriyet Başsavcılığı Terörizmin Finansmanı ve Aklama Suçları Soruşturma Bürosunca, sermaye piyasasında gerçekleştirilen işlemlere yönelik yürütülen dev kara para ve aklama soruşturmasında sıcak gelişmeler yaşanıyor. İstanbul Cumhuriyet Başsavcılığı Terörizmin Finansmanı ve Aklama Suçları Soruşturma Bürosunca, sermaye piyasasında gerçekleştirilen işlemlere yönelik yürütülen dev kara para ve aklama soruşturmasında sıcak gelişmeler yaşanıyor. Borsa ve Holding Yöneticilerine Kara Para Depremi! 20 Şüpheli Daha Tutuklandı İstanbul Cumhuriyet Başsavcılığı Terörizmin Finansmanı ve Aklama Suçları Soruşturma Bürosunca, sermaye piyasasında gerçekleştirilen işlemlere yönelik yürütülen dev kara para ve aklama soruşturmasında sıcak gelişmeler yaşanıyor. Suna AŞÇI Editör 03.10.2026 - 09:52 Yayınlanma 1 Dk Okunma Süresi Paylaş Linkedin Pinterest Telegram Yazdır Kopyala A - A + Paylaş Linkedin Pinterest Telegram Yazdır Kopyala A - A + İstanbul Cumhuriyet Başsavcılığı Terörizmin Finansmanı ve Aklama Suçları Soruşturma Bürosu tarafından tanzim edilen ve Türkiye sermaye piyasalarını derinden sarsan dev soruşturmada tutuklama dalgası genişliyor. Burdur'da 3 aracın karıştığı kazada 1 kişi öldü 4 kişi yaralandı İçeriği Görüntüle Gözaltına alınarak adliyeye sevk edilen 20 şüphelinin İstanbul Adliyesi’ndeki sulh ceza hakimliğindeki sorgu ve tutuklama işlemleri tamamlandı. Hakimlik, savcılığın talebini yerinde bularak aralarında yabancı uyruklu isimlerin ve şirket yöneticilerinin de yer aldığı 20 kişinin tamamı hakkında tutuklama kararı verdi. İşte Tutuklanan 20 Şüphelinin Tam Listesi Sulh Ceza Hakimliği kararınca cezaevine gönderilen 20 yeni isim şunlar oldu: Ali Serhat Tüzün Ali Yöney Alper Tunga Sagu Burak Burak Sevindik Fırat Kerim Ersoy Gökhan Koçyiğit Gürsel Akça İdris Çakır Jeremy Etienne Debost Tahir Fatih Mutlu Mücahit Acaralp Nil Özalp Tuncer Köklü Yasemin Yavuz Koçyiğit Ali Göl Hüseyin Emre Güner İhsan Çimen Mesut Yalım Osman Sungur Erol Demirbaş MASAK Müzekkeresi Ve Kripto Transferleri Mercek Altında Soruşturmanın fitili, İstanbul Cumhuriyet Başsavcılığının Mali Suçları Araştırma Kuruluna (MASAK) gönderdiği müzekkere ile ateşlenmişti. Müzekkerede; Pusula Finans Holding AŞ , Tera Yatırım Menkul Değerler AŞ , Hedef Holding AŞ ve Bulls Yatırım Menkul Değerler AŞ ile bu kurumların alt şirketlerinin tüm yöneticilerine ilişkin kapsamlı mali veriler talep edilmişti. Başsavcılık, şirket yöneticilerinin açık kimlik bilgilerinin yanı sıra yurt dışına gerçekleştirdikleri para hareketleri, kripto varlık transferleri ve tüm para giriş-çıkışlarının ham verilerini incelemeye aldı. Borsa Ve Holding Zirvelerinde Çok Sayıda İsim Tutuklanmıştı Soruşturmanın önceki safhalarında da finans camiasının tanınan isimleri tutuklanmıştı. Tera Yatırım Holding Yönetim Kurulu Başkanı Emre Tezmen, Tera Yatırım Holding Yönetim Kurulu Üyesi Emre Alkin, Tera Yatırım Bağımsız Yönetim Kurulu Üyesi Kerem Alkin, Doğa Sigorta Yönetim Kurulu Başkanı Nihat Kırmızı, Pusula Holding Yönetim Kurulu Başkanı Serdar Turhan ve Tera Yatırım CEO'su Emir Münir Sarpyener’in de aralarında bulunduğu 65 kişi daha önce cezaevine gönderilmişti. Son operasyonda tutuklanan 20 kişiyle birlikte soruşturma kapsamında tutuklananların toplam sayısı 85’e ulaştı . Editörün Seçtiği Sonbahar Yorgunluğu mu Yoksa Depresyon mu? Uzmanından ""2 Hafta"" Kuralı Uyarısı! Editörün Seçtiği Çelik Tenceredeki Mavi-Mor Lekeler Nasıl Geçer? İşte En Kolay Püf Noktaları Editörün Seçtiği Başkonuş’un Gölgesinde Bir Şehir Sevdalısı: Serdar Erdoğanyılmaz Editör Hakkında Suna AŞÇI Bunlar da ilg","Borsa ve Holding Yöneticilerine Kara Para Depremi! 20 Şüpheli Daha Tutuklandı Borsa ve Holding Yöneticilerine Kara Para Depremi! 20 Şüpheli Daha Tutuklandı Aksu TV Haber İstanbul Cumhuriyet Başsavcılığı Terörizmin Finansmanı ve Aklama Suçları Soruşturma Bürosunca, sermaye piyasasında gerçekleştirilen işlemlere yönelik yürütülen dev kara para ve aklama soruşturmasında sıcak gelişmeler yaşanıyor. Borsa ve Holding Yöneticilerine Kara Para Depremi! 20 Şüpheli Daha Tutuklandı İstanbul Cumhuriyet Başsavcılığı Terörizmin Finansmanı ve Aklama Suçları Soruşturma Bürosunca, sermaye piyasasında gerçekleştirilen işlemlere yönelik yürütülen dev kara para ve aklama soruşturmasında sıcak gelişmeler yaşanıyor. Suna AŞÇI Editör 03.10.2026 - 09:52 Yayınlanma 1 Dk Okunma Süresi Payl",browser_full_article,https://www.aksutvhaber.net/borsa-ve-holding-yoneticilerine-kara-para-depremi-20-supheli-daha-tutuklandi,İstanbul,,,,,Borsa ve Holding | Pusula Finans Holding AŞ | Tera Yatırım Menkul Değerler AŞ | Hedef Holding AŞ | Bulls Yatırım Menkul Değerler AŞ,Borsa ve Holding:292:body+summary+title | Pusula Finans Holding AŞ:raw_legal | Tera Yatırım Menkul Değerler AŞ:raw_legal | Hedef Holding AŞ:raw_legal | Bulls Yatırım Menkul Değerler AŞ:raw_legal,ilçe yok | faaliyet/tesis yok,Borsa ve Holding İstanbul Türkiye | Pusula Finans Holding AŞ İstanbul Türkiye,Borsa istanbul Merkez | İstanbul Ticaret Borsası | Sabancı Holding | Pusula Yatırım Private | Pusula Yatırım Menkul Değerler A.Ş | Finansal Pusula İş Geliştirme ve Danışmanlık A.Ş | Pusula Portföy | Pusula Uluslararası Ticaret A.Ş,Borsa istanbul Merkez,firma adı + güvenli maps adayı var,100 | 48.78048780487805 | 64.51612903225806 | 52.83018867924528 | 87.87878787878788 | 53.521126760563384 | 60.0 | 54.54545454545455,,208.25,27
2026-10-07 04:36:49,MASAK,Kara Para / MASAK / Bahis,"MASAK düzenlemesinde parasal sınırlar yükseltildi, finansal işlemlerde SMS doğrulamasına yeni kural","MASAK düzenlemesinde parasal sınırlar yükseltildi, finansal işlemlerde SMS doğrulamasına yeni kural Foreks.com",https://news.google.com/rss/articles/CBMiiwJBVV95cUxQWWUtOEM2SlgyQ3NXQlo0MmtGMW1EaUZ0NkZHNGFPOXN1WTFrbF9zWDZ4VDR2ZUJVbVZQa3hmZUVtcDFNenpSTGFRblZybGl4SmtUWEtuQWxlTTdlYUk0M1NoOXpYbGJKOWJHR3hzdDJMNC1ROUNjS3ZsazQxem9vd29reTZkWnBkTFpIQjJpcjA4dVRWbm03NzFyNlA1c0NmdHM1ZkY1Z09ER3hYOHVGY3NLb1ZwaHBiMnNpTXZaa2JJQ0NDZUVOV2VsbHY4SlFCWGxpdk9lYl95NVdXWHVMTU5abzVaUWt0ZUgtN3NMYWZ6Q21Mak9nQ1M0VUc5dEp0cmVwRm1kb1h2WUk?oc=5,masak,,"ANA SAYFA HABERLER Dünya Haberleri MASAK düzenlemesinde parasal sınırlar yükseltildi, finansal işlemlerde SMS doğrulamasına yeni kural 07.10.26 07:36 Yazar: ForInvest Haber Finans Haber Servisi KolayAnla Bu haberi yapay zeka ile KolayAnla KolayAnla Suç gelirlerinin aklanmasının ve terörün finansmanının önlenmesine yönelik tedbirlere ilişkin yönetmelikte değişiklik yapıldı. Cumhurbaşkanı Kararı ile yürürlüğe giren düzenleme 7 Ekim 2026 tarihli Resmi Gazete'de yayımlandı. Bazı parasal sınırlar artırıldı MASAK, finansal kuruluslarin kimlik tespiti gerektiren mali islemler alt sınırını %100 oranında artırdı. Düzenlemeyle yönetmeliğin 5'inci maddesinde yer alan bazı tutarlar yükseltildi. Buna göre 180 bin TL olan sınır 370 bin TL'ye, 15 bin TL olan sınır ise 30 bin TL'ye çıkarıldı. Aynı şekilde yönetmeliğin 24'üncü ve 24/A maddelerinde yer alan 15 bin TL tutarları da 30 bin TL olarak değiştirildi. SMS ile doğrulamada yeni şartlar Yönetmeliğin 16'ncı maddesine eklenen hükümle finansal kuruluşların, internet veya mobil hizmet kanallarında ya da müşterinin daha önce doğrulanmış cep telefonu numarasına gönderilen SMS tek kullanımlık doğrulama koduyla işlem yapılması durumunda ayrıca önlem alması zorunlu hale getirildi. Bu doğrulamaların işlemin niteliği ve risk düzeyine uygun olması, işlemi yaptıranın daha önce kimliği tespit edilmiş müşteri olduğuna yeterli güvence sağlaması ve yetkisiz kişilerin müşteri adına işlem yapması riskine karşı uygun güvenlik tedbirlerini içermesi gerekecek. Uyum denetimi raporlarına ilişkin değişiklik Yönetmeliğin 38'inci maddesine eklenen hükümle, belirli yükümlüler bakımından yalnızca yükümlülük uyum denetimi raporu düzenlenecek. Denetim sırasında yükümlülük ihlali tespit edilmesi halinde, söz konusu ihlaller raporda yer alacak ve rapor aynı zamanda yükümlülük ihlali inceleme raporu yerine geçecek. Düzenleme yayımı tarihinde yürürlüğe girdi ve hükümlerini Hazine ve Maliye Bakanı yürütecek. Burada yer alan yatırım bilgi, yorum ve tavsiyeler yatırım danışmanlığı kapsamında değildir. Yatırım danışmanlığı hizmeti, aracı kurumlar, portföy yönetim şirketleri, mevduat kabul etmeyen bankalar ile müşteri arasında imzalanacak yatırım danışmanlığı sözleşmesi çerçevesinde sunulmaktadır. Burada yer alan yorum ve tavsiyeler, yorum ve tavsiyede bulunanların kişisel görüşlerine dayanmaktadır. Bu görüşler mali durumunuz ile risk getiri tercihlerinize uygun olmayabilir. Bu nedenle, sadece burada yer alan bilgilere dayanılarak yatırım kararı verilmesi beklentilerinize uygun sonuçlar doğurmayabilir. Bunlar da İlginizi Çekebilir Tüm Haberler ANA SAYFA HABERLER Dünya Haberleri MASAK düzenlemesinde parasal sınırlar yükseltildi, finansal işlemlerde SMS doğrulamasına yeni kural 07.10.26 07:36 Yazar: ForInvest Haber Finans Haber Servisi KolayAnla Bu haberi yapay zeka ile KolayAnla KolayAnla Suç gelirlerinin aklanmasının ve terörün finansmanının önlenmesine yönelik tedbirlere ilişkin yönetmelikte değişiklik yapıldı. Cumhurbaşkanı Kararı ile yürürlüğe giren düzenleme 7 Ekim 2026 tarihli Resmi Gazete'de yayımlandı. Bazı parasal sınırlar artırıldı MASAK, finansal kuruluslarin kimlik tespiti gerektiren mali islemler alt sınırını %100 oranında artırdı. Düzenlemeyle yönetmeliğin 5'inci maddesinde yer alan bazı tutarlar yükseltildi. Buna göre 180 bin TL olan sınır 370 bin TL'ye, 15 bin TL olan sınır ise 30 bin TL'ye çıkarıldı. Aynı şekilde yönetmeliğin 24'üncü ve 24/A maddelerinde yer alan 15 bin TL tutarları da 30 bin TL olarak değiştirildi. SMS ile doğrulamada yeni şartlar Yönetmeliğin 16'ncı maddesine eklenen hükümle finansal kuruluşların, internet veya mobil hizmet kanallarında ya da müşterinin daha önce doğrulanmış cep telefonu numarasına gönderilen SMS tek kullanımlık doğrulama koduyla işlem yapılması durumunda ayrıca önlem alması zorunlu hale getirildi. Bu doğrulamaların işlemin niteliği ve risk düzeyine uygun olması, işlemi yaptıranın daha önce kimliği tespit edilmiş müşteri olduğuna yeterli güvence sağlaması ve yetkisiz kişilerin müşteri adına işlem yapması riskine karşı uygun güvenlik tedbirlerini içermesi gerekecek. Uyum denetimi raporlarına ilişkin değişiklik Yönetmeliğin 38'inci maddesine eklenen hükümle, belirli yükümlüler bakımından yalnızca yükümlülük uyum denetimi raporu düzenlenecek. Denetim sırasında yükümlülük ihlali tespit edilmesi halinde, söz konusu ihlaller raporda yer alacak ve rapor aynı zamanda yükümlülük ihlali inceleme raporu yerine geçecek. Düzenleme yayımı tarihinde yürürlüğe girdi ve hükümlerini Hazine ve Maliye Bakanı yürütecek. Burada yer alan yatırım bilgi, yorum ve tavsiyeler yatırım danışmanlığı kapsamında değildir. Yatırım danışmanlığı hizmeti, aracı kurumlar, portföy yönetim şirketleri, mevduat kabul etmeyen bankalar ile müşteri arasında imzalanacak yatırım danışmanlığı sözleşmesi çerçevesinde sunulmaktadır. Burada yer alan yorum ve tavsiyeler, yorum ve tavsiyede bulunanların kişisel görüşlerine dayanmaktadır. Bu görüşler mali durumunuz ile risk getiri tercihlerinize uygun olmayabilir. Bu nedenle, sadece burada yer alan bilgilere dayanılarak yatırım kararı verilmesi beklentilerinize uygun sonuçlar doğurmayabilir. MASAK düzenlemesinde parasal sınırlar yükseltildi, finansal işlemlerde SMS doğrulamasına yeni kural Bunlar da İlginizi Çekebilir Suç gelirlerinin aklanmasının ve terörün finansmanının önlenmesine yönelik tedbirlere ilişkin yönetmelikte değişiklik yapıldı. Cumhurbaşkanı Kararı ile yürürlüğe giren düzenleme 7 Ekim 2026 tarihli Resmi Gazete'de yayımlandı. MASAK, finansal kuruluslarin kimlik tespiti gerektiren mali islemler alt sınırını %100 oranında artırdı. Düzenlemeyle yönetmeliğin 5'inci maddesinde yer alan bazı tutarlar yükseltildi. Buna göre 180 bin TL olan sınır 370 bin TL'ye, 15 bin TL olan sınır ise 30 bin TL'ye çıkarıldı. Aynı şekilde yönetmeliğin 24'üncü ve 24/A maddelerinde yer alan 15 bin TL tutarları da 30 bin TL olarak değiştirildi. Yönetmeliğin 16'ncı maddesine eklenen hükümle finansal kuruluşların, internet veya mobil hizmet kanallarında ya da müşterinin daha önce doğrulanmış cep telefonu numarasına gönderilen SMS tek kullanımlık doğrulama koduyla işlem yapılması durumunda ayrıca önlem alması zorunlu hale getirildi. Bu doğrulamaların işlemin niteliği ve risk düzeyine uygun olması, işlemi yaptıranın daha önce kimliği tespit edilmiş müşteri olduğuna yeterli güvence sağlaması ve yetkisiz kişilerin müşteri adına işlem yapması riskine karşı uygun güvenlik tedbirlerini içermesi gerekecek. Yönetmeliğin 38'inci maddesine eklenen hükümle, belirli yükümlüler bakımından yalnızca yükümlülük uyum denetimi raporu düzenlenecek. Denetim sırasında yükümlülük ihlali tespit edilmesi halinde, söz konusu ihlaller raporda yer alacak ve rapor aynı zamanda yükümlülük ihlali inceleme raporu yerine geçecek. Düzenleme yayımı tarihinde yürürlüğe girdi ve hükümlerini Hazine ve Maliye Bakanı yürütecek. Burada yer alan yatırım bilgi, yorum ve tavsiyeler yatırım danışmanlığı kapsamında değildir. Yatırım danışmanlığı hizmeti, aracı kurumlar, portföy yönetim şirketleri, mevduat kabul etmeyen bankalar ile müşteri arasında imzalanacak yatırım danışmanlığı sözleşmesi çerçevesinde sunulmaktadır. Burada yer alan yorum ve tavsiyeler, yorum ve tavsiyede bulunanların kişisel görüşlerine dayanmaktadır. Bu görüşler mali durumunuz ile risk getiri tercihlerinize uygun olmayabilir. Bu nedenle, sadece burada yer alan bilgilere dayanılarak yatırım kararı verilmesi beklentilerinize uygun sonuçlar doğurmayabilir. ForInvest Uygulamasını Hemen İndir! FORINVEST HABER'İ TAKİP ET","MASAK düzenlemesinde parasal sınırlar yükseltildi, finansal işlemlerde SMS doğrulamasına yeni kural MASAK düzenlemesinde parasal sınırlar yükseltildi, finansal işlemlerde SMS doğrulamasına yeni kural Foreks.com ANA SAYFA HABERLER Dünya Haberleri MASAK düzenlemesinde parasal sınırlar yükseltildi, finansal işlemlerde SMS doğrulamasına yeni kural 07.10.26 07:36 Yazar: ForInvest Haber Finans Haber Servisi KolayAnla Bu haberi yapay zeka ile KolayAnla KolayAnla Suç gelirlerinin aklanmasının ve terörün finansmanının önlenmesine yönelik tedbirlere ilişkin yönetmelikte değişiklik yapıldı. Cumhurbaşkanı Kararı ile yürürlüğe giren düzenleme 7 Ekim 2026 tarihli Resmi Gazete'de yayımlandı. Bazı parasal sınırlar artırıldı MASAK, finansal kuruluslarin kimlik tespiti gerektiren mali islemler alt sınırını %100 oranında artırdı. Düzenlemeyle yönetmeliğin 5'inci maddesinde yer alan bazı tutarlar yükseltildi. Buna göre 180 bin TL olan sınır 370 bin TL'ye, 15 bin TL olan sınır ise 30 bin TL'ye çıkarıldı. Aynı şekilde yönetmeliğin 24'üncü ve 24/A maddelerinde yer alan 15 bin TL tutarları da 30 bin TL olarak değiştirildi. SMS ile doğrulamada yeni şartlar Yönetmeliğin 16'ncı maddesine eklenen hükümle finansal kuruluşların, internet veya mobil hizmet kanallarında ya da müşterinin daha önce doğrulanmış cep telefonu numarasına gönderilen SMS tek kullanımlık doğrulama koduyla işlem yapılması durumunda ayrıca önlem alması zorunlu hale getirildi. Bu doğrulamaların işlemin niteliği ve risk düzeyine uygun olması, işlemi yaptıranın daha önce kimliği tespit edilmiş müşteri olduğuna yeterli güvence sağlaması ve yetkisiz kişilerin müşteri adına işlem yapması riskine karşı uygun güvenlik tedbirlerini içermesi gerekecek. Uyum denetimi raporlarına ilişkin değişiklik Yönetmeliğin 38'inci maddesine eklenen hükümle, belirli yükümlüler bakımından yalnızca yükümlülük uyum denetimi raporu düzenlenecek. Denetim sırasında yükümlülük ihlali tespit edilmesi halinde, söz konusu ihlaller raporda yer alacak ve rapor aynı zamanda yükümlülük ihlali inceleme raporu yerine geçecek. Düzenleme yayımı tarihinde yürürlüğe girdi ve hükümlerini Hazine ve Maliye Bakanı yürütecek. Burada yer alan yatırım bilgi, yorum ve tavsiyeler yatırım danışmanlığı kapsamında değildir. Yatırım danışmanlığı hizmeti, aracı kurumlar, portföy yönetim şirketleri, mevduat kabul etmeyen bankalar ile müşteri arasında imzalanacak yatırım danışmanlığı sözleşmesi çerçevesinde sunulmaktadır. Bunlar da İlginizi Çekebilir Tüm Haberler ANA SAYFA HABERLER Dünya Haberleri MASAK düzenlemesinde parasal sınırlar yükseltildi, finansal işlemlerde SMS doğrulamasına yeni kural 07.10.26 07:36 Yazar: ForInvest Haber Finans Haber Servisi KolayAnla Bu haberi yapay zeka ile KolayAnla KolayAnla Suç gelirlerinin aklanmasının ve terörün finansmanının önlenmesine yönelik tedbirlere ilişkin yönetmelikte değişiklik yapıldı. MASAK düzenlemesinde parasal sınırlar yükseltildi, finansal işlemlerde SMS doğrulamasına yeni kural Bunlar da İlginizi Çekebilir Suç gelirlerinin aklanmasının ve terörün finansmanının önlenmesine yönelik tedbirlere ilişkin yönetmelikte değişiklik yapıldı. MASAK, finansal kuruluslarin kimlik tespiti gerektiren mali islemler alt sınırını %100 oranında artırdı. Yönetmeliğin 16'ncı maddesine eklenen hükümle finansal kuruluşların, internet veya mobil hizmet kanallarında ya da müşterinin daha önce doğrulanmış cep telefonu numarasına gönderilen SMS tek kullanımlık doğrulama koduyla işlem yapılması durumunda ayrıca önlem alması zorunlu hale getirildi. ForInvest Uygulamasını Hemen İndir!",browser_full_article_dom,https://news.google.com/rss/articles/CBMiiwJBVV95cUxQWWUtOEM2SlgyQ3NXQlo0MmtGMW1EaUZ0NkZHNGFPOXN1WTFrbF9zWDZ4VDR2ZUJVbVZQa3hmZUVtcDFNenpSTGFRblZybGl4SmtUWEtuQWxlTTdlYUk0M1NoOXpYbGJKOWJHR3hzdDJMNC1ROUNjS3ZsazQxem9vd29reTZkWnBkTFpIQjJpcjA4dVRWbm03NzFyNlA1c0NmdHM1ZkY1Z09ER3hYOHVGY3NLb1ZwaHBiMnNpTXZaa2JJQ0NDZUVOV2VsbHY4SlFCWGxpdk9lYl95NVdXWHVMTU5abzVaUWt0ZUgtN3NMYWZ6Q21Mak9nQ1M0VUc5dEp0cmVwRm1kb1h2WUk?oc=5&hl=tr&gl=TR&ceid=TR:tr,,,,,,,,il yok | ilçe yok | firma yok | faaliyet/tesis yok,,,,maps araması yapılmadı,,,108.0,28
2026-10-07 06:41:00,elektronik para ve ödeme kuruluşları,Banka / Finansal Kuruluş,Resmi Gazete'de yayımlandı: Para transferinde şartlar değişti,Resmi Gazete'de yayımlandı: Para transferinde şartlar değişti birgun.net,https://news.google.com/rss/articles/CBMinAFBVV95cUxPU0VnRE8wc2dVM2MyZnFjQnE5dnNQcFc3blo0cUF3NlY2UzF6Ti15UlJHNzZqYlgtVEtIZmlSTHVoZGlHMm1pV0dfbW1WRF9wMnJlZHVza2FBRHZmSWo1c2dLbTlVMlNTLVhsUW4wUWQ0NUh0MFZRVERYUHVBa1dTNDRNRVFnZXRudjlIM0dzWWNoY2tuNi1TZFFxNkc?oc=5,para transferi,,"""Kara para ile mücadele"" kapsamında Suç Gelirlerinin Aklanmasının ve Terörün Finansmanının Önlenmesi Yönetmeliğinde değişikliğe gidildi. Kimlik tespitine ilişkin parasal sınırlar nakit, döviz ve kuyumcu işlemlerinde sınır 370 bin liraya, elektronik transferlerde ise 30 bin liraya çıkarıldı. ""Kara para ile mücadele"" kapsamında Suç Gelirlerinin Aklanmasının ve Terörün Finansmanının Önlenmesi Yönetmeliğinde değişikliğe gidildi. Kimlik tespitine ilişkin parasal sınırlar nakit, döviz ve kuyumcu işlemlerinde sınır 370 bin liraya, elektronik transferlerde ise 30 bin liraya çıkarıldı. ""Kara para ile mücadele"" kapsamında Suç Gelirlerinin Aklanmasının ve Terörün Finansmanının Önlenmesi Yönetmeliğinde değişikliğe gidildi. Kimlik tespitine ilişkin parasal sınırlar nakit, döviz ve kuyumcu işlemlerinde sınır 370 bin liraya, elektronik transferlerde ise 30 bin liraya çıkarıldı. İstanbul Ankara İzmir Adana Adıyaman Afyon Ağrı Aksaray Amasya Antalya Ardahan Artvin Aydın Balıkesir Bartın Batman Bayburt Bilecik Bingöl Bitlis Bolu Burdur Bursa Çanakkale Çankırı Çorum Denizli Diyarbakır Düzce Edirne Elazığ Erzincan Erzurum Eskişehir Gaziantep Giresun Gümüşhane Hakkari Hatay Iğdır Isparta Mersin K.Maraş Karabük Karaman Kars Kastamonu Kayseri Kırıkkale Kırklareli Kırşehir Kilis Kocaeli Konya Kütahya Malatya Manisa Mardin Muğla Muş Nevşehir Niğde Ordu Osmaniye Rize Sakarya Samsun Siirt Sinop Sivas Şırnak Tekirdağ Tokat Trabzon Tunceli Şanlıurfa Uşak Van Yalova Yozgat Zonguldak Resmi Gazete'de yayımlandı: Para transferinde şartlar değişti ""Kara para ile mücadele"" kapsamında Suç Gelirlerinin Aklanmasının ve Terörün Finansmanının Önlenmesi Yönetmeliğinde değişikliğe gidildi. Kimlik tespitine ilişkin parasal sınırlar nakit, döviz ve kuyumcu işlemlerinde sınır 370 bin liraya, elektronik transferlerde ise 30 bin liraya çıkarıldı. Ekonomi 07.10.2026 09:41 Giriş: 07.10.2026 09:41 Güncelleme: 07.10.2026 09:54 Kaynak: Haber Merkezi A- A A+ Fotoğraf: AA BirGün'ü Google'da favori kaynak olarak tanımlayın. Tıkla ve anında ekle Özel haberlerimizi ve günün öne çıkan gelişmelerini kaçırmamak için BirGün’ün WhatsApp kanalını buraya dokunarak hemen takibe alabilirsiniz. “ Suç Gelirlerinin Aklanmasının ve Terörün Finansmanının Önlenmesine Dair Tedbirler Hakkında Yönetmelikte Değişiklik Yapılmasına Dair Yönetmelik” ile bankalar, finansman ve faktoring şirketleri, sermaye piyasası kuruluşları, portföy yönetim şirketleri ile elektronik para ve ödeme kuruluşlarının kimlik tespitine ilişkin yükümlülüklerinde değişikliğe gidildi. Nakit , döviz ve kuyumculuk işlemlerinde kimlik tespiti gerektiren parasal sınır 185 bin liradan 370 bin liraya yükseltildi. Buna göre işlem tutarının veya birbiriyle bağlantılı birden fazla işlemin toplamının 370 bin lira ve üzerinde olması halinde müşterinin ve müşteri adına hareket eden kişilerin kimlik bilgilerinin alınması ve doğrulanması gerekecek. Ayrıca işlemin gerçek faydalanıcısının belirlenmesine yönelik gerekli tedbirler de uygulanacak. ELEKTRONİK TRANSFERLERDE SINIR 30 BİN TL Elektronik transferler, dijital kimlik tespiti ve basitleştirilmiş tedbirler kapsamında kimlik tespiti yapılması gereken parasal sınır da 15 bin liradan 30 bin liraya çıkarıldı. SMS DOĞRULAMASINA YENİ GÜVENLİK ŞARTLARI Düzenlemeyle finansal kuruluşların internet ve mobil kanallardaki müşteri doğrulama yöntemlerine ilişkin yeni şartlar da getirildi. Müşterinin daha önce doğrulanmış cep telefonu numarasına gönderilen tek kullanımlık SMS doğrulama kodu (SMS OTP) ile kimlik doğrulaması yapılabilecek. Bu durumda imza örneği alınması gerekmeyecek. Ancak kullanılacak doğrulama yönteminin işlemin niteliğine ve risk düzeyine uygun olması şartı getirildi. #transfer #suç #resmi gazete #nakit #döviz #banka Sırada","Resmi Gazete'de yayımlandı: Para transferinde şartlar değişti Resmi Gazete'de yayımlandı: Para transferinde şartlar değişti birgun.net ""Kara para ile mücadele"" kapsamında Suç Gelirlerinin Aklanmasının ve Terörün Finansmanının Önlenmesi Yönetmeliğinde değişikliğe gidildi. Kimlik tespitine ilişkin parasal sınırlar nakit, döviz ve kuyumcu işlemlerinde sınır 370 bin liraya, elektronik transferlerde ise 30 bin liraya çıkarıldı. İstanbul Ankara İzmir Adana Adıyaman Afyon Ağrı Aksaray Amasya Antalya Ardahan Artvin Aydın Balıkesir Bartın Batman Bayburt Bilecik Bingöl Bitlis Bolu Burdur Bursa Çanakkale Çankırı Çorum Denizli Diyarbakır Düzce Edirne Elazığ Erzincan Erzurum Eskişehir Gaziantep Giresun Gümüşhane Hakkari Hatay Iğdır Isparta Mersin K.Maraş Karabük Karaman Kars Kastamonu Kayseri Kırıkkale Kırklareli Kırşehir Kilis Kocaeli Konya Kütahya Malatya Manisa Mardin Muğla Muş Nevşehir Niğde Ordu Osmaniye Rize Sakarya Samsun Siirt Sinop Sivas Şırnak Tekirdağ Tokat Trabzon Tunceli Şanlıurfa Uşak Van Yalova Yozgat Zonguldak Resmi Gazete'de yayımlandı: Para transferinde şartlar değişti ""Kara para ile mücadele"" kapsamında Suç Gelirlerinin Aklanmasının ve Terörün Finansmanının Önlenmesi Yönetmeliğinde değişikliğe gidildi. Ekonomi 07.10.2026 09:41 Giriş: 07.10.2026 09:41 Güncelleme: 07.10.2026 09:54 Kaynak: Haber Merkezi A- A A+ Fotoğraf: AA BirGün'ü Google'da favori kaynak olarak tanımlayın. Tıkla ve anında ekle Özel haberlerimizi ve günün öne çıkan gelişmelerini kaçırmamak için BirGün’ün WhatsApp kanalını buraya dokunarak hemen takibe alabilirsiniz. “ Suç Gelirlerinin Aklanmasının ve Terörün Finansmanının Önlenmesine Dair Tedbirler Hakkında Yönetmelikte Değişiklik Yapılmasına Dair Yönetmelik” ile bankalar, finansman ve faktoring şirketleri, sermaye piyasası kuruluşları, portföy yönetim şirketleri ile elektronik para ve ödeme kuruluşlarının kimlik tespitine ilişkin yükümlülüklerinde değişikliğe gidildi. Nakit , döviz ve kuyumculuk işlemlerinde kimlik tespiti gerektiren parasal sınır 185 bin liradan 370 bin liraya yükseltildi. Buna göre işlem tutarının veya birbiriyle bağlantılı birden fazla işlemin toplamının 370 bin lira ve üzerinde olması halinde müşterinin ve müşteri adına hareket eden kişilerin kimlik bilgilerinin alınması ve doğrulanması gerekecek. ELEKTRONİK TRANSFERLERDE SINIR 30 BİN TL Elektronik transferler, dijital kimlik tespiti ve basitleştirilmiş tedbirler kapsamında kimlik tespiti yapılması gereken parasal sınır da 15 bin liradan 30 bin liraya çıkarıldı. SMS DOĞRULAMASINA YENİ GÜVENLİK ŞARTLARI Düzenlemeyle finansal kuruluşların internet ve mobil kanallardaki müşteri doğrulama yöntemlerine ilişkin yeni şartlar da getirildi. Müşterinin daha önce doğrulanmış cep telefonu numarasına gönderilen tek kullanımlık SMS doğrulama kodu (SMS OTP) ile kimlik doğrulaması yapılabilecek. Bu durumda imza örneği alınması gerekmeyecek. Ancak kullanılacak doğrulama yönteminin işlemin niteliğine ve risk düzeyine uygun olması şartı getirildi. #transfer #suç #resmi gazete #nakit #döviz #banka Sırada",browser_full_article,https://www.birgun.net/haber/resmi-gazete-de-yayimlandi-para-transferinde-sartlar-degisti-739051,,,,,,,,il yok | ilçe yok | firma yok | faaliyet/tesis yok,,,,maps araması yapılmadı,,,61.5,29
2026-10-05 05:59:00,fabrika yangını,Fiziksel Risk / Yangın,Bursa'da fabrika yangını! 20 itfaiye aracı ve 10 tankerle müdahale edildi,Bursa'da fabrika yangını! 20 itfaiye aracı ve 10 tankerle müdahale edildi tv100 Haber,https://news.google.com/rss/articles/CBMiqgFBVV95cUxPVEhzRWJPRVpRU3pjdkV6SUl6elJFY25wS3VXLXJpemJFSFBKZkRGZFh6MDdCTHV0NnRyWFZUSUc3NmhnWmRkaXlGZFR2aXhrTkluN2N1RF9Sa3diOUZUS0pxYkhLSUdaODJnUGRQc3gyNVhWNzJjdko4ajljLW9xcWhwTTRMWTNkUE00QTV3SklpUXk0ZzRLckpnY2R3LW1SZFV6R0V4QUt3UdIBrwFBVV95cUxNT2tSTEdqWklUVWIwUFFYOFItRmNWMXhHM3Q2N2ZZeDMxOEtPcTFIajlhTU9wOFROLVZvcmZuai1fT01TdGdBOERIOWNiTVFNY3B6REpnRUZDZUY3LVcxeml2eFRqRVFBOXlfZnZvMnlVYjd6OWtHVFJaSk5sSzFLbTBHM01jNmJQTEdjV2VieUN4bTAxaWlNQkVuU04zWFBCS1k4Y1lPb3NkNjJTYjBv?oc=5,fabrika,fabrika,"www.tv100.com Güvenlik doğrulaması yapılıyor Bu web sitesi, kötü niyetli botlara karşı korunmak için bir güvenlik hizmeti kullanıyor. Web sitesi bir bot olmadığınızı doğrularken bu sayfa görüntülenir. Doğrulama başarılı. www.tv100.com adresinin yanıt vermesi bekleniyor Güvenlik doğrulaması yapılıyor Doğrulama başarılı. www.tv100.com adresinin yanıt vermesi bekleniyor Bu web sitesi, kötü niyetli botlara karşı korunmak için bir güvenlik hizmeti kullanıyor. Web sitesi bir bot olmadığınızı doğrularken bu sayfa görüntülenir.","Bursa'da fabrika yangını! 20 itfaiye aracı ve 10 tankerle müdahale edildi Bursa'da fabrika yangını! 20 itfaiye aracı ve 10 tankerle müdahale edildi tv100 Haber www.tv100.com Güvenlik doğrulaması yapılıyor Bu web sitesi, kötü niyetli botlara karşı korunmak için bir güvenlik hizmeti kullanıyor. Web sitesi bir bot olmadığınızı doğrularken bu sayfa görüntülenir. www.tv100.com adresinin yanıt vermesi bekleniyor Güvenlik doğrulaması yapılıyor Doğrulama başarılı. www.tv100.com adresinin yanıt vermesi bekleniyor Bu web sitesi, kötü niyetli botlara karşı korunmak için bir güvenlik hizmeti kullanıyor.",browser_full_article,https://www.tv100.com/bursada-fabrika-yangini-20-itfaiye-araci-ve-10-tankerle-mudahale-edildi-haber-874112,Bursa,,,,,,,ilçe yok | firma yok | faaliyet/tesis yok,,,,maps araması yapılmadı,,,89.0,30
2026-10-05 06:33:00,fabrika yangını,Fiziksel Risk / Yangın,"Bursa’da fabrika yangını paniğe neden oldu! Alevler 2,5 saatte kontrol altına alındı","Bursa’da fabrika yangını paniğe neden oldu! Alevler 2,5 saatte kontrol altına alındı Bursa TV",https://news.google.com/rss/articles/CBMirAFBVV95cUxQLUdPb2c4b3AwYVZCMGN2UlVVOExWbndEWWNrRkppdHIwU0dTNG9uaHFGVGk2eUxOdFVDWkJ3SWlHM1RSMVRMbmV1Y1hsX0YwZkZ6NWx2N0x4eWtMT1lxOEhKc1hscjZXQ3RLSGxWaG9LWEFUNEFGdVQyczVteEpFYXlBWVI1aHMzcU0xb1B2TmlKMEtPWW96WUtnWExzTTFlMzk3b0NCTkx1YnhW?oc=5,fabrika,fabrika,"Bursa’da mobilya üretimi yapılan bir fabrikada sabah saatlerinde çıkan yangın, ekiplerin yoğun müdahalesiyle kontrol altına alındı. Bölgeye çok sayıda itfaiye aracı ve su tankeri sevk edilirken, yangının çıkış nedeninin belirlenmesi için inceleme başlatıldı. Bursa’da mobilya üretimi yapılan bir fabrikada sabah saatlerinde çıkan yangın, ekiplerin yoğun müdahalesiyle kontrol altına alındı. Bölgeye çok sayıda itfaiye aracı ve su tankeri sevk edilirken, yangının çıkış nedeninin belirlenmesi için inceleme başlatıldı. Bursa’da mobilya üretimi yapılan bir fabrikada sabah saatlerinde çıkan yangın, ekiplerin yoğun müdahalesiyle kontrol altına alındı. Bölgeye çok sayıda itfaiye aracı ve su tankeri sevk edilirken, yangının çıkış nedeninin belirlenmesi için inceleme başlatıldı. Bursa’da fabrika yangını paniğe neden oldu! Alevler 2,5 saatte kontrol altına alındı Bursa’da mobilya üretimi yapılan bir fabrikada sabah saatlerinde çıkan yangın, ekiplerin yoğun müdahalesiyle kontrol altına alındı. Bölgeye çok sayıda itfaiye aracı ve su tankeri sevk edilirken, yangının çıkış nedeninin belirlenmesi için inceleme başlatıldı. 05.10.2026 - 09:33 Yayınlanma — Paylaşım 1 Dk Okunma Süresi Paylaş Linkedin Pinterest Telegram Yazdır Kopyala A - A + Paylaş Linkedin Pinterest Telegram Yazdır Kopyala A - A + Bursa’nın Nilüfer ilçesinde, İzmir karayolu Başköy Mevkisi’nde bulunan mobilya üretim fabrikasında saat 06.05 sıralarında yangın çıktı. Fabrikadan yükselen yoğun siyah dumanlar çevreden de görülürken, ihbar üzerine bölgeye çok sayıda ekip yönlendirildi. Yangına Bursa Büyükşehir Belediyesi İtfaiye Daire Başkanlığı ekiplerinin yanı sıra BUSKİ, Park ve Bahçeler, Tarım AŞ ile Nilüfer Belediyesi ekipleri de destek verdi. Çalışmalarda toplam 20 itfaiye aracı, 10 su tankeri ve bir kepçe kullanıldı. Bursa’da yürekleri ağza getiren anlar! Çocuklar hareket halindeki otobüse tutundu İçeriği Görüntüle Ekipler 2,5 saat mücadele etti Fabrikadaki yangına ekiplerin yaklaşık 2,5 saat süren müdahalesi sonucunda alevler kontrol altına alındı. Yangının çevrede daha geniş bir alana yayılmaması için ekiplerin müdahalesi koordineli şekilde sürdürüldü. Tedbir amacıyla AFAD bünyesindeki KBRN ekibi de olay yerine gönderildi. Yangının söndürülmesinin ardından ekipler bölgede soğutma çalışmalarına devam etti. Yangının nedeni araştırılıyor Yangın sırasında yükselen siyah dumanların İzmir karayolunun birçok noktasından görüldüğü öğrenildi. Fabrikada hasara yol açan yangının çıkış nedeninin belirlenmesi için soruşturma başlatıldı. Bursa’da Mustafa Bozbey bugün ikinci kez hakim karşısında! Gözler duruşmada İçeriği Görüntüle Bursa’nın genç şampiyonu Yusuf Taha Turp’tan acı haber İçeriği Görüntüle Bursa’da sular ne zaman kesilecek? BUSKİ saatleri açıkladı İçeriği Görüntüle Bursa’da 11 ilçede elektrikler kesilecek! İşte mahalle mahalle saatler... (5 Eylül 2026) İçeriği Görüntüle #Bursa #BursaHaber #Yangın Editör Hakkında Editör 1 Aa Bunlar da i","Bursa’da fabrika yangını paniğe neden oldu! Alevler 2,5 saatte kontrol altına alındı Bursa’da fabrika yangını paniğe neden oldu! Alevler 2,5 saatte kontrol altına alındı Bursa TV Bursa’da mobilya üretimi yapılan bir fabrikada sabah saatlerinde çıkan yangın, ekiplerin yoğun müdahalesiyle kontrol altına alındı. Bölgeye çok sayıda itfaiye aracı ve su tankeri sevk edilirken, yangının çıkış nedeninin belirlenmesi için inceleme başlatıldı. Bursa’da fabrika yangını paniğe neden oldu! Alevler 2,5 saatte kontrol altına alındı Bursa’da mobilya üretimi yapılan bir fabrikada sabah saatlerinde çıkan yangın, ekiplerin yoğun müdahalesiyle kontrol altına alındı. 05.10.2026 - 09:33 Yayınlanma —",browser_full_article,https://www.bursatv.com.tr/bursada-fabrika-yangini-panige-neden-oldu-alevler-25-saatte-kontrol-altina-alindi,Bursa,,,,,Tarım AŞ,Tarım AŞ:raw_legal,ilçe yok | faaliyet/tesis yok,Tarım AŞ Bursa Türkiye,TARIM PEYZAJ A.Ş. Bursa Tarım Hayvancılık Peyzaj Çevre İnş. San. Tic. A.Ş,TARIM PEYZAJ A.Ş. Bursa Tarım Hayvancılık Peyzaj Çevre İnş. San. Tic. A.Ş,firma adı + güvenli maps adayı var,100,,182.25,31
2026-10-05 07:03:00,fabrika yangını,Fiziksel Risk / Yangın,"Bursa Nilüfer'de mobilya fabrikası yangını yaklaşık 2,5 saatte kontrol altına alındı","Bursa Nilüfer'de mobilya fabrikası yangını yaklaşık 2,5 saatte kontrol altına alındı Son Dakika",https://news.google.com/rss/articles/CBMilwFBVV95cUxNb0h2MUhnUDVRVURZYlRaZEs0dk9QbDVudzFnUnBHNnBCcDVRZ2lDWjRBMXpaSm9wa2hhNERDeFVNZ0d4QVZlUTBOVGUwckR5RW9lR1dGcHNfb1B1Qjctd185SVZLMmhpbC1aN2NaLWxtMnc3VlcwYmN6NkJsNGI1XzIwRFBGNzA2OHd0NWJXQTRkeDZuRV9J?oc=5,fabrika,fabrika,"Bursa Nilüfer'de mobilya fabrikası yangını yaklaşık 2,5 saatte kontrol altına alındı Son Dakika","Bursa Nilüfer'de mobilya fabrikası yangını yaklaşık 2,5 saatte kontrol altına alındı Bursa Nilüfer'de mobilya fabrikası yangını yaklaşık 2,5 saatte kontrol altına alındı Son Dakika Bursa Nilüfer'de mobilya fabrikası yangını yaklaşık 2,5 saatte kontrol altına alındı Son Dakika",browser_failed,https://news.google.com/rss/articles/CBMilwFBVV95cUxNb0h2MUhnUDVRVURZYlRaZEs0dk9QbDVudzFnUnBHNnBCcDVRZ2lDWjRBMXpaSm9wa2hhNERDeFVNZ0d4QVZlUTBOVGUwckR5RW9lR1dGcHNfb1B1Qjctd185SVZLMmhpbC1aN2NaLWxtMnc3VlcwYmN6NkJsNGI1XzIwRFBGNzA2OHd0NWJXQTRkeDZuRV9J?oc=5&hl=tr&gl=TR&ceid=TR:tr,Bursa,Nilüfer,,,de mobilya fabrikası,,,firma yok,de mobilya fabrikası Nilüfer Bursa Türkiye,"Dolenza Mobilya Üretim ve İç Mimarlık - Mutfak, Kapı, Banyo | Depo Mobilya Dekorasyon Sanayi ve Ticaret Ltd. Ştı | İder Mobilya Bursa | Evdemo Nilüfer","Dolenza Mobilya Üretim ve İç Mimarlık - Mutfak, Kapı, Banyo","firma adı yok, tesis/lokasyon ile maps tahmini var",51.851851851851855 | 51.851851851851855 | 61.53846153846154 | 35.294117647058826,,176.7,32
2026-10-06 08:20:29,fabrika yangını,Fiziksel Risk / Yangın,Bursa'da sabah saatlerinde fabrika yangını! İzmir yolunu siyah dumanlar kapladı,Bursa'da sabah saatlerinde fabrika yangını! İzmir yolunu siyah dumanlar kapladı Bursada Bugün,https://news.google.com/rss/articles/CBMiWEFVX3lxTE9vMFFxZUVlNWRCUXJmUXIzbUxfV1RoRmJzUGZaQ2R4RUNJV0gzbERIQ2pXNGZ6Nl9meU83aXJDdEF6Y1J3RjZ0SkVjU2swd3pFdF9DYVYtWkI?oc=5,fabrika,fabrika,"Bursa'nın Nilüfer ilçesinde mobilya üretimi yapılan bir fabrikada sabahın erken saatlerinde çıkan yangın, ekipleri alarma geçirdi. Kısa sürede büyüyen alevler nedeniyle bölgeye çok sayıda itfaiye ve destek ekibi yönlendirilirken, İzmir yolu çevresinde yoğun siyah duman oluştu. Yangın, ekiplerin yaklaşık 2,5 saat süren müdahalesinin ardından kontrol altına alındı. Bursa'nın Nilüfer ilçesinde mobilya üretimi yapılan bir fabrikada sabahın erken saatlerinde çıkan yangın, ekipleri alarma geçirdi. Kısa sürede büyüyen alevler nedeniyle bölgeye çok sayıda itfaiye ve destek ekibi yönlendirilirken, İzmir yolu çevresinde yoğun siyah duman oluştu. Yangın, ekiplerin yaklaşık 2,5 saat süren müdahalesinin ardından kontrol altına alındı.","Bursa'da sabah saatlerinde fabrika yangını! İzmir yolunu siyah dumanlar kapladı Bursa'da sabah saatlerinde fabrika yangını! İzmir yolunu siyah dumanlar kapladı Bursada Bugün Bursa'nın Nilüfer ilçesinde mobilya üretimi yapılan bir fabrikada sabahın erken saatlerinde çıkan yangın, ekipleri alarma geçirdi. Kısa sürede büyüyen alevler nedeniyle bölgeye çok sayıda itfaiye ve destek ekibi yönlendirilirken, İzmir yolu çevresinde yoğun siyah duman oluştu. Yangın, ekiplerin yaklaşık 2,5 saat süren müdahalesinin ardından kontrol altına alındı.",browser_full_article,https://www.bursadabugun.com/embed/?id=180848,Bursa,Nilüfer,,,,,,firma yok | faaliyet/tesis yok,,,,maps araması yapılmadı,,,104.06,33
2026-10-08 15:44:02,fabrika yangını,Fiziksel Risk / Yangın,İtfaiyenin hızlı müdahalesiyle Emirdağ OSB’deki gıda fabrikası yangını kontrol altına alındı,İtfaiyenin hızlı müdahalesiyle Emirdağ OSB’deki gıda fabrikası yangını kontrol altına alındı Aksiyon.com.TR,https://news.google.com/rss/articles/CBMixAFBVV95cUxQWV9IandmYm14anB6QlJDRkNqYk84Uk9aTHBGNjYxaXo3SmdpUXhFNDFFeDNlMHpwQURlaC1TNVpmYkZ1RzVkNnFJTUc1bDBMY2o0MzVERGJRVGVEd3hFODE1YldKcldRMWtIOVhJNlNfcUowMVhlSlkxcGdqam9taC1MZU1rNWlHNi13d1V2U0NOeWRqanY0UUZ6ejhIV3pxR0Yyd0lhaWlEbFdxUEQxaU9Odm1rT055alZyYmR4c3daZEFG0gHKAUFVX3lxTE50dDk5MnJGSEZaaXZWejJHR01oNEQ4ei11aFJRZU1LdTFWVkd0RXpMVFVwbTRrUlRwUFdSeUY2WjJKU0xPTWppLXFtUXo3OWdST3FXZU12aURhUVljRVRWSlBHeEp5S1NUbDFaMGdDZ1VZVU1naUY5VjhTWE56NkFvNkF5MUFzZ2JhVVhLcU4wU2lUdmFGdHRMVFpUSHkxQUJvaFd2djgwaHNWTGtvTUFVVzA3WFdENW44bHc5RFlpU0s2VXhpVmVKSmc?oc=5,"fabrika, gıda, osb",fabrika,"Emirdağ OSB'de bir gıda fabrikasında çıkan yangın, çevre ilçelerden gelen itfaiye ekiplerinin hızlı müdahalesi sayesinde büyümeden söndürüldü. Emirdağ OSB'de bir gıda fabrikasında çıkan yangın, çevre ilçelerden gelen itfaiye ekiplerinin hızlı müdahalesi sayesinde büyümeden söndürüldü. Emirdağ OSB'de bir gıda fabrikasında çıkan yangın, çevre ilçelerden gelen itfaiye ekiplerinin hızlı müdahalesi sayesinde büyümeden söndürüldü. Emirdağ OSB'de yangın büyümeden söndürüldü Afyonkarahisar'ın Emirdağ ilçesindeki Organize Sanayi Bölgesi'nde (OSB) faaliyet gösteren bir gıda fabrikasında henüz belirlenemeyen nedenle yangın çıktı. Fabrika içerisindeki dumanları fark eden çalışanların ihbarı üzerine bölgeye çok sayıda itfaiye ekibi sevk edildi. müdahale ve söndürme çalışmaları: Olay yerine Emirdağ ve çevre ilçelerden gelen itfaiye ekipleri hızla ulaştı. Ekiplerin koordineli ve zamanında müdahalesiyle alevler kısa sürede kontrol altına alındı ve ardından kapsamlı soğutma çalışmaları başlatıldı. Müdahale sırasında tahliye veya kurtarma gerektiren bir durum oluşmadı. hasar ve soruşturma: Yangında can kaybı ya da yaralanma yaşanmadığı bildirildi, ancak fabrikada büyük çapta maddi hasar meydana geldi. Yetkililer yangının çıkış nedenini belirlemek üzere inceleme başlattı; soruşturma kapsamında fabrika içi ve çevresel bulgular değerlendirilecek. Olayda itfaiyenin hızlı müdahalesi ve çalışanların erken ihbarı, yangının yerel ölçekte kalmasını sağladı. Yetkililer soğutma çalışmalarının ardından hasar tespitine ve güvenlik önlemlerinin gözden geçirilmesine yönelik adımlar atacaklarını bildirdi. AFYONKARAHİSAR’IN EMİRDAĞ İLÇESİNDEKİ ORGANİZE SANAYİ BÖLGESİ’NDE (OSB) FAALİYET GÖSTEREN BİR GIDA FABRİKASINDA ÇIKAN YANGIN, EKİPLERİN ZAMANINDA MÜDAHALESİYLE BÜYÜMEDEN SÖNDÜRÜLDÜ. 1 Refüje çarpıp takla atan otomobilde üç kişi yaralandı Refüje çarpıp takla atan otomobilde üç kişi yaralandı 2 Bolu'da durmakta olan tıra arkadan çarpan 28 yaşındaki sürücü yaşamını yitirdi Bolu'da durmakta olan tıra arkadan çarpan 28 yaşındaki sürücü yaşamını yitirdi 3 Bilecik'te 1,80 promille alkollü sürücü devrilen araçla yaralandı, ehliyeti 6 ay el konuldu Bilecik'te 1,80 promille alkollü sürücü devrilen araçla yaralandı, ehliyeti 6 ay el konuldu 4 İhbar paniği: deprem konutunda kazan patlaması endişesi İhbar paniği: deprem konutunda kazan patlaması endişesi 5 Odunpazarı'nda bıçaklı kavga: polisin dikkati olayın büyümesini engelledi Odunpazarı'nda bıçaklı kavga: polisin dikkati olayın büyümesini engelledi 6 Samsun’da kavşağa kırmızı ışıkta giren tırın iki araca çarpma anı kamerada Samsun’da kavşağa kırmızı ışıkta giren tırın iki araca çarpma anı kamerada 7 Yüreğir'de iş yeri hedef alındı; inşaat ofisinin duvarlarına 11 kurşun isabet etti Yüreğir'de iş yeri hedef alındı; inşaat ofisinin duvarlarına 11 kurşun isabet etti İtfaiyenin hızlı müdahalesiyle Emirdağ OSB’deki gıda fabrikası yangını kontrol altına alındı Emirdağ OSB'de yangın büyümeden söndürüldü Emirdağ OSB'de bir gıda fabrikasında çıkan yangın, çevre ilçelerden gelen itfaiye ekiplerinin hızlı müdahalesi sayesinde büyümeden söndürüldü. Afyonkarahisar'ın Emirdağ ilçesindeki Organize Sanayi Bölgesi'nde (OSB) faaliyet gösteren bir gıda fabrikasında henüz belirlenemeyen nedenle yangın çıktı. Fabrika içerisindeki dumanları fark eden çalışanların ihbarı üzerine bölgeye çok sayıda itfaiye ekibi sevk edildi. Olay yerine Emirdağ ve çevre ilçelerden gelen itfaiye ekipleri hızla ulaştı. Ekiplerin koordineli ve zamanında müdahalesiyle alevler kısa sürede kontrol altına alındı ve ardından kapsamlı soğutma çalışmaları başlatıldı. Müdahale sırasında tahliye veya kurtarma gerektiren bir durum oluşmadı. Yangında can kaybı ya da yaralanma yaşanmadığı bildirildi, ancak fabrikada büyük çapta maddi hasar meydana geldi. Yetkililer yangının çıkış nedenini belirlemek üzere inceleme başlattı; soruşturma kapsamında fabrika içi ve çevresel bulgular değerlendirilecek. Olayda itfaiyenin hızlı müdahalesi ve çalışanların erken ihbarı, yangının yerel ölçekte kalmasını sağladı. Yetkililer soğutma çalışmalarının ardından hasar tespitine ve güvenlik önlemlerinin gözden geçirilmesine yönelik adımlar atacaklarını bildirdi. AFYONKARAHİSAR’IN EMİRDAĞ İLÇESİNDEKİ ORGANİZE SANAYİ BÖLGESİ’NDE (OSB) FAALİYET GÖSTEREN BİR GIDA FABRİKASINDA ÇIKAN YANGIN, EKİPLERİN ZAMANINDA MÜDAHALESİYLE BÜYÜMEDEN SÖNDÜRÜLDÜ. Selam! Ben Elif Çelik, 22 yaşındayım ve Bursa'dan bağlanıyorum. aksiyon.com.tr Gündem ekibinin en genciyim, yeni mezun oldum. Enerjim süper! Sosyal medya trendleri, sokak röportajları ve gençliğin nabzını tutan konular bende. Bu işe bayılıyorum! 29 Aralık İstanbul'da Okullar Tatil mi? Valilik ve Meteoroloji Açıklamaları 2026 Ehliyet, Pasaport ve Kimlik Kartı Harçları Resmileşti: Yeni Tarifeler ve Geçerlilik Tarihi Resmi Gazete'de yayımlandı: 66 meslekte Mesleki Yeterlilik Belgesi zorunluluğu 29 Aralık: Van, Zonguldak, Karabük, Bolu ve Düzce'de okullar tatil — Üniversiteler ne durumda? Market poşeti fiyatı 2026'da 1 TL oldu — 1 Ocak 2026'da yürürlüğe giren tarife 2026 Zorunlu Trafik Sigortası: SEDDK Teminat Limitlerini ve Çoklu Araç Tarifesini Yeniden Belirledi Taşacak Bu Deniz 13. bölüm neden yok? TRT 1, 2 Ocak yayın planını değiştirdi 1 Ocak'ta İstanbul'da Toplu Taşıma Ücretsiz: İBB Metro, Metrobüs ve Otobüs Ek Seferlerini Açıkladı Emekliye 60.000 TL'ye Kadar Paketler: Bankaların Güncel Promosyon ve Ek Avantajları İstanbul'da simit fiyatları fiilen yükseldi: Resmi tarife 15 TL, satışlar 20-25 TL'ye çıktı 26-27 Aralık Hava Durumu: İstanbul, Ankara ve Yalova için Kar Tahminleri 2026 Sosyal Destek Zamları: Evde Bakım, 65 Yaş ve Engelli Maaşlarında Yeni Tahminler","İtfaiyenin hızlı müdahalesiyle Emirdağ OSB’deki gıda fabrikası yangını kontrol altına alındı İtfaiyenin hızlı müdahalesiyle Emirdağ OSB’deki gıda fabrikası yangını kontrol altına alındı Aksiyon.com.TR Emirdağ OSB'de bir gıda fabrikasında çıkan yangın, çevre ilçelerden gelen itfaiye ekiplerinin hızlı müdahalesi sayesinde büyümeden söndürüldü. Emirdağ OSB'de yangın büyümeden söndürüldü Afyonkarahisar'ın Emirdağ ilçesindeki Organize Sanayi Bölgesi'nde (OSB) faaliyet gösteren bir gıda fabrikasında henüz belirlenemeyen nedenle yangın çıktı. Fabrika içerisindeki dumanları fark eden çalışanların ihbarı üzerine bölgeye çok sayıda itfaiye ekibi sevk edildi. müdahale ve söndürme çalışmaları: Olay yerine Emirdağ ve çevre ilçelerden gelen itfaiye ekipleri hızla ulaştı. Ekiplerin koordineli ve zamanında müdahalesiyle alevler kısa sürede kontrol altına alındı ve ardından kapsamlı soğutma çalışmaları başlatıldı. Müdahale sırasında tahliye veya kurtarma gerektiren bir durum oluşmadı. hasar ve soruşturma: Yangında can kaybı ya da yaralanma yaşanmadığı bildirildi, ancak fabrikada büyük çapta maddi hasar meydana geldi. Yetkililer yangının çıkış nedenini belirlemek üzere inceleme başlattı; soruşturma kapsamında fabrika içi ve çevresel bulgular değerlendirilecek. Olayda itfaiyenin hızlı müdahalesi ve çalışanların erken ihbarı, yangının yerel ölçekte kalmasını sağladı. Yetkililer soğutma çalışmalarının ardından hasar tespitine ve güvenlik önlemlerinin gözden geçirilmesine yönelik adımlar atacaklarını bildirdi. AFYONKARAHİSAR’IN EMİRDAĞ İLÇESİNDEKİ ORGANİZE SANAYİ BÖLGESİ’NDE (OSB) FAALİYET GÖSTEREN BİR GIDA FABRİKASINDA ÇIKAN YANGIN, EKİPLERİN ZAMANINDA MÜDAHALESİYLE BÜYÜMEDEN SÖNDÜRÜLDÜ. 1 Refüje çarpıp takla atan otomobilde üç kişi yaralandı Refüje çarpıp takla atan otomobilde üç kişi yaralandı 2 Bolu'da durmakta olan tıra arkadan çarpan 28 yaşındaki sürücü yaşamını yitirdi Bolu'da durmakta olan tıra arkadan çarpan 28 yaşındaki sürücü yaşamını yitirdi 3 Bilecik'te 1,80 promille alkollü sürücü devrilen araçla yaralandı, ehliyeti 6 ay el konuldu Bilecik'te 1,80 promille alkollü sürücü devrilen araçla yaralandı, ehliyeti 6 ay el konuldu 4 İhbar paniği: deprem konutunda kazan patlaması endişesi İhbar paniği: deprem konutunda kazan patlaması endişesi 5 Odunpazarı'nda bıçaklı kavga: polisin dikkati olayın büyümesini engelledi Odunpazarı'nda bıçaklı kavga: polisin dikkati olayın büyümesini engelledi 6 Samsun’da kavşağa kırmızı ışıkta giren tırın iki araca çarpma anı kamerada Samsun’da kavşağa kırmızı ışıkta giren tırın iki araca çarpma anı kamerada 7 Yüreğir'de iş yeri hedef alındı; inşaat ofisinin duvarlarına 11 kurşun isabet etti Yüreğir'de iş yeri hedef alındı; inşaat ofisinin duvarlarına 11 kurşun isabet etti İtfaiyenin hızlı müdahalesiyle Emirdağ OSB’deki gıda fabrikası yangını kontrol altına alındı Emirdağ OSB'de yangın büyümeden söndürüldü Emirdağ OSB'de bir gıda fabrikasında çıkan yangın, çevre ilçelerden gelen itfaiye ekiplerinin hızlı müdahalesi sayesinde büyümeden söndürüldü. Afyonkarahisar'ın Emirdağ ilçesindeki Organize Sanayi Bölgesi'nde (OSB) faaliyet gösteren bir gıda fabrikasında henüz belirlenemeyen nedenle yangın çıktı. Olay yerine Emirdağ ve çevre ilçelerden gelen itfaiye ekipleri hızla ulaştı. Yangında can kaybı ya da yaralanma yaşanmadığı bildirildi, ancak fabrikada büyük çapta maddi hasar meydana geldi. Ben Elif Çelik, 22 yaşındayım ve Bursa'dan bağlanıyorum. 29 Aralık İstanbul'da Okullar Tatil mi? Valilik ve Meteoroloji Açıklamaları 2026 Ehliyet, Pasaport ve Kimlik Kartı Harçları Resmileşti: Yeni Tarifeler ve Geçerlilik Tarihi Resmi Gazete'de yayımlandı: 66 meslekte Mesleki Yeterlilik Belgesi zorunluluğu 29 Aralık: Van, Zonguldak, Karabük, Bolu ve Düzce'de okullar tatil — Üniversiteler ne durumda? Market poşeti fiyatı 2026'da 1 TL oldu — 1 Ocak 2026'da yürürlüğe giren tarife 2026 Zorunlu Trafik Sigortası: SEDDK Teminat Limitlerini ve Çoklu Araç Tarifesini Yeniden Belirledi Taşacak Bu Deniz 13. TRT 1, 2 Ocak yayın planını değiştirdi 1 Ocak'ta İstanbul'da Toplu Taşıma Ücretsiz: İBB Metro, Metrobüs ve Otobüs Ek Seferlerini Açıkladı Emekliye 60.000 TL'ye Kadar Paketler: Bankaların Güncel Promosyon ve Ek Avantajları İstanbul'da simit fiyatları fiilen yükseldi: Resmi tarife 15 TL, satışlar 20-25 TL'ye çıktı 26-27 Aralık Hava Durumu: İstanbul, Ankara ve Yalova için Kar Tahminleri 2026 Sosyal Destek Zamları: Evde Bakım, 65 Yaş ve Engelli Maaşlarında Yeni Tahminler",browser_full_article,https://www.aksiyon.com.tr/itfaiyenin-hizli-mudahalesiyle-emirdag-osb-deki-gida-fabrikasi-yangini-kontrol-altina-alindi-370836,Afyonkarahisar | Bilecik | Bolu | Bursa | Düzce,Yüreğir | Emirdağ,İtfaiyenin hızlı müdahalesiyle Emirdağ OSB | TR Emirdağ OSB | Emirdağ OSB | kontrol altına alındı Emirdağ OSB | yangın büyümeden söndürüldü Emirdağ OSB,,deki gıda fabrikası,,,firma yok,deki gıda fabrikası İtfaiyenin hızlı müdahalesiyle Emirdağ OSB Yüreğir Afyonkarahisar Türkiye,Emirdağ,Emirdağ,"firma adı yok, tesis/lokasyon ile maps tahmini var",38.46153846153846,,219.75,34
2026-10-05 06:58:00,fabrika yangını,Fiziksel Risk / Yangın,"Fabrikada çıkan yangın, 3 saatte kontrol altına alındı","Fabrikada çıkan yangın, 3 saatte kontrol altına alındı DHA | Demirören Haber Ajansı",https://news.google.com/rss/articles/CBMingFBVV95cUxNV1FyYWlfT2JWSl9PQnZTUG5SdG16SzRrMWRkUVpsb090YXRYWTlieVp5djA1dDUzblRTUDJ1NUg3OXVWSTdUZEhsSkRQcldUX3RBTVBBWFhPck9UZlBwbmo1d0tQUXJYYkpYSlEtenlfS3NxLWVZRDFud190cnlpZG90Y05uVjc4WU83MDBuMkp0bk8yQ1Q0aXpLakxnZw?oc=5,fabrika,fabrika,"Fabrikada çıkan yangın, 3 saatte kontrol altına alındı DHA | Demirören Haber Ajansı","Fabrikada çıkan yangın, 3 saatte kontrol altına alındı Fabrikada çıkan yangın, 3 saatte kontrol altına alındı DHA | Demirören Haber Ajansı Fabrikada çıkan yangın, 3 saatte kontrol altına alındı DHA | Demirören Haber Ajansı",browser_failed,https://news.google.com/rss/articles/CBMingFBVV95cUxNV1FyYWlfT2JWSl9PQnZTUG5SdG16SzRrMWRkUVpsb090YXRYWTlieVp5djA1dDUzblRTUDJ1NUg3OXVWSTdUZEhsSkRQcldUX3RBTVBBWFhPck9UZlBwbmo1d0tQUXJYYkpYSlEtenlfS3NxLWVZRDFud190cnlpZG90Y05uVjc4WU83MDBuMkp0bk8yQ1Q0aXpLakxnZw?oc=5&hl=tr&gl=TR&ceid=TR:tr,,,,,,,,il yok | ilçe yok | firma yok | faaliyet/tesis yok,,,,maps araması yapılmadı,,,64.58,35
2026-10-07 22:32:00,yangın,Fiziksel Risk / Yangın,Bandırma'da Ayhan Sezer Yağ Fabrikası'nda yangın,Bandırma'da Ayhan Sezer Yağ Fabrikası'nda yangın Milliyet,https://news.google.com/rss/articles/CBMikwFBVV95cUxQdmtzbjZiZ21TcXhES3VLcUlMRk11SmJfaGVfZVN0Q1ZxaEd6d2pDWkFZNmpFMDhySVFZQnZZbkpPTGN2Y1hocWJKWnhLVzFGbGhBX2JxUlpCNWUxUUVpOF9zelVLcndGZ1N3anY0R0FTR0FmbGU1NTV4SXhhVE5neUxfSHdSV2h1dzVvcWtxa1NDcTQ?oc=5,fabrika,fabrika,"Balıkesir'in Bandırma ilçesinde faaliyet gösteren Ayhan Sezer Yağ Fabrikası'nda büyük çaplı yangın çıktı. Balıkesir'in Bandırma ilçesinde faaliyet gösteren Ayhan Sezer Yağ Fabrikası'nda büyük çaplı yangın çıktı. Balıkesir'in Bandırma ilçesinde faaliyet göster... Twitter Linkedin Flipboard E-posta Linki Kopyala Yazı Tipi Balıkesir'in Bandırma ilçesinde faaliyet gösteren Ayhan Sezer Yağ Fabrikası'nda büyük çaplı yangın çıktı. Haberlerimizi Google'da Takip Edin Gelişmelerden anında haberdar olun. Google'da tercih edilen kaynak olarak ekleyin Bandırma 'da Ayhan Sezer Yağ Fabrikası 'nda henüz bilinmeyen bir nedenle yangın çıktı. Alevlerin kısa sürede büyümesi üzerine bölgeye çok sayıda itfaiye ve 112 Acil Sağlık ekibi sevk edildi. Haberin Devamı Haberin Devamı İtfaiye ekiplerinin yangını kontrol altına almak için müdahalesi sürerken, sağlık ekipleri de bölgede hazır bekletiliyor. Yangının çıkış nedenine ilişkin inceleme başlatılacağı öğrenildi. YANGININ KONTROL ALTINA ALINDI Balıkesir 'in Bandırma ilçesinde yağ fabrikasında çıkan yangın kontrol altına alındı. Edincik Mahallesi Bandırma-Gönen yolunda bir yağ fabrikasında henüz belirlenemeyen nedenle yangın çıktı. Haberin Devamı İhbar üzerine olay yerine çok sayıda itfaiye, sağlık ve jandarma ekibi ile Toplumsal Olaylara Müdahale Aracı (TOMA) sevk edildi. Ekiplerin yoğun çalışması sonucu yangın kontrol altına alındı. Bölgedeki soğutma çalışmaları sürüyor. İLGİNİZİ ÇEKEBİLİR Aydın’daki feci kazadan acı haber! 3 gün sonra hastanede hayatını kaybettiler Haberi Görüntüle Twitter Linkedin Flipboard E-posta Linki Kopyala Yazı Tipi Balıkesir'in Bandırma ilçesinde faaliyet gösteren Ayhan Sezer Yağ Fabrikası'nda büyük çaplı yangın çıktı. Bandırma 'da Ayhan Sezer Yağ Fabrikası 'nda henüz bilinmeyen bir nedenle yangın çıktı. Alevlerin kısa sürede büyümesi üzerine bölgeye çok sayıda itfaiye ve 112 Acil Sağlık ekibi sevk edildi. Haberin Devamı Haberin Devamı İtfaiye ekiplerinin yangını kontrol altına almak için müdahalesi sürerken, sağlık ekipleri de bölgede hazır bekletiliyor. Yangının çıkış nedenine ilişkin inceleme başlatılacağı öğrenildi. YANGININ KONTROL ALTINA ALINDI Balıkesir 'in Bandırma ilçesinde yağ fabrikasında çıkan yangın kontrol altına alındı. Edincik Mahallesi Bandırma-Gönen yolunda bir yağ fabrikasında henüz belirlenemeyen nedenle yangın çıktı. Haberin Devamı İhbar üzerine olay yerine çok sayıda itfaiye, sağlık ve jandarma ekibi ile Toplumsal Olaylara Müdahale Aracı (TOMA) sevk edildi. Ekiplerin yoğun çalışması sonucu yangın kontrol altına alındı. Bölgedeki soğutma çalışmaları sürüyor. İLGİNİZİ ÇEKEBİLİR Aydın’daki feci kazadan acı haber! 3 gün sonra hastanede hayatını kaybettiler Haberi Görüntüle İLGİNİZİ ÇEKEBİLİR Aydın’daki feci kazadan acı haber! 3 gün sonra hastanede hayatını kaybettiler Haberi Görüntüle Gündem Bandırma'da Ayhan Sezer Yağ Fabrikası'nda yangın Bandırma'da Ayhan Sezer Yağ Fabrikası'nda yangın Balıkesir'in Bandırma ilçesinde faaliyet gösteren Ayhan Sezer Yağ Fabrikası'nda büyük çaplı yangın çıktı. 08.10.2026 - 01:32 | Son Güncellenme: 08.10.2026 - 02:47 Bandırma 'da Ayhan Sezer Yağ Fabrikası 'nda henüz bilinmeyen bir nedenle yangın çıktı. Alevlerin kısa sürede büyümesi üzerine bölgeye çok sayıda itfaiye ve 112 Acil Sağlık ekibi sevk edildi. YANGININ KONTROL ALTINA ALINDI Balıkesir 'in Bandırma ilçesinde yağ fabrikasında çıkan yangın kontrol altına alındı. Edincik Mahallesi Bandırma-Gönen yolunda bir yağ fabrikasında henüz belirlenemeyen nedenle yangın çıktı. İhbar üzerine olay yerine çok sayıda itfaiye, sağlık ve jandarma ekibi ile Toplumsal Olaylara Müdahale Aracı (TOMA) sevk edildi. Ekiplerin yoğun çalışması sonucu yangın kontrol altına alındı. Bölgedeki soğutma çalışmaları sürüyor.","Bandırma'da Ayhan Sezer Yağ Fabrikası'nda yangın Bandırma'da Ayhan Sezer Yağ Fabrikası'nda yangın Milliyet Balıkesir'in Bandırma ilçesinde faaliyet gösteren Ayhan Sezer Yağ Fabrikası'nda büyük çaplı yangın çıktı. Balıkesir'in Bandırma ilçesinde faaliyet göster... Twitter Linkedin Flipboard E-posta Linki Kopyala Yazı Tipi Balıkesir'in Bandırma ilçesinde faaliyet gösteren Ayhan Sezer Yağ Fabrikası'nda büyük çaplı yangın çıktı. Google'da tercih edilen kaynak olarak ekleyin Bandırma 'da Ayhan Sezer Yağ Fabrikası 'nda henüz bilinmeyen bir nedenle yangın çıktı. Alevlerin kısa sürede büyümesi üzerine bölgeye çok sayıda itfaiye ve 112 Acil Sağlık ekibi sevk edildi. Haberin Devamı Haberin Devamı İtfaiye ekiplerinin yangını kontrol altına almak için müdahalesi sürerken, sağlık ekipleri de bölgede hazır bekletiliyor. Yangının çıkış nedenine ilişkin inceleme başlatılacağı öğrenildi. YANGININ KONTROL ALTINA ALINDI Balıkesir 'in Bandırma ilçesinde yağ fabrikasında çıkan yangın kontrol altına alındı. Edincik Mahallesi Bandırma-Gönen yolunda bir yağ fabrikasında henüz belirlenemeyen nedenle yangın çıktı. Haberin Devamı İhbar üzerine olay yerine çok sayıda itfaiye, sağlık ve jandarma ekibi ile Toplumsal Olaylara Müdahale Aracı (TOMA) sevk edildi. Ekiplerin yoğun çalışması sonucu yangın kontrol altına alındı. 3 gün sonra hastanede hayatını kaybettiler Haberi Görüntüle Twitter Linkedin Flipboard E-posta Linki Kopyala Yazı Tipi Balıkesir'in Bandırma ilçesinde faaliyet gösteren Ayhan Sezer Yağ Fabrikası'nda büyük çaplı yangın çıktı. Bandırma 'da Ayhan Sezer Yağ Fabrikası 'nda henüz bilinmeyen bir nedenle yangın çıktı. 3 gün sonra hastanede hayatını kaybettiler Haberi Görüntüle İLGİNİZİ ÇEKEBİLİR Aydın’daki feci kazadan acı haber! 3 gün sonra hastanede hayatını kaybettiler Haberi Görüntüle Gündem Bandırma'da Ayhan Sezer Yağ Fabrikası'nda yangın Bandırma'da Ayhan Sezer Yağ Fabrikası'nda yangın Balıkesir'in Bandırma ilçesinde faaliyet gösteren Ayhan Sezer Yağ Fabrikası'nda büyük çaplı yangın çıktı. 08.10.2026 - 01:32 | Son Güncellenme: 08.10.2026 - 02:47 Bandırma 'da Ayhan Sezer Yağ Fabrikası 'nda henüz bilinmeyen bir nedenle yangın çıktı. İhbar üzerine olay yerine çok sayıda itfaiye, sağlık ve jandarma ekibi ile Toplumsal Olaylara Müdahale Aracı (TOMA) sevk edildi.",browser_full_article,https://www.milliyet.com.tr/gundem/bandirmada-ayhan-sezer-yag-fabrikasinda-yangin-7675288,Balıkesir,Bandırma,Edincik Mahallesi,,Sezer Yağ Fabrikası,,,firma yok,Sezer Yağ Fabrikası Edincik Mahallesi Bandırma Balıkesir Türkiye,Ayhan Sezer Yağ Fabrikasi,Ayhan Sezer Yağ Fabrikasi,"firma adı yok, tesis/lokasyon ile maps tahmini var",100.0,,177.25,36
2026-10-05 07:03:00,fabrika yangını,Fiziksel Risk / Yangın,Bursa Nilüfer'deki Mobilya Fabrikasında Yangın Sonrası Ekiplerin Çalışmaları Devam Ediyor,Bursa Nilüfer'deki Mobilya Fabrikasında Yangın Sonrası Ekiplerin Çalışmaları Devam Ediyor Mersin Haber,https://news.google.com/rss/articles/CBMiyAFBVV95cUxOX1NadkNqWDJYZEJNYU16eWZfWmdJWDFTR1E3S3pBYmhqUXBXVWFsZ2VRSE1PUVd3UjNlQnNMZmJVc1RZLTZwTC1WSVpqUElLMmVJN013YlNXb2VsUUVhX21LSXVuRnJfejNUTmRTRVl0N2hWakhGNXU5WmdFNnNnX1JVRVVyY0d4Sl92YmhUandXbVdyTmpHb1g1MXBoeWtsYV9qenk0anRWMmFYMFo3eGo3Mk5ZTnJYcmtNSHhMVE9yRUtoS3ZBdNIBV0FVX3lxTE1QdnAzX1ZEWWZZZ1Q1VnV1VDFnWHpQSC04VjBicW9Idi1PR0ZBZFN1cVIza29vWEJOT3MxaUdZZXh4ZkJjWWhTVE9uVWtDTHNLM1M1Y2pHSQ?oc=5,fabrika,fabrika,"www.mersinhaber.com Güvenlik doğrulaması yapılıyor Bu web sitesi, kötü niyetli botlara karşı korunmak için bir güvenlik hizmeti kullanıyor. Web sitesi bir bot olmadığınızı doğrularken bu sayfa görüntülenir. Doğrulama başarılı. www.mersinhaber.com adresinin yanıt vermesi bekleniyor Güvenlik doğrulaması yapılıyor Doğrulama başarılı. www.mersinhaber.com adresinin yanıt vermesi bekleniyor Bu web sitesi, kötü niyetli botlara karşı korunmak için bir güvenlik hizmeti kullanıyor. Web sitesi bir bot olmadığınızı doğrularken bu sayfa görüntülenir.","Bursa Nilüfer'deki Mobilya Fabrikasında Yangın Sonrası Ekiplerin Çalışmaları Devam Ediyor Bursa Nilüfer'deki Mobilya Fabrikasında Yangın Sonrası Ekiplerin Çalışmaları Devam Ediyor Mersin Haber www.mersinhaber.com Güvenlik doğrulaması yapılıyor Bu web sitesi, kötü niyetli botlara karşı korunmak için bir güvenlik hizmeti kullanıyor. Web sitesi bir bot olmadığınızı doğrularken bu sayfa görüntülenir. www.mersinhaber.com adresinin yanıt vermesi bekleniyor Güvenlik doğrulaması yapılıyor Doğrulama başarılı.",browser_full_article,https://www.mersinhaber.com/haber-bursa-niluferdeki-mobilya-fabrikasinda-yangin-sonrasi-ekiplerin-calismalari-devam-ediyor/797994,Bursa,Nilüfer,,,,,,firma yok | faaliyet/tesis yok,,,,maps araması yapılmadı,,,119.43,37
2026-10-06 07:00:00,fabrika yangını,Fiziksel Risk / Yangın,Ho Chi Minh Şehri: Tan Hiep'te bulunan 1.100 m2'lik boya ve kimyasal madde fabrikasında yangın çıktı.,Ho Chi Minh Şehri: Tan Hiep'te bulunan 1.100 m2'lik boya ve kimyasal madde fabrikasında yangın çıktı. Vietnam.vn,https://news.google.com/rss/articles/CBMingFBVV95cUxOUk1Edm56MDc3Ti1XQlVublhaQy1qMHJBNEozSGVpWk9iS1UwZXVqVFFzVTRtYkZmbGEzbzc5N21ZeU9EMEpnTnNsVTlTRE4yYmRsUWJqMjFZZ2twZGpOZ2tzam80aVA0SHJwalE2cnVHdHJHV0RrWTZTUmxGVEVfODNlYXpPOXFRX1AxTDZrZzFtc3NDc2l6bVBsNGd2Zw?oc=5,fabrika,fabrika,Ho Chi Minh Şehri: Tan Hiep'te bulunan 1.100 m2'lik boya ve kimyasal madde fabrikasında yangın çıktı. Vietnam.vn,Ho Chi Minh Şehri: Tan Hiep'te bulunan 1.100 m2'lik boya ve kimyasal madde fabrikasında yangın çıktı. Ho Chi Minh Şehri: Tan Hiep'te bulunan 1.100 m2'lik boya ve kimyasal madde fabrikasında yangın çıktı. Vietnam.vn Ho Chi Minh Şehri: Tan Hiep'te bulunan 1.100 m2'lik boya ve kimyasal madde fabrikasında yangın çıktı.,browser_failed,https://news.google.com/rss/articles/CBMingFBVV95cUxOUk1Edm56MDc3Ti1XQlVublhaQy1qMHJBNEozSGVpWk9iS1UwZXVqVFFzVTRtYkZmbGEzbzc5N21ZeU9EMEpnTnNsVTlTRE4yYmRsUWJqMjFZZ2twZGpOZ2tzam80aVA0SHJwalE2cnVHdHJHV0RrWTZTUmxGVEVfODNlYXpPOXFRX1AxTDZrZzFtc3NDc2l6bVBsNGd2Zw?oc=5&hl=tr&gl=TR&ceid=TR:tr,,,,,,,,il yok | ilçe yok | firma yok | faaliyet/tesis yok,,,,maps araması yapılmadı,,,95.62,38
2026-10-07 08:41:00,fabrika yangını,Operasyon / Soruşturma / Suç,Alevler fabrikayı sardı: Soruşturma patrona uzandı,Alevler fabrikayı sardı: Soruşturma patrona uzandı AKŞAM,https://news.google.com/rss/articles/CBMimwFBVV95cUxQSlZrQkxSTHpGWElJTlg5UmdoMm13Y3B5QXFiNDZVOUdycDZ5RGFmYndrUmRneURmOEZzRWJuOVdGT2ltRWM3dnhrU3hpdm9uTkc3S21YRHdGVWF2TE1nSTNiZE5faU0tblRGZTdqYVM5TXRVWmVEZ2E2T09vb3dfaW5KQXNzY0xlNEdBRFd1STBsd3JtZlFUemlKVdIBngFBVV95cUxPeE9oajFOeFlyRUNWZWdLYzl2OU11VDgwU0VYa3gweGlyQWptMjVRUW0xUVZabHNMOUVyWXd4enhUNFdFTWV0TUIzUF9sMnRTRFhmVGxlVmtHeFYtTnIyX2hMbU1rbGhDdWI5Zy1PVXNvY3RfZ21zWDVNVkp1VFVWWDZUeE0yd21EbXV5cGIyZVAxLUVMWWNGT21Nc0lrZw?oc=5,fabrika,fabrika,Alevler fabrikayı sardı: Soruşturma patrona uzandı AKŞAM,Alevler fabrikayı sardı: Soruşturma patrona uzandı Alevler fabrikayı sardı: Soruşturma patrona uzandı AKŞAM Alevler fabrikayı sardı: Soruşturma patrona uzandı AKŞAM,browser_failed,https://news.google.com/rss/articles/CBMimwFBVV95cUxQSlZrQkxSTHpGWElJTlg5UmdoMm13Y3B5QXFiNDZVOUdycDZ5RGFmYndrUmRneURmOEZzRWJuOVdGT2ltRWM3dnhrU3hpdm9uTkc3S21YRHdGVWF2TE1nSTNiZE5faU0tblRGZTdqYVM5TXRVWmVEZ2E2T09vb3dfaW5KQXNzY0xlNEdBRFd1STBsd3JtZlFUemlKVdIBngFBVV95cUxPeE9oajFOeFlyRUNWZWdLYzl2OU11VDgwU0VYa3gweGlyQWptMjVRUW0xUVZabHNMOUVyWXd4enhUNFdFTWV0TUIzUF9sMnRTRFhmVGxlVmtHeFYtTnIyX2hMbU1rbGhDdWI5Zy1PVXNvY3RfZ21zWDVNVkp1VFVWWDZUeE0yd21EbXV5cGIyZVAxLUVMWWNGT21Nc0lrZw?oc=5&hl=tr&gl=TR&ceid=TR:tr,,,,,,,,il yok | ilçe yok | firma yok | faaliyet/tesis yok,,,,maps araması yapılmadı,,,47.56,39
2026-10-07 22:02:17,fabrika yangını,Fiziksel Risk / Yangın,Bandırma'daki yağ fabrikasında korkutan yangın: Ekipler seferber oldu,Bandırma'daki yağ fabrikasında korkutan yangın: Ekipler seferber oldu Eskişehir Durum,https://news.google.com/rss/articles/CBMiugFBVV95cUxPam1OU0gyTUVwc0R0LU11Xy1nVnFxZ1lHZTB5bmpBMzBBNHA1YS05M2hCTURGb0hUSGI5NjRFN2wyUzBfQkVLRXZEcnF6UVZFTy1fNnJEdFBFSTBhV1psd0NsX3Q2dFhlcGlsYW5rMHZRWjIzNVBWcGszVUFHS3QxekRjTzBYZ2R6Y0J2TWR2OS0tZ0tHVXJDdUNPNVV4ZFo1REUtNHdESkU5TFJRRkswV2REcUF2OUVKWmc?oc=5,fabrika,fabrika,Bandırma'daki yağ fabrikasında korkutan yangın: Ekipler seferber oldu Eskişehir Durum,Bandırma'daki yağ fabrikasında korkutan yangın: Ekipler seferber oldu Bandırma'daki yağ fabrikasında korkutan yangın: Ekipler seferber oldu Eskişehir Durum Bandırma'daki yağ fabrikasında korkutan yangın: Ekipler seferber oldu Eskişehir Durum,browser_failed,https://news.google.com/rss/articles/CBMiugFBVV95cUxPam1OU0gyTUVwc0R0LU11Xy1nVnFxZ1lHZTB5bmpBMzBBNHA1YS05M2hCTURGb0hUSGI5NjRFN2wyUzBfQkVLRXZEcnF6UVZFTy1fNnJEdFBFSTBhV1psd0NsX3Q2dFhlcGlsYW5rMHZRWjIzNVBWcGszVUFHS3QxekRjTzBYZ2R6Y0J2TWR2OS0tZ0tHVXJDdUNPNVV4ZFo1REUtNHdESkU5TFJRRkswV2REcUF2OUVKWmc?oc=5&hl=tr&gl=TR&ceid=TR:tr,,,,,,,,il yok | ilçe yok | firma yok | faaliyet/tesis yok,,,,maps araması yapılmadı,,,72.6,40
2026-10-03 15:42:00,yangın,Fiziksel Risk / Yangın,Denizli'de akaryakıt istasyonundaki tankerde yangın çıktı,Denizli'de akaryakıt istasyonundaki tankerde yangın çıktı TRT Haber,https://news.google.com/rss/articles/CBMiqwFBVV95cUxPUjZjb0c5OHNwQnI2WGpnYXBVd0RrSHNQRFExNnFYdDZOUVBQTXQ0cnAtRENTdHhpR2JpVXpSVEdKcDdLUGcwcWdhX2ViaWhNYVFUTmtnRFVlQ1Jpd0FaQW9IZjRrbmUtV3N6ZFhYVE9FankxNnlsQThWcUx0eXFIRENnMi1qcWt6RWdwV1VfVFFIWUwzSXprQ3IxdzZ1cWVVZ1ludU83emN0WDQ?oc=5,"akaryakıt istasyonu, istasyon",akaryakıt tesisi,Denizli'de akaryakıt istasyonundaki tankerde yangın çıktı TRT Haber,Denizli'de akaryakıt istasyonundaki tankerde yangın çıktı Denizli'de akaryakıt istasyonundaki tankerde yangın çıktı TRT Haber Denizli'de akaryakıt istasyonundaki tankerde yangın çıktı TRT Haber,browser_failed,https://news.google.com/rss/articles/CBMiqwFBVV95cUxPUjZjb0c5OHNwQnI2WGpnYXBVd0RrSHNQRFExNnFYdDZOUVBQTXQ0cnAtRENTdHhpR2JpVXpSVEdKcDdLUGcwcWdhX2ViaWhNYVFUTmtnRFVlQ1Jpd0FaQW9IZjRrbmUtV3N6ZFhYVE9FankxNnlsQThWcUx0eXFIRENnMi1qcWt6RWdwV1VfVFFIWUwzSXprQ3IxdzZ1cWVVZ1ludU83emN0WDQ?oc=5&hl=tr&gl=TR&ceid=TR:tr,Denizli,,,,,,,ilçe yok | firma yok | faaliyet/tesis yok,,,,maps araması yapılmadı,,,63.92,41
2026-10-08 02:43:00,yangın,Fiziksel Risk / Yangın,"Bandırma'da yağ fabrikasında yangın: Alevler fabrikayı sardı, müdahale sürüyor","Bandırma'da yağ fabrikasında yangın: Alevler fabrikayı sardı, müdahale sürüyor Evrensel.net",https://news.google.com/rss/articles/CBMitAFBVV95cUxQbnpzSkFaRXFXVVFuSEZUQ0J6ZUlyYUhTSXBkaHh3RUFwR0lOdEY2YlQ0VUp3OW9VZTVOc1h2Zm5MVVl2ZHRyLVFCTFhqSlpraS0xMjZqc29PR0tzazZRNUtzUDI0WGp0Z0hwOUZiUm9SaThUcENuUk43SFlKLTVvc1NhQXFLVmd5dlJrTUEwZVRQYko0dUNabEhDZDV5SW1KRm1ZUHVPd1ZVSlYwR0Y4Vmg4V2c?oc=5,fabrika,fabrika,"Balıkesir'in Bandırma ilçesinde bir yağ fabrikasında çıkan yangın 8,5 saatte söndürülebildi. 08.10.2026 00:23 Ataşehir Belediyesinde operasyonların altında işçiler kaldı: 6 aylık zammın reel karşılığı 0,25 “AKP gelirse Hizmet-İş gelir, örgütlülüğümüz dağılır” denilerek 3 yıllık sözleşmeye ikna edilen Ataşehir Belediyesi işçilerine yüzde 18 zam verildi. TÜİK’in ilk 6 aylık enflasyonuna göre bile reel ücret artışı yüzde 0,25’te kaldı. Fotoğraf: Murat Uysal/Evrensel Barış Salık barissalik003@gmail.com Murat Uysal muratuysal72@gmail.com İçerik yükleniyor... Evrensel'i, Google'da tercih edilen kaynak olarak ekleyin 08.10.2026 10:30 / Güncelleme: 10:36 TTB'den Özel Hastaneler Yönetmeliği'ne tepki: İşletmelere denetim muafiyeti, hekimlere idari kısıtlama TTB, Özel Hastaneler Yönetmeliği'nde yapılan değişikliklerle akreditasyon sahibi hastanelere denetim muafiyeti tanındığını, hekimlerin çalışma haklarına yönelik sınırlamaların ise sürdürüldüğünü belirtti. TTB Zeliha Irmak zelis.irmakk@gmail.com İçerik yükleniyor... Evrensel'i, Google'da tercih edilen kaynak olarak ekleyin Balıkesir'in Bandırma ilçesinde bir yağ fabrikasında çıkan yangın 8,5 saatte söndürülebildi. Fotoğraf: DHA Sıcaklıkların yükseldiği günlerin ardından birçok bölgede sağanak yağış etkili olacak. Meteoroloji, yağış beklenen illeri ve bölgelere göre hava durumunu açıkladı. Fotoğraf: Pixabay Eskişehir'de başından silahla vurulmuş halde, yakınları tarafından hastaneye getirilen 31 yaşındaki Muhammed A. hayatını kaybetti. Fotoğraf: DHA Küçükçekmece'de bir eğlence mekanında çevreye ateş açan kişi ile içerideki polis arasında çatışma çıktı. Çatışmada polis ve saldırgan hayatını kaybederken, 2 kişi yaralandı. Fotoğraf: DHA “AKP gelirse Hizmet-İş gelir, örgütlülüğümüz dağılır” denilerek 3 yıllık sözleşmeye ikna edilen Ataşehir Belediyesi işçilerine yüzde 18 zam verildi. TÜİK’in ilk 6 aylık enflasyonuna göre bile reel ücret artışı yüzde 0,25’te kaldı. Fotoğraf: Murat Uysal/Evrensel TTB, Özel Hastaneler Yönetmeliği'nde yapılan değişikliklerle akreditasyon sahibi hastanelere denetim muafiyeti tanındığını, hekimlerin çalışma haklarına yönelik sınırlamaların ise sürdürüldüğünü belirtti. TTB Yıldız Teknik Üniversitesinde günlerdir süren sistem kesintilerinin arkasından fidye yazılımı saldırısı çıktı. KVKK, yaklaşık 144 bin öğrenci ve 2 bin 500 personelin etkilendiği veri ihlalini kamuoyuna duyurdu. Fotoğraf: Yıldız Teknik Üniversitesi İçerik yükleniyor... (Haber Merkezi) Devamını Oku İçerik yükleniyor... (Haber Merkezi) Barış Salık barissalik003@gmail.com Murat Uysal muratuysal72@gmail.com İçerik yükleniyor... Zeliha Irmak zelis.irmakk@gmail.com İçerik yükleniyor... İçerik yükleniyor... (Evrensel) Balıkesir'de iki işçinin öldüğü fabrika yangınında 1 kişi tutuklandı Bandırma'da yağ fabrikasında yangın: Alevler 8,5 saatte kontrol altına alındı Balıkesir'in Bandırma ilçesinde bir yağ fabrikasında çıkan yangın 8,5 saatte söndürülebildi. Sıcak hava yerini gök gürültülü sağanağa bırakıyor: Meteoroloji yağış beklenen illeri açıkladı Sıcaklıkların yükseldiği günlerin ardından birçok bölgede sağanak yağış etkili olacak. Meteoroloji, yağış beklenen illeri ve bölgelere göre hava durumunu açıkladı. Eskişehir'de başından silahla vurulmuş halde hastaneye getirilen genç kurtarılamadı Eskişehir'de başından silahla vurulmuş halde, yakınları tarafından hastaneye getirilen 31 yaşındaki Muhammed A. hayatını kaybetti. Küçükçekmece'de eğlence mekanında silahlı saldırı: 1'i polis, 2 kişi hayatını kaybetti Küçükçekmece'de bir eğlence mekanında çevreye ateş açan kişi ile içerideki polis arasında çatışma çıktı. Çatışmada polis ve saldırgan hayatını kaybederken, 2 kişi yaralandı. Ataşehir Belediyesinde operasyonların altında işçiler kaldı: 6 aylık zammın reel karşılığı 0,25 “AKP gelirse Hizmet-İş gelir, örgütlülüğümüz dağılır” denilerek 3 yıllık sözleşmeye ikna edilen Ataşehir Belediyesi işçilerine yüzde 18 zam verildi. TÜİK’in ilk 6 aylık enflasyonuna göre bile reel ücret artışı yüzde 0,25’te kaldı. TTB'den Özel Hastaneler Yönetmeliği'ne tepki: İşletmelere denetim muafiyeti, hekimlere idari kısıtlama TTB, Özel Hastaneler Yönetmeliği'nde yapılan değişikliklerle akreditasyon sahibi hastanelere denetim muafiyeti tanındığını, hekimlerin çalışma haklarına yönelik sınırlamaların ise sürdürüldüğünü belirtti. YTÜ’de veri ihlali: Öğrencilerin kişisel verileri güvende mi? Yıldız Teknik Üniversitesinde günlerdir süren sistem kesintilerinin arkasından fidye yazılımı saldırısı çıktı. KVKK, yaklaşık 144 bin öğrenci ve 2 bin 500 personelin etkilendiği veri ihlalini kamuoyuna duyurdu. Balıkesir - Bandırma ilçesinde faaliyet gösteren yağ fabrikasında çıkan yangın 8,5 saat sonra kontrol altına alındı. DHA'da yer alan habere göre yangın, Bandırma ilçesinin kırsal Edincik Mahallesi’nde Bandırma-Gönen kara yolu üzerinde faaliyet gösteren yağ fabrikasında dün saat 23.30 sularında çıktı. Gece vardiyasında çalışan işçilerin ihbarı üzerine bölgeye ekipler sevk edildi. Alevler kısa sürede fabrikayı sardı. Yangın bugün saat 08.00 sularında kontrol altına alındı. Soğutma çalışmaları süren yangının çıkış nedeni araştırılıyor. 31 yıldır emeğin sesi olan Evrensel, gücünü sadece okurlarından alıyor. Emeğin sesinin daha gür çıkması için sen de güç ver. Fotoğraf: Murat Uysal/Evrensel Barış Salık barissalik003@gmail.com Murat Uysal muratuysal72@gmail.com Zeliha Irmak zelis.irmakk@gmail.com Önemli haberlerden ve gelişmelerden haberdar olmak ister misiniz?","Bandırma'da yağ fabrikasında yangın: Alevler fabrikayı sardı, müdahale sürüyor Bandırma'da yağ fabrikasında yangın: Alevler fabrikayı sardı, müdahale sürüyor Evrensel.net Balıkesir'in Bandırma ilçesinde bir yağ fabrikasında çıkan yangın 8,5 saatte söndürülebildi. 08.10.2026 00:23 Ataşehir Belediyesinde operasyonların altında işçiler kaldı: 6 aylık zammın reel karşılığı 0,25 “AKP gelirse Hizmet-İş gelir, örgütlülüğümüz dağılır” denilerek 3 yıllık sözleşmeye ikna edilen Ataşehir Belediyesi işçilerine yüzde 18 zam verildi. TÜİK’in ilk 6 aylık enflasyonuna göre bile reel ücret artışı yüzde 0,25’te kaldı. Fotoğraf: Murat Uysal/Evrensel Barış Salık barissalik003@gmail.com Murat Uysal muratuysal72@gmail.com İçerik yükleniyor... Evrensel'i, Google'da tercih edilen kaynak olarak ekleyin 08.10.2026 10:30 / Güncelleme: 10:36 TTB'den Özel Hastaneler Yönetmeliği'ne tepki: İşletmelere denetim muafiyeti, hekimlere idari kısıtlama TTB, Özel Hastaneler Yönetmeliği'nde yapılan değişikliklerle akreditasyon sahibi hastanelere denetim muafiyeti tanındığını, hekimlerin çalışma haklarına yönelik sınırlamaların ise sürdürüldüğünü belirtti. Evrensel'i, Google'da tercih edilen kaynak olarak ekleyin Balıkesir'in Bandırma ilçesinde bir yağ fabrikasında çıkan yangın 8,5 saatte söndürülebildi. Fotoğraf: DHA Sıcaklıkların yükseldiği günlerin ardından birçok bölgede sağanak yağış etkili olacak. Meteoroloji, yağış beklenen illeri ve bölgelere göre hava durumunu açıkladı. Fotoğraf: Pixabay Eskişehir'de başından silahla vurulmuş halde, yakınları tarafından hastaneye getirilen 31 yaşındaki Muhammed A. Fotoğraf: DHA Küçükçekmece'de bir eğlence mekanında çevreye ateş açan kişi ile içerideki polis arasında çatışma çıktı. Çatışmada polis ve saldırgan hayatını kaybederken, 2 kişi yaralandı. TTB Yıldız Teknik Üniversitesinde günlerdir süren sistem kesintilerinin arkasından fidye yazılımı saldırısı çıktı. KVKK, yaklaşık 144 bin öğrenci ve 2 bin 500 personelin etkilendiği veri ihlalini kamuoyuna duyurdu. (Evrensel) Balıkesir'de iki işçinin öldüğü fabrika yangınında 1 kişi tutuklandı Bandırma'da yağ fabrikasında yangın: Alevler 8,5 saatte kontrol altına alındı Balıkesir'in Bandırma ilçesinde bir yağ fabrikasında çıkan yangın 8,5 saatte söndürülebildi. Eskişehir'de başından silahla vurulmuş halde hastaneye getirilen genç kurtarılamadı Eskişehir'de başından silahla vurulmuş halde, yakınları tarafından hastaneye getirilen 31 yaşındaki Muhammed A. Küçükçekmece'de eğlence mekanında silahlı saldırı: 1'i polis, 2 kişi hayatını kaybetti Küçükçekmece'de bir eğlence mekanında çevreye ateş açan kişi ile içerideki polis arasında çatışma çıktı. Ataşehir Belediyesinde operasyonların altında işçiler kaldı: 6 aylık zammın reel karşılığı 0,25 “AKP gelirse Hizmet-İş gelir, örgütlülüğümüz dağılır” denilerek 3 yıllık sözleşmeye ikna edilen Ataşehir Belediyesi işçilerine yüzde 18 zam verildi. TTB'den Özel Hastaneler Yönetmeliği'ne tepki: İşletmelere denetim muafiyeti, hekimlere idari kısıtlama TTB, Özel Hastaneler Yönetmeliği'nde yapılan değişikliklerle akreditasyon sahibi hastanelere denetim muafiyeti tanındığını, hekimlerin çalışma haklarına yönelik sınırlamaların ise sürdürüldüğünü belirtti. Yıldız Teknik Üniversitesinde günlerdir süren sistem kesintilerinin arkasından fidye yazılımı saldırısı çıktı. Balıkesir - Bandırma ilçesinde faaliyet gösteren yağ fabrikasında çıkan yangın 8,5 saat sonra kontrol altına alındı. DHA'da yer alan habere göre yangın, Bandırma ilçesinin kırsal Edincik Mahallesi’nde Bandırma-Gönen kara yolu üzerinde faaliyet gösteren yağ fabrikasında dün saat 23.30 sularında çıktı. Gece vardiyasında çalışan işçilerin ihbarı üzerine bölgeye ekipler sevk edildi. Alevler kısa sürede fabrikayı sardı. Yangın bugün saat 08.00 sularında kontrol altına alındı. Soğutma çalışmaları süren yangının çıkış nedeni araştırılıyor. Emeğin sesinin daha gür çıkması için sen de güç ver.",browser_full_article,https://www.evrensel.net/haber/6003934/bandirma-da-yag-fabrikasinda-yangin-alevler-8-5-saatte-kontrol-altina-alindi,Balıkesir | Eskişehir | Isparta | İstanbul,Bandırma | Gönen | Küçükçekmece,Bandırma ilçesinin kırsal Edincik Mahallesi,,,,,firma yok | faaliyet/tesis yok,,,,maps araması yapılmadı,,,142.75,42
2026-10-08 13:35:24,yangın,Fiziksel Risk / Yangın,Malatya'da şantiye alanında yangın. İşçilerin kaldığı 30 konteyner yandı,Malatya'da şantiye alanında yangın. İşçilerin kaldığı 30 konteyner yandı NTV Haber,https://news.google.com/rss/articles/CBMiwgFBVV95cUxOb0lFYTR1Sko3N01QSDVaTWpEQ2dvQkZDdnViVTczM0dUNHdGc281QzlUU29IbDdKTDh5Q2V3Y1Z5QTJYU2p1Nk0zVGtBZmtFWGhrZm9mQ25RNkYwMzdyY05EUGgta08wTkVOck1uMTZOcFNrUkZOOGtNZDg2VENLZXhaSnZCT3g0NGNST0ZLRXdWdmpRckE1NF9rZ0FXX0NPSE5FTktoaWVZXzlib0Q1NDRuei1YVE5FNWNOS213RVlCUdIBxwFBVV95cUxNQ05vNzVRejlJZFNTS0FFTFFtN1FDckt6VEF5UWRuRG5WSFFXUzBDVzVtS0N3QzBLQTZBTUwxSVZWaHVyVVFQSTdTdlF4RU5xOVRfWlowR1RVNE83MVVkbnVIQi0wSHRjNnlMNGdFc2F6TWwzWm5wa2pCNkdXWUhndVlCeXhzekxuNGVKMVc5UnBIT3hXS2VhOGlUdXlFaGtBcHVoczM3WWlSdXNQZjkzc0NZTVhBLW9GaHFFY1laanBadmdLOElJ?oc=5,şantiye,şantiye,"Malatya’nın Yeşilyurt ilçesinde şantiye alanında çıkan yangında yaklaşık 30 konteyner yanarak zarar gördü. Malatya’nın Yeşilyurt ilçesinde şantiye alanında çıkan yangında yaklaşık 30 konteyner yanarak zarar gördü. Malatya’nın Yeşilyurt ilçesinde şantiye alanında çıkan yangında yaklaşık 30 konteyner yanarak zarar gördü. Malatya'da şantiye alanında yangın. İşçilerin kaldığı 30 konteyner yandı Malatya’nın Yeşilyurt ilçesinde şantiye alanında çıkan yangında yaklaşık 30 konteyner yanarak zarar gördü. Yangın ekiplerin müdahalesiyle söndürüldü. Yeşilyurt ilçesi Gündüzbey Mahallesi’nde bulunan şantiye alanında işçilerin barınması için kullanılan konteynerlerde henüz belirlenemeyen bir nedenle yangın çıktı. İhbar üzerine bölgeye itfaiye ekipleri sevk edildi. Ekiplerin müdahalesiyle yangın kontrol altına alınarak söndürüldü. Yangında yaklaşık 30 konteyner yanarak zarar görürken olayda yaralanan olmadı. Yangının çıkış nedeninin belirlenmesi için inceleme başlatıldı. MALATYA Haberleri içerisinde yayınlanan yerel haberler AA, DHA ve İHA ajanslarından alınmaktadır. Bu haber içeriği, ntv.com.tr editörlerinin haber içeriğinde hiçbir editoryal müdahalesi olmadan yayına alınmıştır. MALATYA Haberleri içerisinde yer alan tüm haberlerle ilgili hukuki muhatap haberi geçen ajanslardır.","Malatya'da şantiye alanında yangın. İşçilerin kaldığı 30 konteyner yandı Malatya'da şantiye alanında yangın. İşçilerin kaldığı 30 konteyner yandı NTV Haber Malatya’nın Yeşilyurt ilçesinde şantiye alanında çıkan yangında yaklaşık 30 konteyner yanarak zarar gördü. Malatya'da şantiye alanında yangın. İşçilerin kaldığı 30 konteyner yandı Malatya’nın Yeşilyurt ilçesinde şantiye alanında çıkan yangında yaklaşık 30 konteyner yanarak zarar gördü. Yangın ekiplerin müdahalesiyle söndürüldü. Yeşilyurt ilçesi Gündüzbey Mahallesi’nde bulunan şantiye alanında işçilerin barınması için kullanılan konteynerlerde henüz belirlenemeyen bir nedenle yangın çıktı. İhbar üzerine bölgeye itfaiye ekipleri sevk edildi. Ekiplerin müdahalesiyle yangın kontrol altına alınarak söndürüldü. Yangında yaklaşık 30 konteyner yanarak zarar görürken olayda yaralanan olmadı. Yangının çıkış nedeninin belirlenmesi için inceleme başlatıldı. MALATYA Haberleri içerisinde yayınlanan yerel haberler AA, DHA ve İHA ajanslarından alınmaktadır. MALATYA Haberleri içerisinde yer alan tüm haberlerle ilgili hukuki muhatap haberi geçen ajanslardır.",browser_full_article,https://www.ntv.com.tr/yerel-haberler/malatya/malatyada-santiye-alaninda-yangin-iscilerin-kaldigi-30-konteyner-yandi-1745435,Malatya | Tokat,Yeşilyurt,Yeşilyurt ilçesi Gündüzbey Mahallesi,,,,,firma yok | faaliyet/tesis yok,,,,maps araması yapılmadı,,,135.33,43
2026-10-07 11:46:50,MASAK,Kara Para / MASAK / Bahis,"MASAK'tan kimlik tespiti ve fon transferlerine ilişkin ""parasal sınır"" düzenlemesi","MASAK'tan kimlik tespiti ve fon transferlerine ilişkin ""parasal sınır"" düzenlemesi - Finans haberlerinin doğru adresi - Mynet Finans Haber Mynet",https://news.google.com/rss/articles/CBMivAFBVV95cUxQUVdBTExoUHdpUjJaYUgtLTl5X3lIVnhsVlA2cTFjaDFlbWVZZGU1ZDRoWVhYR0ZhN3o2eXNQZjcxbDlqcXo3aTg3cHlEdW1PS0hhVHd5RWtlWng5Q25EMDBFMUh6SENkUzhDZDdMZERtNHJlamotVUwzNnZidU1OQTZuM3c0UVNENHU0Nkd0OW16eEpublpLdktMOGJwMVlmSTQ3OTRwd2FQTTVVVDl1eEJYSldYelQ1Z0JaOdIBvAFBVV95cUxQUVdBTExoUHdpUjJaYUgtLTl5X3lIVnhsVlA2cTFjaDFlbWVZZGU1ZDRoWVhYR0ZhN3o2eXNQZjcxbDlqcXo3aTg3cHlEdW1PS0hhVHd5RWtlWng5Q25EMDBFMUh6SENkUzhDZDdMZERtNHJlamotVUwzNnZidU1OQTZuM3c0UVNENHU0Nkd0OW16eEpublpLdktMOGJwMVlmSTQ3OTRwd2FQTTVVVDl1eEJYSldYelQ1Z0JaOQ?oc=5,masak,,"Finans sisteminde müşteriden kimlik bilgilerinin alınması gereken işlem tutarı 185 bin liradan 370 bin liraya yükseltildi. Finans sisteminde müşteriden kimlik bilgilerinin alınması gereken işlem tutarı 185 bin liradan 370 bin liraya yükseltildi. Finans sisteminde müşteriden kimlik bilgilerinin alınması gereken işlem tutarı 185 bin liradan 370 bin liraya yükseltildi. %1,99 faizli ve 6 ay vadeli 50.000 TL krediniz Enpara'da! MASAK'tan kimlik tespiti ve fon transferlerine ilişkin ""parasal sınır"" düzenlemesi Finans sisteminde müşteriden kimlik bilgilerinin alınması gereken işlem tutarı 185 bin liradan 370 bin liraya yükseltildi. Hazine ve Maliye Bakanlığı Mali Suçları Araştırma Kurulunca (MASAK) hazırlanan ""Suç Gelirlerinin Aklanmasının ve Terörün Finansmanının Önlenmesine Dair Tedbirler Hakkında Yönetmelikte Değişiklik Yapılmasına Dair Yönetmelik"" Resmi Gazete'de yayımlanarak yürürlüğe girdi. Değişiklikle, müşterinin tanınması yükümlülüğü kapsamında uygulanan ve en son 14 Ocak 2023'te belirlenen parasal eşikler yükümlü gruplarının ihtiyaçları dikkate alınarak yeniden belirlendi. Bu kapsamda, müşteriden kimlik bilgilerinin alınması gereken işlem tutarı 185 bin liradan 370 bin liraya, elektronik fon transferleri (EFT) ile kripto varlık transferlerinde uygulanan tutar ise 15 bin liradan 30 bin liraya yükseltildi. Düzenlemeyle ayrıca, yükümlüler nezdinde daha önce kimlik tespiti gerçekleştirilmiş müşteriler tarafından yapılan müteakip işlemlerde, müşteri kimliğinin internet bankacılığı, mobil bankacılık ya da benzeri güvenli doğrulama yöntemleri aracılığıyla doğrulanabildiği durumlarda imza örneği alınması zorunluluğu kaldırıldı. Kaynak: AA | Bu içerik Cansu Çamcı tarafından yayına alınmıştır","MASAK'tan kimlik tespiti ve fon transferlerine ilişkin ""parasal sınır"" düzenlemesi MASAK'tan kimlik tespiti ve fon transferlerine ilişkin ""parasal sınır"" düzenlemesi - Finans haberlerinin doğru adresi - Mynet Finans Haber Mynet Finans sisteminde müşteriden kimlik bilgilerinin alınması gereken işlem tutarı 185 bin liradan 370 bin liraya yükseltildi. %1,99 faizli ve 6 ay vadeli 50.000 TL krediniz Enpara'da! MASAK'tan kimlik tespiti ve fon transferlerine ilişkin ""parasal sınır"" düzenlemesi Finans sisteminde müşteriden kimlik bilgilerinin alınması gereken işlem tutarı 185 bin liradan 370 bin liraya yükseltildi. Hazine ve Maliye Bakanlığı Mali Suçları Araştırma Kurulunca (MASAK) hazırlanan ""Suç Gelirlerinin Aklanmasının ve Terörün Finansmanının Önlenmesine Dair Tedbirler Hakkında Yönetmelikte Değişiklik Yapılmasına Dair Yönetmelik"" Resmi Gazete'de yayımlanarak yürürlüğe girdi. Değişiklikle, müşterinin tanınması yükümlülüğü kapsamında uygulanan ve en son 14 Ocak 2023'te belirlenen parasal eşikler yükümlü gruplarının ihtiyaçları dikkate alınarak yeniden belirlendi. Bu kapsamda, müşteriden kimlik bilgilerinin alınması gereken işlem tutarı 185 bin liradan 370 bin liraya, elektronik fon transferleri (EFT) ile kripto varlık transferlerinde uygulanan tutar ise 15 bin liradan 30 bin liraya yükseltildi. Düzenlemeyle ayrıca, yükümlüler nezdinde daha önce kimlik tespiti gerçekleştirilmiş müşteriler tarafından yapılan müteakip işlemlerde, müşteri kimliğinin internet bankacılığı, mobil bankacılık ya da benzeri güvenli doğrulama yöntemleri aracılığıyla doğrulanabildiği durumlarda imza örneği alınması zorunluluğu kaldırıldı. Kaynak: AA | Bu içerik Cansu Çamcı tarafından yayına alınmıştır",browser_full_article,https://www.mynet.com/amp/masak-tan-kimlik-tespiti-ve-fon-transferlerine-iliskin-parasal-sinir-duzenlemesi-finans-579409,,,,,,,,il yok | ilçe yok | firma yok | faaliyet/tesis yok,,,,maps araması yapılmadı,,,108.0,44
2026-10-05 12:10:00,MASAK raporu,Kara Para / MASAK / Bahis,"YASİN KOL KİMDİR, NEDEN GÖZALTINA ALINDI, TUTUKLANDI MI? Süper Lig hakemi Yasin Kol neyle yargılanıyor, MASAK raporu ortaya çıktı mı? Yasin Kol kaç yaşında, nereli?","YASİN KOL KİMDİR, NEDEN GÖZALTINA ALINDI, TUTUKLANDI MI? Süper Lig hakemi Yasin Kol neyle yargılanıyor, MASAK raporu ortaya çıktı mı? Yasin Kol kaç yaşında, nereli? Posta",https://news.google.com/rss/articles/CBMi_AFBVV95cUxOZUR6SUZFZGhPVlZ0dGhXR3RLY2lMeG9oMjNmQzFWbERsc3lsTy1vd2JYTlNVZUQ0bDJPVWNiWUp6SmxXUnpsZmNld05sQ0txbHI2VkpndXhJU2twUV9jYndKRFZ1TXFJckVJZnRUdXFEeEVZOEE2ZVNpNVhiREJ5bjhUdGROOUVUTTZPbFNHcGpiNmd3cDd4NGxmTVdsSnd4aEdiMUQ0TW5jQXItcURfbnpYSXo2U0E3a3Y2SXg5RU1WUkpLXzZLZjU4NDVFekpJRmk1a29kZ2pjV21mUGx6N1lvdFJYZFJMbGxscXFLNmlqSTg5M0Vwa2w0NXg?oc=5,masak,,"İstanbul Cumhuriyet Başsavcılığı tarafından yürütülen Hakemler Dosyası soruşturmasında son dakika gelişmeleri yaşanıyor. Süper Lig hakemi Yasin Kol'un neden... Gündem Haberleri - İstanbul Cumhuriyet Başsavcılığı tarafından yürütülen Hakemler Dosyası soruşturmasında son dakika gelişmeleri yaşanıyor. Süper Lig hakemi Yasin Kol'un neden gözaltına alındığı, tutuklanıp tutuklanmadığı ve hesaplarındaki para trafiğini ortaya koyan MASAK raporu futbol kamuoyunda geniş yankı uyandırdı. Peki, Yasin Kol kimdir, kaç yaşında, nereli ve hangi suçlamalarla yargılanıyor? İşte detaylar... İstanbul Cumhuriyet Başsavcılığı tarafından yürütülen Hakemler Dosyası soruşturmasında son dakika gelişmeleri yaşanıyor. Süper Lig hakemi Yasin Kol'un neden...","YASİN KOL KİMDİR, NEDEN GÖZALTINA ALINDI, TUTUKLANDI MI? Süper Lig hakemi Yasin Kol neyle yargılanıyor, MASAK raporu ortaya çıktı mı? Yasin Kol kaç yaşında, nereli? YASİN KOL KİMDİR, NEDEN GÖZALTINA ALINDI, TUTUKLANDI MI? Süper Lig hakemi Yasin Kol neyle yargılanıyor, MASAK raporu ortaya çıktı mı? Yasin Kol kaç yaşında, nereli? Posta İstanbul Cumhuriyet Başsavcılığı tarafından yürütülen Hakemler Dosyası soruşturmasında son dakika gelişmeleri yaşanıyor. Süper Lig hakemi Yasin Kol'un neden... Gündem Haberleri - İstanbul Cumhuriyet Başsavcılığı tarafından yürütülen Hakemler Dosyası soruşturmasında son dakika gelişmeleri yaşanıyor. Süper Lig hakemi Yasin Kol'un neden gözaltına alındığı, tutuklanıp tutuklanmadığı ve hesaplarındaki para trafiğini ortaya koyan MASAK raporu futbol kamuoyunda geniş yankı uyandırdı. Peki, Yasin Kol kimdir, kaç yaşında, nereli ve hangi suçlamalarla yargılanıyor?",browser_full_article,https://www.posta.com.tr/galeri/yasin-kol-kimdir-neden-gozaltina-alindi-tutuklandi-mi-super-lig-hakemi-yasin-kol-neyle-yargilaniyor-masak-raporu-ortaya-cikti-mi-3047966,İstanbul,,,,,,,ilçe yok | firma yok | faaliyet/tesis yok,,,,maps araması yapılmadı,,,157.88,45
2026-10-07 01:11:41,MASAK,Kara Para / MASAK / Bahis,MASAK’ta Kimlik Tespiti Sınırları İki Katına Çıktı,MASAK’ta Kimlik Tespiti Sınırları İki Katına Çıktı Alomaliye,https://news.google.com/rss/articles/CBMikAFBVV95cUxQVGl1QzFlS2Y0TnI3dVR2RkpTSHo1Q3ZUaUQyWU5TZTN5Y1VMbmdieUxXR3loTGlPazZncGsxWVBGRG10dERYR0l1dFluMUM3VTBTSWs4V2xtbGVNRHFUUWRaQXo2ZTk2TUJ1T0h3dDRFNG9MMGNYbmJ4M0Zyal9EMEp1ck5hYlZDeENTS3Q4a1LSAZYBQVVfeXFMTkhReGo4OXdDNFdBWVZwVUtDYmVma2pkTDF6djB5QVVwdXh6UUdreTZFN2hZTW1PZTdncDh0dm9uRk4yVjhhak51VU14bHJsSzY4d2taeXhPT2pZQlVpdklJakhiVXN6ME9zMkNsdVBJTnZSbC1jaDVJVnZqQlQyYmlYRTZ5dmZjYUtMREQxSGFTLWRKRFdn?oc=5,masak,,"MASAK kimlik tespiti sınırları 370 bin ve 30 bin TL’ye yükseldi. SMS doğrulaması ve denetim raporlarına ilişkin yeni kurallar yürürlükte. MASAK kimlik tespiti sınırları 370 bin ve 30 bin TL’ye yükseldi. SMS doğrulaması ve denetim raporlarına ilişkin yeni kurallar yürürlükte. SON HABERLER İnşaat Maliyetleri Yüzde 29,59 Arttı Sanayi Üretiminde Çifte Düşüş Evlerde Enerjinin Yüzde 62’si Isınmaya Gitti GSMH 2025 Yılında 62 Trilyon 288 Milyar TL Oldu Aylık Getiride Zirve DİBS’in, Yıllıkta Altının Kurumsal Sürdürülebilirlik Raporlama Uzmanlığı Sınav İlanı İşverenin E-Posta Denetimine Sınır Millî Saraylarda Gişeler 17.00’de Kapanacak TESK’te Yeni Kadro ve Yol Haritası S&P’den Türk Sigortacılığına Olumlu Değerlendirme MASAK’ta Kimlik Tespiti Sınırları İki Katına Çıktı Yayın Tarihi: 7 Ekim 2026 / 04:11 Kategori: Cumhurbaşkanlığı Karar/Kararnameler/Genelgeler , Manşet Yazdır E-posta Mevzuatın Adı: Suç Gelirlerinin Aklanmasının ve Terörün Finansmanının Önlenmesine Dair Tedbirler Hakkında Yönetmelikte Değişiklik Yapılmasına Dair Yönetmelik (Karar Sayısı: 11845) 07 Ekim 2026 Tarihli Resmi Gazete Sayı: 33393 Karar Sayısı: 11845 Ekli “Suç Gelirlerinin Aklanmasının ve Terörün Finansmanının Önlenmesine Dair Tedbirler Hakkında Yönetmelikte Değişiklik Yapılmasına Dair Yönetmelik”in yürürlüğe konulmasına, 5549 sayılı Suç Gelirlerinin Aklanmasının Önlenmesi Hakkında Kanunun 27 nci maddesi gereğince karar verilmiştir. 6 Ekim 2026 Recep Tayyip ERDOĞAN CUMHURBAŞKANI SUÇ GELİRLERİNİN AKLANMASININ VE TERÖRÜN FİNANSMANININ ÖNLENMESİNE DAİR TEDBİRLER HAKKINDA YÖNETMELİKTE DEĞİŞİKLİK YAPILMASINA DAİR YÖNETMELİK MADDE 1 – 10/12/2007 tarihli ve 2007/13012 sayılı Bakanlar Kurulu Kararı ile yürürlüğe konulan Suç Gelirlerinin Aklanmasının ve Terörün Finansmanının Önlenmesine Dair Tedbirler Hakkında Yönetmeliğin 5 inci maddesinin birinci fıkrasının (b) bendinde yer alan “yüzseksenbeşbin TL” ibaresi “üçyüzyetmişbin TL” şeklinde, “onbeşbin TL” ibaresi “otuzbin TL” şeklinde ve aynı fıkranın (c) bendinde yer alan “onbeşbin TL” ibaresi “otuzbin TL” şeklinde değiştirilmiştir. MADDE 2 – Aynı Yönetmeliğin 16 ncı maddesinin birinci fıkrasına ikinci cümlesinden sonra gelmek üzere aşağıdaki cümleler eklenmiştir. “Finansal kuruluşlarca; internet veya mobil hizmet kanalları üzerinden ya da müşterinin yükümlü nezdinde kayıtlı ve daha önce doğrulanmış cep telefonu numarasına kısa mesaj servisi ile gönderilen tek kullanımlık doğrulama kodu (SMS OTP) yoluyla doğrulama yapılması durumunda imza örneği alınmayabilir. Yapılacak doğrulamanın, işlemin niteliği ve risk düzeyine uygun olması, işlem yaptıranın daha önce kimliği tespit edilen müşteri olduğuna yeterli güvence sağlaması ve yetkisiz kişilerin müşteri adına işlem yapması riskine karşı uygun güvenlik tedbirlerini içermesi gerekir.” MADDE 3 – Aynı Yönetmeliğin 24 üncü maddesinin birinci ve ikinci fıkralarında yer alan “Onbeşbin TL” ibareleri “Otuzbin TL” şeklinde değiştirilmiştir. MADDE 4 – Aynı Yönetmeliğin 24/A maddesinin birinci ve ikinci fıkralarında yer alan “Onbeşbin TL” ibareleri “Otuzbin TL” şeklinde değiştirilmiştir. MADDE 5 – Aynı Yönetmeliğin 38 inci maddesine ikinci fıkradan sonra gelmek üzere aşağıdaki fıkra eklenmiş ve diğer fıkralar buna göre teselsül ettirilmiştir. “(3) 3 üncü maddenin birinci fıkrasının (f) bendi dışında kalan yükümlüler bakımından yalnızca yükümlülük uyum denetimi raporu düzenlenir. Denetim sırasında yükümlülük ihlali tespit edilmesi durumunda raporda bu ihlallere yer verilir ve bu rapor aynı zamanda yükümlülük ihlali inceleme raporu yerine geçer.” MADDE 6- Bu Yönetmelik yayımı tarihinde yürürlüğe girer. MADDE 7 – Bu Yönetmelik hükümlerini Hazine ve Maliye Bakanı yürütür. KAPSAMLI ÖZET: Kimlik tespitinde genel işlem sınırı 370 bin TL’ye, kripto varlık işlemleri ve elektronik transferlerdeki sınırlar 30 bin TL’ye yükseltildi. Finansal kuruluşlarda güvenli dijital doğrulamayla imza örneği alınmayabilecek; diğer yükümlüler için denetim raporlama usulü değişecek. 7 Ekim 2026 tarihli ve 33393 sayılı Resmî Gazete’de yayımlanan 11845 sayılı Cumhurbaşkanı Kararı ile Suç Gelirlerinin Aklanmasının ve Terörün Finansmanının Önlenmesine Dair Tedbirler Hakkında Yönetmeliğin 5, 16, 24, 24/A ve 38. maddelerinde değişiklik yapıldı. Düzenleme, 5549 sayılı Suç Gelirlerinin Aklanmasının Önlenmesi Hakkında Kanunun 27. maddesine dayanıyor. 1. Kimlik Tespiti Eşikleri İki Katına Çıkarıldı Ana Yönetmeliğin 5. maddesinde yer alan işlem tutarına bağlı kimlik tespiti sınırları yükseltildi. İşlem veya Yükümlü Grubu Dayanak Önceki Eşik Yeni Eşik Genel işlem tutarına bağlı kimlik tespiti m.5/1-b 185.000 TL 370.000 TL Kripto varlık hizmet sağlayıcılar için özel işlem eşiği m.5/1-b 15.000 TL 30.000 TL Elektronik transferler m.5/1-c 15.000 TL 30.000 TL Kripto varlık hizmet sağlayıcıların gerçekleştirdiği kripto varlık transferleri m.5/1-c 15.000 TL 30.000 TL Bu eşikler, tek işlemin tutarı veya birbiriyle bağlantılı birden fazla işlemin toplam tutarı üzerinden değerlendiriliyor. Yeni tutarlara eşit işlemler de kimlik tespiti kapsamına giriyor. Örneğin genel eşik kapsamında değerlendirilen bağlantılı iki işlemin tutarı 200.000 TL ve 170.000 TL ise toplam 370.000 TL olduğundan kimlik tespiti gerekiyor. Kimlik tespiti, iş ilişkisi kurulmadan veya işlem gerçekleştirilmeden önce tamamlanmalı. 2. Tutar Gözetilmeyen Kimlik Tespiti ve Bildirim Yükümlülükleri Korundu Parasal eşiklerin yükselmesi, bu tutarların altındaki bütün işlemlerin kimlik tespitinden muaf tutulduğu anlamına gelmiyor. Yönetmeliğin 5. maddesine göre aşağıdaki durumlarda tutar gözetilmeksizin kimlik tespiti yapılmaya devam edilecek: Sürekli iş ilişkisi kurulması. Şüpheli işlem bildirimini gerektiren bir durum bulunması. Daha önce alınan müşteri kimlik bilgilerinin yeterliliği veya doğruluğundan şüphe duyulması. Ayrıca 27. madde uyarınca şüpheli işlemlerin tutar gözetilmeksizin MASAK’a bildirilmesi kuralı değişmedi. Yeni eşikler, şüpheli işlem bildirimi için bir alt sınır oluşturmuyor. 3. Müteakip İşlemlerde Dijital Doğrulamayla İmza Örneği Alınmayabilecek Ana Yönetmeliğin 16. maddesi, daha önce usulüne uygun olarak kimliği tespit edilmiş müşterilerin sonraki işlemlerini düzenliyor. Mevcut hükümde, sürekli iş ilişkisi kapsamındaki yüz yüze yapılan ve kimlik tespitini gerektiren müteakip işlemlerde müşteri bilgileri karşılaştırılıyor; ilgili evraka işlemi yaptıran kişinin adı ve soyadı yazılarak imza örneği alınıyor. Yeni düzenlemeyle finansal kuruluşlar , şu yöntemlerle doğrulama yapmaları durumunda imza örneği almayabilecek: İnternet hizmet kanalları üzerinden doğrulama. Mobil hizmet kanalları üzerinden doğrulama. Kuruluşta kayıtlı ve daha önce doğrulanmış müşteri cep telefonu numarasına gönderilen tek kullanımlık SMS doğrulama koduyla (SMS OTP) doğrulama. Bunun için doğrulamanın; İşlemin niteliğine ve risk düzeyine uygun olması, İşlemi yaptıranın daha önce kimliği tespit edilen müşteri olduğuna yeterli güvence sağlaması, Yetkisiz kişilerin müşteri adına işlem yapması riskine karşı uygun güvenlik tedbirlerini içermesi gerekiyor. İmza örneği alınmaması, şartlara bağlı bir imkân. İlk müşteri kabulünde kimlik tespiti yükümlülüğü devam ediyor. Eklenen hüküm, imza örneğine ilişkin olduğundan mevcut bilgi karşılaştırma ve şüphe hâlinde doğrulama kurallarını kaldırmıyor. 4. Elektronik Transfer Mesajlarında Yeni Eşik 30 Bin TL Oldu Ana Yönetmeliğin 24. maddesinin birinci ve ikinci fıkralarındaki 15.000 TL sınırı 30.000 TL’ye yükseltildi. 30.000 TL ve üzerindeki yurt içi ve yurt dışı elektronik transfer mesajlarında , göndericinin: Adı ve soyadı veya unvanı/tam adı, Hesap numarası; hesap numarası yoksa işlem referansı, Adres, doğum yeri ve tarihi veya maddede sayılan diğer tanımlayıcı bilgilerden en az biri yer alacak ve bu bilgilerin doğruluğu teyit edilecek. Alıcı bakımından ad veya unvan ile hesap numarası ya da işlem referansı mesajda bulunacak; 24. madde kapsamında bu bilgilerin teyidi zorunlu olmayacak . 30.000 TL’nin altındaki transferlerde de gönderici ve alıcının ad veya unvan bilgileri ile hesap numarası ya da işlem referansı mesajda bulunacak. Bu bilgiler için söz konusu fıkra kapsamında teyit zorunluluğu bulunmayacak. Dolayısıyla değişiklik, transfer mesajlarında bilgi bulunması yükümlülüğünü kaldırmıyor; uygulanacak bilgi ve teyit kapsamını belirleyen tutarı yükseltiyor. 5. Kripto Varlık Transfer Mesajlarında Eşik 30 Bin TL’ye Yükseltildi Ana Yönetmeliğin 24/A maddesinin birinci ve ikinci fıkralarındaki 15.000 TL sınırları da 30.000 TL oldu. 30.000 TL ve üzerindeki kripto varlık transfer mesajlarında , göndericinin ad veya unvanı, cüzdan adresi ya da işlem referansı ve maddede belirtilen ilave tanımlayıcı bilgilerden en az biri bulunacak; gönderici bilgilerinin doğruluğu teyit edilecek. Alıcıya ilişkin ad veya unvan ile cüzdan adresi ya da işlem referansı mesajda yer alacak. Bu bilgilerin teyidi, ilgili fıkra kapsamında zorunlu olmayacak. 30.000 TL’nin altındaki transferlerde de gönderici ve alıcıya ilişkin temel bilgiler ile cüzdan adresi ya da işlem referansı mesajda bulunmaya devam edecek. Eksik bilgilerin tamamlanması, bilgilerin transfer zinciri boyunca aktarılması ve kayıtlı olmayan cüzdanlara ilişkin diğer hükümler bu değişiklikle kaldırılmıyor. 6. Finansal Kuruluşlar Dışındaki Yükümlüler İçin Tek Denetim Raporu Düzenlenecek Ana Yönetmeliğin 38. maddesine eklenen üçüncü fıkraya göre, 3. maddenin birinci fıkrasının (f) bendindeki finansal kuruluş tanımı dışında kalan yükümlüler bakımından yalnızca yükümlülük uyum denetimi raporu düzenlenecek. Denetimde ihlal tespit edilirse: İhlaller aynı raporda gösterilecek. Bu rapor, aynı zamanda yükümlülük ihlali inceleme raporu yerine geçecek . Ayrıca bir ihlal inceleme raporu düzenlenmesi gerekmeyecek. Bu kapsam, yalnızca Yönetmelikte tanımlanan “finansal olmayan belirli iş ve meslekler” grubuyla sınırlı değil; finansal kuruluş tanımı dışında kalan bütün yükümlüler bakımından uygulanacak. Örneğin yükümlülük kapsamındaki faaliyetleri yönünden kuyumcular, taşınmaz alım satımıyla uğraşanlar ve aracılar, noterler, serbest muhasebeciler, serbest muhasebeci mali müşavirler ve yeminli mali müşavirler bu düzenleme kapsamında bulunuyor. Kripto varlık hizmet sağlayıcılar ise Yönetmeliğin finansal kuruluş tanımına dâhil. Bu nedenle yeni tek rapor hükmünün kapsamında değiller. Yeni fıkra nedeniyle, denetim raporlarının usul ve esaslarını MASAK’ın belirlemesine ilişkin mevcut üçüncü fıkra dördüncü fıkra olacak. 7. Değişiklikler 7 Ekim 2026’da Yürürlüğe Girdi Değişiklik Yönetmeliği, yayımı tarihinde, 7 Ekim 2026’da yürürlüğe girdi . Yönetmelik hükümlerini Hazine ve Maliye Bakanı yürütüyor. Paylaş X'te Paylaş Paylaş Pay","MASAK’ta Kimlik Tespiti Sınırları İki Katına Çıktı MASAK’ta Kimlik Tespiti Sınırları İki Katına Çıktı Alomaliye MASAK kimlik tespiti sınırları 370 bin ve 30 bin TL’ye yükseldi. SMS doğrulaması ve denetim raporlarına ilişkin yeni kurallar yürürlükte. SON HABERLER İnşaat Maliyetleri Yüzde 29,59 Arttı Sanayi Üretiminde Çifte Düşüş Evlerde Enerjinin Yüzde 62’si Isınmaya Gitti GSMH 2025 Yılında 62 Trilyon 288 Milyar TL Oldu Aylık Getiride Zirve DİBS’in, Yıllıkta Altının Kurumsal Sürdürülebilirlik Raporlama Uzmanlığı Sınav İlanı İşverenin E-Posta Denetimine Sınır Millî Saraylarda Gişeler 17.00’de Kapanacak TESK’te Yeni Kadro ve Yol Haritası S&P’den Türk Sigortacılığına Olumlu Değerlendirme MASAK’ta Kimlik Tespiti Sınırları İki Katına Çıktı Yayın Tarihi: 7 Ekim 2026 / 04:11 Kategori: Cumhurbaşkanlığı Karar/Kararnameler/Genelgeler , Manşet Yazdır E-posta Mevzuatın Adı: Suç Gelirlerinin Aklanmasının ve Terörün Finansmanının Önlenmesine Dair Tedbirler Hakkında Yönetmelikte Değişiklik Yapılmasına Dair Yönetmelik (Karar Sayısı: 11845) 07 Ekim 2026 Tarihli Resmi Gazete Sayı: 33393 Karar Sayısı: 11845 Ekli “Suç Gelirlerinin Aklanmasının ve Terörün Finansmanının Önlenmesine Dair Tedbirler Hakkında Yönetmelikte Değişiklik Yapılmasına Dair Yönetmelik”in yürürlüğe konulmasına, 5549 sayılı Suç Gelirlerinin Aklanmasının Önlenmesi Hakkında Kanunun 27 nci maddesi gereğince karar verilmiştir. 6 Ekim 2026 Recep Tayyip ERDOĞAN CUMHURBAŞKANI SUÇ GELİRLERİNİN AKLANMASININ VE TERÖRÜN FİNANSMANININ ÖNLENMESİNE DAİR TEDBİRLER HAKKINDA YÖNETMELİKTE DEĞİŞİKLİK YAPILMASINA DAİR YÖNETMELİK MADDE 1 – 10/12/2007 tarihli ve 2007/13012 sayılı Bakanlar Kurulu Kararı ile yürürlüğe konulan Suç Gelirlerinin Aklanmasının ve Terörün Finansmanının Önlenmesine Dair Tedbirler Hakkında Yönetmeliğin 5 inci maddesinin birinci fıkrasının (b) bendinde yer alan “yüzseksenbeşbin TL” ibaresi “üçyüzyetmişbin TL” şeklinde, “onbeşbin TL” ibaresi “otuzbin TL” şeklinde ve aynı fıkranın (c) bendinde yer alan “onbeşbin TL” ibaresi “otuzbin TL” şeklinde değiştirilmiştir. MADDE 2 – Aynı Yönetmeliğin 16 ncı maddesinin birinci fıkrasına ikinci cümlesinden sonra gelmek üzere aşağıdaki cümleler eklenmiştir. “Finansal kuruluşlarca; internet veya mobil hizmet kanalları üzerinden ya da müşterinin yükümlü nezdinde kayıtlı ve daha önce doğrulanmış cep telefonu numarasına kısa mesaj servisi ile gönderilen tek kullanımlık doğrulama kodu (SMS OTP) yoluyla doğrulama yapılması durumunda imza örneği alınmayabilir. Yapılacak doğrulamanın, işlemin niteliği ve risk düzeyine uygun olması, işlem yaptıranın daha önce kimliği tespit edilen müşteri olduğuna yeterli güvence sağlaması ve yetkisiz kişilerin müşteri adına işlem yapması riskine karşı uygun güvenlik tedbirlerini içermesi gerekir.” MADDE 3 – Aynı Yönetmeliğin 24 üncü maddesinin birinci ve ikinci fıkralarında yer alan “Onbeşbin TL” ibareleri “Otuzbin TL” şeklinde değiştirilmiştir. MADDE 4 – Aynı Yönetmeliğin 24/A maddesinin birinci ve ikinci fıkralarında yer alan “Onbeşbin TL” ibareleri “Otuzbin TL” şeklinde değiştirilmiştir. MADDE 5 – Aynı Yönetmeliğin 38 inci maddesine ikinci fıkradan sonra gelmek üzere aşağıdaki fıkra eklenmiş ve diğer fıkralar buna göre teselsül ettirilmiştir. “(3) 3 üncü maddenin birinci fıkrasının (f) bendi dışında kalan yükümlüler bakımından yalnızca yükümlülük uyum denetimi raporu düzenlenir. Denetim sırasında yükümlülük ihlali tespit edilmesi durumunda raporda bu ihlallere yer verilir ve bu rapor aynı zamanda yükümlülük ihlali inceleme raporu yerine geçer.” MADDE 6- Bu Yönetmelik yayımı tarihinde yürürlüğe girer. KAPSAMLI ÖZET: Kimlik tespitinde genel işlem sınırı 370 bin TL’ye, kripto varlık işlemleri ve elektronik transferlerdeki sınırlar 30 bin TL’ye yükseltildi. Düzenleme, 5549 sayılı Suç Gelirlerinin Aklanmasının Önlenmesi Hakkında Kanunun 27. Kimlik Tespiti Eşikleri İki Katına Çıkarıldı Ana Yönetmeliğin 5. maddesinde yer alan işlem tutarına bağlı kimlik tespiti sınırları yükseltildi. İşlem veya Yükümlü Grubu Dayanak Önceki Eşik Yeni Eşik Genel işlem tutarına bağlı kimlik tespiti m.5/1-b 185.000 TL 370.000 TL Kripto varlık hizmet sağlayıcılar için özel işlem eşiği m.5/1-b 15.000 TL 30.000 TL Elektronik transferler m.5/1-c 15.000 TL 30.000 TL Kripto varlık hizmet sağlayıcıların gerçekleştirdiği kripto varlık transferleri m.5/1-c 15.000 TL 30.000 TL Bu eşikler, tek işlemin tutarı veya birbiriyle bağlantılı birden fazla işlemin toplam tutarı üzerinden değerlendiriliyor. Yeni tutarlara eşit işlemler de kimlik tespiti kapsamına giriyor. Örneğin genel eşik kapsamında değerlendirilen bağlantılı iki işlemin tutarı 200.000 TL ve 170.000 TL ise toplam 370.000 TL olduğundan kimlik tespiti gerekiyor. Kimlik tespiti, iş ilişkisi kurulmadan veya işlem gerçekleştirilmeden önce tamamlanmalı. Tutar Gözetilmeyen Kimlik Tespiti ve Bildirim Yükümlülükleri Korundu Parasal eşiklerin yükselmesi, bu tutarların altındaki bütün işlemlerin kimlik tespitinden muaf tutulduğu anlamına gelmiyor. maddesine göre aşağıdaki durumlarda tutar gözetilmeksizin kimlik tespiti yapılmaya devam edilecek: Sürekli iş ilişkisi kurulması. Şüpheli işlem bildirimini gerektiren bir durum bulunması. Daha önce alınan müşteri kimlik bilgilerinin yeterliliği veya doğruluğundan şüphe duyulması. madde uyarınca şüpheli işlemlerin tutar gözetilmeksizin MASAK’a bildirilmesi kuralı değişmedi. Mevcut hükümde, sürekli iş ilişkisi kapsamındaki yüz yüze yapılan ve kimlik tespitini gerektiren müteakip işlemlerde müşteri bilgileri karşılaştırılıyor; ilgili evraka işlemi yaptıran kişinin adı ve soyadı yazılarak imza örneği alınıyor. Kuruluşta kayıtlı ve daha önce doğrulanmış müşteri cep telefonu numarasına gönderilen tek kullanımlık SMS doğrulama koduyla (SMS OTP) doğrulama. Bunun için doğrulamanın; İşlemin niteliğine ve risk düzeyine uygun olması, İşlemi yaptıranın daha önce kimliği tespit edilen müşteri olduğuna yeterli güvence sağlaması, Yetkisiz kişilerin müşteri adına işlem yapması riskine karşı uygun güvenlik tedbirlerini içermesi gerekiyor. İmza örneği alınmaması, şartlara bağlı bir imkân. İlk müşteri kabulünde kimlik tespiti yükümlülüğü devam ediyor. Eklenen hüküm, imza örneğine ilişkin olduğundan mevcut bilgi karşılaştırma ve şüphe hâlinde doğrulama kurallarını kaldırmıyor. 30.000 TL ve üzerindeki yurt içi ve yurt dışı elektronik transfer mesajlarında , göndericinin: Adı ve soyadı veya unvanı/tam adı, Hesap numarası; hesap numarası yoksa işlem referansı, Adres, doğum yeri ve tarihi veya maddede sayılan diğer tanımlayıcı bilgilerden en az biri yer alacak ve bu bilgilerin doğruluğu teyit edilecek. Alıcı bakımından ad veya unvan ile hesap numarası ya da işlem referansı mesajda bulunacak; 24. 30.000 TL’nin altındaki transferlerde de gönderici ve alıcının ad veya unvan bilgileri ile hesap numarası ya da işlem referansı mesajda bulunacak. Dolayısıyla değişiklik, transfer mesajlarında bilgi bulunması yükümlülüğünü kaldırmıyor; uygulanacak bilgi ve teyit kapsamını belirleyen tutarı yükseltiyor. Kripto Varlık Transfer Mesajlarında Eşik 30 Bin TL’ye Yükseltildi Ana Yönetmeliğin 24/A maddesinin birinci ve ikinci fıkralarındaki 15.000 TL sınırları da 30.000 TL oldu. Eksik bilgilerin tamamlanması, bilgilerin transfer zinciri boyunca aktarılması ve kayıtlı olmayan cüzdanlara ilişkin diğer hükümler bu değişiklikle kaldırılmıyor. maddenin birinci fıkrasının (f) bendindeki finansal kuruluş tanımı dışında kalan yükümlüler bakımından yalnızca yükümlülük uyum denetimi raporu düzenlenecek. Bu kapsam, yalnızca Yönetmelikte tanımlanan “finansal olmayan belirli iş ve meslekler” grubuyla sınırlı değil; finansal kuruluş tanımı dışında kalan bütün yükümlüler bakımından uygulanacak. Örneğin yükümlülük kapsamındaki faaliyetleri yönünden kuyumcular, taşınmaz alım satımıyla uğraşanlar ve aracılar, noterler, serbest muhasebeciler, serbest muhasebeci mali müşavirler ve yeminli mali müşavirler bu düzenleme kapsamında bulunuyor. Yeni fıkra nedeniyle, denetim raporlarının usul ve esaslarını MASAK’ın belirlemesine ilişkin mevcut üçüncü fıkra dördüncü fıkra olacak.",browser_full_article,https://www.alomaliye.com/2026/10/07/masakta-kimlik-tespiti-sinirlari-iki-katina-cikti/,,,,,,,,il yok | ilçe yok | firma yok | faaliyet/tesis yok,,,,maps araması yapılmadı,,,63.0,46
2026-10-07 11:48:25,MASAK,Kara Para / MASAK / Bahis,SON DAKİKA! Esenyurt Belediyesi’nde ’yüzde 20’lik rüşvet çarkı: Evinden çıkanlar ve MASAK raporu şoke etti!,SON DAKİKA! Esenyurt Belediyesi’nde ’yüzde 20’lik rüşvet çarkı: Evinden çıkanlar ve MASAK raporu şoke etti! Sabah,https://news.google.com/rss/articles/CBMi4AFBVV95cUxNYnh3R28xMlBKSjRVMkNnR1ZsejdxbXFTbjJ1NDlGWU82a0NrT21FUmgybkNOa2IzcDFUTTlWTU94WFhmNnpJS0FLTnZCcFBhMGRXdDdva25wcVoydExwTjRGdzZ1VnUtZkFBT3hJd054SFBQV1ZETkRGRzBzdi1aSld4UEpFVXBBaTh6ZF9mMmF3eEdLVGZYR25qMzZCUkhjOGNpS3l3b2MyWGVQZXNmMjgyLWFUaUNXWXE2TmZKVERLYzV5RjY4X2pnVUNteG5hb0FCSHFDb1JfSG9DM0xCbNIB4AFBVV95cUxNYnh3R28xMlBKSjRVMkNnR1ZsejdxbXFTbjJ1NDlGWU82a0NrT21FUmgybkNOa2IzcDFUTTlWTU94WFhmNnpJS0FLTnZCcFBhMGRXdDdva25wcVoydExwTjRGdzZ1VnUtZkFBT3hJd054SFBQV1ZETkRGRzBzdi1aSld4UEpFVXBBaTh6ZF9mMmF3eEdLVGZYR25qMzZCUkhjOGNpS3l3b2MyWGVQZXNmMjgyLWFUaUNXWXE2TmZKVERLYzV5RjY4X2pnVUNteG5hb0FCSHFDb1JfSG9DM0xCbA?oc=5,masak,,"SON DAKİKA! Esenyurt Belediyesi'nde 'yüzde 20'lik rüşvet çarkı: Evinden çıkanlar ve MASAK raporu şoke etti! Son dakika haberleri... Esenyurt Belediyesi’ne yönelik ihale yolsuzluğu ve rüşvet soruşturmasında akılalmaz detaylar gün yüzüne çıktı. Müteahhitlerin hakedişlerinden kesilen %20’lik pay, Başkan Yardımcısı Yusuf Ulutaş’ın evinde bulunan dudak... Haberin devamı DHA Giriş Tarihi: 07.10.2026 14:48 Güncelleme Tarihi: 07.10.2026 14:50 Giriş Tarihi: 07.10.2026 14:48 Güncelleme Tarihi: 07.10.2026 14:50 İstanbul Cumhuriyet Başsavcılığı'nca, Esenyurt Belediyesi'ndeki bir kısım ihaleye fesat karıştırıldığı ve bu kapsamda müteahhitlerden rüşvet alındığı iddialarına yönelik yürütülen soruşturma kapsamında, Yusuf Ulutaş'ın evinde yapılan aramada 450 bin 854 dolar, 31 bin 815 avro, 2 milyon 580 bin lira nakit para, 35 bilezik, 36 kolye, 42 küpe, 17 yüzük, 9 bileklik, 4 saat ve 2 lüks marka saat ile çeşitli altın ve ziynet eşyalarının ele geçirildiği kaydedildi. Dünyanın en güçlü hava kuvvetleri 2026 listesi belli oldu! Türkiye'nin sırası şaşırttı Şarkıcı Atilla Taş'ın acı günü! Kızı Sezen Taş, balkondan düşerek hayatını kaybetti Kumun altında görünmeyen gizli tehlike: Hem elektrik üretiyor hem zehirli dikenleriyle bekliyor! SON DAKİKA! Esenyurt Belediyesi'nde 'yüzde 20'lik rüşvet çarkı: Evinden çıkanlar ve MASAK raporu şoke etti! Son dakika haberleri... Esenyurt Belediyesi'ne yönelik ihale yolsuzluğu ve rüşvet soruşturmasında akılalmaz detaylar gün yüzüne çıktı. Müteahhitlerin hakedişlerinden kesilen %20'lik pay, Başkan Yardımcısı Yusuf Ulutaş'ın evinde bulunan dudak uçuklatan servet ve MASAK raporundaki 231 milyonluk şüpheli para trafiği skandalın boyutunu gözler önüne serdi. Dosyaya giren ses kayıtlarındaki ""Belediyenin anahtarı onda"" itirafı ise rüşvet çarkını deşifre etti.","SON DAKİKA! Esenyurt Belediyesi’nde ’yüzde 20’lik rüşvet çarkı: Evinden çıkanlar ve MASAK raporu şoke etti! SON DAKİKA! Esenyurt Belediyesi’nde ’yüzde 20’lik rüşvet çarkı: Evinden çıkanlar ve MASAK raporu şoke etti! Sabah Esenyurt Belediyesi'nde 'yüzde 20'lik rüşvet çarkı: Evinden çıkanlar ve MASAK raporu şoke etti! Esenyurt Belediyesi’ne yönelik ihale yolsuzluğu ve rüşvet soruşturmasında akılalmaz detaylar gün yüzüne çıktı. Müteahhitlerin hakedişlerinden kesilen %20’lik pay, Başkan Yardımcısı Yusuf Ulutaş’ın evinde bulunan dudak... Haberin devamı DHA Giriş Tarihi: 07.10.2026 14:48 Güncelleme Tarihi: 07.10.2026 14:50 Giriş Tarihi: 07.10.2026 14:48 Güncelleme Tarihi: 07.10.2026 14:50 İstanbul Cumhuriyet Başsavcılığı'nca, Esenyurt Belediyesi'ndeki bir kısım ihaleye fesat karıştırıldığı ve bu kapsamda müteahhitlerden rüşvet alındığı iddialarına yönelik yürütülen soruşturma kapsamında, Yusuf Ulutaş'ın evinde yapılan aramada 450 bin 854 dolar, 31 bin 815 avro, 2 milyon 580 bin lira nakit para, 35 bilezik, 36 kolye, 42 küpe, 17 yüzük, 9 bileklik, 4 saat ve 2 lüks marka saat ile çeşitli altın ve ziynet eşyalarının ele geçirildiği kaydedildi. Dünyanın en güçlü hava kuvvetleri 2026 listesi belli oldu! Türkiye'nin sırası şaşırttı Şarkıcı Atilla Taş'ın acı günü! Kızı Sezen Taş, balkondan düşerek hayatını kaybetti Kumun altında görünmeyen gizli tehlike: Hem elektrik üretiyor hem zehirli dikenleriyle bekliyor! Müteahhitlerin hakedişlerinden kesilen %20'lik pay, Başkan Yardımcısı Yusuf Ulutaş'ın evinde bulunan dudak uçuklatan servet ve MASAK raporundaki 231 milyonluk şüpheli para trafiği skandalın boyutunu gözler önüne serdi. Dosyaya giren ses kayıtlarındaki ""Belediyenin anahtarı onda"" itirafı ise rüşvet çarkını deşifre etti.",browser_full_article,https://m.sabah.com.tr/trend/galeri/yasam/son-dakika-esenyurt-belediyesinde-yuzde-20lik-rusvet-carki-evinden-cikanlar-ve-masak-raporu-soke-etti/amp,İstanbul,,,,,,,ilçe yok | firma yok | faaliyet/tesis yok,,,,maps araması yapılmadı,,,122.75,47
2026-10-04 10:22:00,MASAK,Kara Para / MASAK / Bahis,Eski MASAK Başkan Yardımcısı Başak: Fon vurgununda zarar 20 milyar dolardan çok daha büyük,Eski MASAK Başkan Yardımcısı Başak: Fon vurgununda zarar 20 milyar dolardan çok daha büyük Evrensel.net,https://news.google.com/rss/articles/CBMixwFBVV95cUxPeEw5cDVCT3NQLVhuMF9uSW1VdXlMZlpadmtENFhtM3VUYU9OT3VKZ29BMEYwYTNTbXI3Zzh3M2FUQXpJMkxpa3BhSUxxb0NRQmVjRzRnTGFyVm9pSEgxUXdrVFRHekR1Zzk0QUZERHp4czlsZnFuV3Z6QTV4OFdHWlphZFpEdC1nUGhNak43Mk5NZklKbW5XRUtmY0dENWpiT3hTa25PVGsyTF9OOHVXVTBDdFpqaGV0Wm55NGFWY0JtZjV4eFFv?oc=5,masak,,"Eski MASAK Başkan Yardımcısı Ramazan Başak, fon skandalının SPK'nin gözü önünde yaşandığını ve milyonlarca insanı etkilediğini belirtti. Başak, zararın boyutunun 20 milyar doları aştığını ve siyasi destek olmadan yapılamayacağını söyledi. 04.10.2026 12:42 ‘Yalnızlar Rıhtımı’ restore edildi: Lütfi Akad’ın sinema mirasına yeniden bakış Kadıköy Belediyesi Sinematek/Sinema Evi tarafından restore edilen Lütfi Ö. Akad’ın 1959 yapımı Yalnızlar Rıhtımı, 27 Ekim’de restore kopyasıyla izleyiciyle buluşacak. Filmin restorasyon galası Dünya Görsel İşitsel Miras Günü’nde yapılacak. Yalnızlar Rıhtımı adlı filmden bir sahne. Merve Tur mervetuur@gmail.com İçerik yükleniyor... Evrensel'i, Google'da tercih edilen kaynak olarak ekleyin 04.10.2026 11:39 ‘Kuzeyden Gelen Adam’: Kadir İnanır’ın sineması ve mücadele yılları konuşuldu 33. Uluslararası Adana Altın Koza Film Festivali’nde düzenlenen “Kuzeyden Gelen Adam: Kadir İnanır” panelinde, usta oyuncunun sinema kariyerinin yanı sıra arşivciliği, set disiplini ve sinema emekçilerinin örgütlenme mücadelesindeki rolü konuşuldu. Fotoğraf: Evrensel Rojda Ferda Yılmazoğlu ferdayilmazoglu15@gmail.com İçerik yükleniyor... Evrensel'i, Google'da tercih edilen kaynak olarak ekleyin Eski MASAK Başkan Yardımcısı Ramazan Başak, fon skandalının SPK'nin gözü önünde yaşandığını ve milyonlarca insanı etkilediğini belirtti. Başak, zararın boyutunun 20 milyar doları aştığını ve siyasi destek olmadan yapılamayacağını söyledi. Ramazan Başak Meteoroloji Genel Müdürlüğü, 4 Ekim hava durumu raporunu yayımladı. Yurt genelinde sıcaklıklar mevsim normallerinin altına düşerken, 28 ilde gök gürültülü sağanak yağış, Marmara ve Kuzey Ege’de ise saatte 60 km'ye ulaşan fırtına bekleniyor. Fotoğraf: Misael Silvera/Unsplash Antep'te 6 Şubat depremlerinde orta hasar alan sitedeki daire için mahkeme kararıyla tazminat ödeyen AKP'li Şahinbey Belediyesi, istinafın usulden bozma kararını gerekçe gösterip depremzede hakkında faiziyle icra takibi başlattı. Fotoğraf: Evrensel Kadıköy Belediyesi Sinematek/Sinema Evi tarafından restore edilen Lütfi Ö. Akad’ın 1959 yapımı Yalnızlar Rıhtımı, 27 Ekim’de restore kopyasıyla izleyiciyle buluşacak. Filmin restorasyon galası Dünya Görsel İşitsel Miras Günü’nde yapılacak. Yalnızlar Rıhtımı adlı filmden bir sahne. 33. Uluslararası Adana Altın Koza Film Festivali’nde düzenlenen “Kuzeyden Gelen Adam: Kadir İnanır” panelinde, usta oyuncunun sinema kariyerinin yanı sıra arşivciliği, set disiplini ve sinema emekçilerinin örgütlenme mücadelesindeki rolü konuşuldu. Fotoğraf: Evrensel İstanbul Büyükşehir Belediyesi, 6 Ekim’de İstanbulkart entegrasyonuna dahil toplu ulaşım araçlarının gün boyunca ücretsiz olacağını açıkladı. Fotoğraf: Pau Casals/Unsplash Galatasaray'ın yeni transferi Aleksey Batrakov, Rusya Milli Takımı'na davet edildi. İran karşısında ilk 11'de sahaya çıkan Batrakov, Golovin'in attığı ilk golün asistini yaptı. Fotoğraf: Dmitry Burdonov/Wikimedia Commons CC BY 2.0 İçerik yükleniyor... (Haber Merkezi) Devamını Oku İçerik yükleniyor... (ANKA) Merve Tur mervetuur@gmail.com İçerik yükleniyor... Rojda Ferda Yılmazoğlu ferdayilmazoglu15@gmail.com İçerik yükleniyor... İçerik yükleniyor... (Haber Merkezi) İçerik yükleniyor... (Spor Servisi) Devamını Oku Eski MASAK Başkan Yardımcısı Başak: Fon vurgununda zarar 20 milyar dolardan çok daha büyük Eski MASAK Başkan Yardımcısı Ramazan Başak, fon skandalının SPK'nin gözü önünde yaşandığını ve milyonlarca insanı etkilediğini belirtti. Başak, zararın boyutunun 20 milyar doları aştığını ve siyasi destek olmadan yapılamayacağını söyledi. Meteoroloji’den 28 il için uyarı: Sağanak yağış ve fırtına geliyor Meteoroloji Genel Müdürlüğü, 4 Ekim hava durumu raporunu yayımladı. Yurt genelinde sıcaklıklar mevsim normallerinin altına düşerken, 28 ilde gök gürültülü sağanak yağış, Marmara ve Kuzey Ege’de ise saatte 60 km'ye ulaşan fırtına bekleniyor. AKP'li belediyeden depremzedeye icra takibi: Ödediği tazminatı faiziyle geri istedi Antep'te 6 Şubat depremlerinde orta hasar alan sitedeki daire için mahkeme kararıyla tazminat ödeyen AKP'li Şahinbey Belediyesi, istinafın usulden bozma kararını gerekçe gösterip depremzede hakkında faiziyle icra takibi başlattı. ‘Yalnızlar Rıhtımı’ restore edildi: Lütfi Akad’ın sinema mirasına yeniden bakış Kadıköy Belediyesi Sinematek/Sinema Evi tarafından restore edilen Lütfi Ö. Akad’ın 1959 yapımı Yalnızlar Rıhtımı, 27 Ekim’de restore kopyasıyla izleyiciyle buluşacak. Filmin restorasyon galası Dünya Görsel İşitsel Miras Günü’nde yapılacak. ‘Kuzeyden Gelen Adam’: Kadir İnanır’ın sineması ve mücadele yılları konuşuldu 33. Uluslararası Adana Altın Koza Film Festivali’nde düzenlenen “Kuzeyden Gelen Adam: Kadir İnanır” panelinde, usta oyuncunun sinema kariyerinin yanı sıra arşivciliği, set disiplini ve sinema emekçilerinin örgütlenme mücadelesindeki rolü konuşuldu. 6 Ekim’de İstanbul’da toplu ulaşım ücretsiz İstanbul Büyükşehir Belediyesi, 6 Ekim’de İstanbulkart entegrasyonuna dahil toplu ulaşım araçlarının gün boyunca ücretsiz olacağını açıkladı. Rusya milli takımında Batrakov'dan beklentiler yüksek Galatasaray'ın yeni transferi Aleksey Batrakov, Rusya Milli Takımı'na davet edildi. İran karşısında ilk 11'de sahaya çıkan Batrakov, Golovin'in attığı ilk golün asistini yaptı. Eski Mali Suçları Araştırma Kurulu (MASAK) Başkan Yardımcısı Ramazan Başak, fon skandalının SPK'nin gözü önünde gerçekleştiğini ve etkisinin, iktidarın iddia ettiği gibi sınırlı değil, çok geniş olduğunu söyledi. Başak, hisse senetlerine ve BES fonlarına yatırım yapanlar dahil doğrudan 2 milyon, dolaylı olarak da 5 milyon kişinin krizden etkilendiğini söyledi. Sözcü'de yer alan habere göre Başak, fon vurgununda zararın boyutunun da iddia edildiği gibi 20 milyar dolar değil, çok daha büyük olduğunu vurgulayarak, ""Tarihin en şaibeli, en organize ve en uzun süren işlemlerinin, siyasetten, bürokrasiden ve yargıdan destek almadan gerçekleştirilebilmesi mümkün değildir"" değerlendirmesini yaptı. Vurgunda görevini yapmayan kamu görevlilerinin hâlâ görevlerine devam etmesinin çok yanlış olduğunu vurgulayan Başak, ""Süreç etkin olarak yürütülememektedir ve verilen tedbir kararları da yetersizdir"" dedi. Başak ayrıca ""Gerçek sorumluların cezalandırılması ve zarara uğratılan yüz binlerce küçük yatırımcının mağduriyetlerinin mümkün olduğunca azaltılabilmesi için bu gerçeklerin bilinerek hareket edilmesi gerekmektedir. Aksi halde ekonomik ve sosyal tahribatları çok daha yüksek olacaktır"" ifadelerini kullandı. 31 yıldır emeğin sesi olan Evrensel, gücünü sadece okurlarından alıyor. Emeğin sesinin daha gür çıkması için sen de güç ver. Fotoğraf: Misael Silvera/Unsplash Yalnızlar Rıhtımı adlı filmden bir sahne. Merve Tur mervetuur@gmail.com Rojda Ferda Yılmazoğlu ferdayilmazoglu15@gmail.com Fotoğraf: Pau Casals/Unsplash Fotoğraf: Dmitry Burdonov/Wikimedia Commons CC BY 2.0 Önemli haberlerden ve gelişmelerden haberdar olmak ister misiniz?","Eski MASAK Başkan Yardımcısı Başak: Fon vurgununda zarar 20 milyar dolardan çok daha büyük Eski MASAK Başkan Yardımcısı Başak: Fon vurgununda zarar 20 milyar dolardan çok daha büyük Evrensel.net Eski MASAK Başkan Yardımcısı Ramazan Başak, fon skandalının SPK'nin gözü önünde yaşandığını ve milyonlarca insanı etkilediğini belirtti. Başak, zararın boyutunun 20 milyar doları aştığını ve siyasi destek olmadan yapılamayacağını söyledi. 04.10.2026 12:42 ‘Yalnızlar Rıhtımı’ restore edildi: Lütfi Akad’ın sinema mirasına yeniden bakış Kadıköy Belediyesi Sinematek/Sinema Evi tarafından restore edilen Lütfi Ö. Akad’ın 1959 yapımı Yalnızlar Rıhtımı, 27 Ekim’de restore kopyasıyla izleyiciyle buluşacak. Filmin restorasyon galası Dünya Görsel İşitsel Miras Günü’nde yapılacak. Yalnızlar Rıhtımı adlı filmden bir sahne. Merve Tur mervetuur@gmail.com İçerik yükleniyor... Evrensel'i, Google'da tercih edilen kaynak olarak ekleyin 04.10.2026 11:39 ‘Kuzeyden Gelen Adam’: Kadir İnanır’ın sineması ve mücadele yılları konuşuldu 33. Uluslararası Adana Altın Koza Film Festivali’nde düzenlenen “Kuzeyden Gelen Adam: Kadir İnanır” panelinde, usta oyuncunun sinema kariyerinin yanı sıra arşivciliği, set disiplini ve sinema emekçilerinin örgütlenme mücadelesindeki rolü konuşuldu. Fotoğraf: Evrensel Rojda Ferda Yılmazoğlu ferdayilmazoglu15@gmail.com İçerik yükleniyor... Evrensel'i, Google'da tercih edilen kaynak olarak ekleyin Eski MASAK Başkan Yardımcısı Ramazan Başak, fon skandalının SPK'nin gözü önünde yaşandığını ve milyonlarca insanı etkilediğini belirtti. Ramazan Başak Meteoroloji Genel Müdürlüğü, 4 Ekim hava durumu raporunu yayımladı. Yurt genelinde sıcaklıklar mevsim normallerinin altına düşerken, 28 ilde gök gürültülü sağanak yağış, Marmara ve Kuzey Ege’de ise saatte 60 km'ye ulaşan fırtına bekleniyor. Fotoğraf: Evrensel İstanbul Büyükşehir Belediyesi, 6 Ekim’de İstanbulkart entegrasyonuna dahil toplu ulaşım araçlarının gün boyunca ücretsiz olacağını açıkladı. Fotoğraf: Pau Casals/Unsplash Galatasaray'ın yeni transferi Aleksey Batrakov, Rusya Milli Takımı'na davet edildi. İran karşısında ilk 11'de sahaya çıkan Batrakov, Golovin'in attığı ilk golün asistini yaptı. (Spor Servisi) Devamını Oku Eski MASAK Başkan Yardımcısı Başak: Fon vurgununda zarar 20 milyar dolardan çok daha büyük Eski MASAK Başkan Yardımcısı Ramazan Başak, fon skandalının SPK'nin gözü önünde yaşandığını ve milyonlarca insanı etkilediğini belirtti. ‘Yalnızlar Rıhtımı’ restore edildi: Lütfi Akad’ın sinema mirasına yeniden bakış Kadıköy Belediyesi Sinematek/Sinema Evi tarafından restore edilen Lütfi Ö. ‘Kuzeyden Gelen Adam’: Kadir İnanır’ın sineması ve mücadele yılları konuşuldu 33. 6 Ekim’de İstanbul’da toplu ulaşım ücretsiz İstanbul Büyükşehir Belediyesi, 6 Ekim’de İstanbulkart entegrasyonuna dahil toplu ulaşım araçlarının gün boyunca ücretsiz olacağını açıkladı. Rusya milli takımında Batrakov'dan beklentiler yüksek Galatasaray'ın yeni transferi Aleksey Batrakov, Rusya Milli Takımı'na davet edildi. Eski Mali Suçları Araştırma Kurulu (MASAK) Başkan Yardımcısı Ramazan Başak, fon skandalının SPK'nin gözü önünde gerçekleştiğini ve etkisinin, iktidarın iddia ettiği gibi sınırlı değil, çok geniş olduğunu söyledi. Başak, hisse senetlerine ve BES fonlarına yatırım yapanlar dahil doğrudan 2 milyon, dolaylı olarak da 5 milyon kişinin krizden etkilendiğini söyledi. Sözcü'de yer alan habere göre Başak, fon vurgununda zararın boyutunun da iddia edildiği gibi 20 milyar dolar değil, çok daha büyük olduğunu vurgulayarak, ""Tarihin en şaibeli, en organize ve en uzun süren işlemlerinin, siyasetten, bürokrasiden ve yargıdan destek almadan gerçekleştirilebilmesi mümkün değildir"" değerlendirmesini yaptı. Vurgunda görevini yapmayan kamu görevlilerinin hâlâ görevlerine devam etmesinin çok yanlış olduğunu vurgulayan Başak, ""Süreç etkin olarak yürütülememektedir ve verilen tedbir kararları da yetersizdir"" dedi. Başak ayrıca ""Gerçek sorumluların cezalandırılması ve zarara uğratılan yüz binlerce küçük yatırımcının mağduriyetlerinin mümkün olduğunca azaltılabilmesi için bu gerçeklerin bilinerek hareket edilmesi gerekmektedir. Emeğin sesinin daha gür çıkması için sen de güç ver. Fotoğraf: Misael Silvera/Unsplash Yalnızlar Rıhtımı adlı filmden bir sahne.",browser_full_article,https://www.evrensel.net/haber/6003383/eski-masak-baskan-yardimcisi-basak-fon-vurgununda-zarar-20-milyar-dolardan-cok-daha-buyuk,İstanbul,,,,,,,ilçe yok | firma yok | faaliyet/tesis yok,,,,maps araması yapılmadı,,,111.75,48
2026-10-05 04:00:40,MASAK,Kara Para / MASAK / Bahis,MASAK soruşturmasında KPSS detayı! Eda Aydoğan’ın FETÖ bağlantısı dosyada,MASAK soruşturmasında KPSS detayı! Eda Aydoğan’ın FETÖ bağlantısı dosyada Takvim,https://news.google.com/rss/articles/CBMihgFBVV95cUxOQ3diUlYwQ0ZQQW1wRmVxcTl2d1h0SXNoRXgwOVVybEEzMXRFTjlSMjV2V2YySVdHakV0NHRCTzFrYURBU295UDZ6dWhUYTdvb3pBdGsyb2xCcGRqZzZ1ZzBfc1FRSUlRTHBlWkR4c2lLbC13LVdJQ0NaSlVXa2FVLXFGcGo1UQ?oc=5,masak,,"MASAK’taki casusluk soruşturmasında tutuklanan Eda Aydoğan’ın, 2013 KPSS’den iki gün önce çalınan soruları FETÖ hücre evine getirerek şüphelilere yemin... MASAK’taki casusluk soruşturmasında tutuklanan Eda Aydoğan’ın, 2013 KPSS’den iki gün önce çalınan soruları FETÖ hücre evine getirerek şüphelilere yemin... MASAK’taki casusluk soruşturmasında tutuklanan Eda Aydoğan’ın, 2013 KPSS’den iki gün önce çalınan soruları FETÖ hücre evine getirerek şüphelilere yemin... MASAK'taki FETÖ'cü Eda Aydoğan soru hırsızı çıktı: KPSS'den iki gün önce evlere gitti cevapları verdi Bilişim casusluğu soruşturması derinleşiyor. MASAK'ın eski istatistikçisi Eda Aydoğan'ın, 2016-19 döneminde yetkisi olmamasına rağmen kurumun tüm veri tabanına ulaşabildiği saptandı. 2013 KPSS öncesi kilit rol oynayan Aydoğan'ın, FETÖ'nün hücre evlerine çalınan soruları getiren isim olduğu ortaya çıktı. Takvim.com.tr Giriş Tarihi: 05 Ekim 2026 07:00 Güncelleme Tarihi: 05 Ekim 2026 08:41 Facebook X NSosyal Linki Kopyala Yazı Boyutu Takvim'i Google'a ekleyin, doğru kaynaktan haberi alın! MASAK soruşturmasında geçen hafta tutuklanan Eda Aydoğan'ın, 2013 KPSS öncesi çalınan soruları FETÖ'cülere dağıttığı belirlendi. İstanbul Cumhuriyet Başsavcılığı tarafından yürütülen geniş kapsamlı casusluk soruşturmasında, Mali Suçları Araştırma Kurulu Başkanlığı (MASAK) bünyesindeki Entegre Mali İstihbarat Sistemi (EMİS) ile en stratejik veri tabanlarına yönelik düzenlenen organize casusluk ve veri sabotajının kan donduran detayları ortaya çıktı. Eda Aydoğan'ın sınav sorularını FETÖ'cülere dağıttığı ortaya çıktı. (Foto: Takvim Fotoğraf Arşivi) Yürütülen ""Siyasal veya Askeri Casusluk"" soruşturmasında; eski MASAK Başkan Yardımcısı İnönü Akgün Alp ile kurum çalışanları Eda Aydoğan ve Güner Eke tutuklanarak cezaevine gönderildi. Şüpheliler Zehra Yılmaz, Zeki Özcan ve Mehmet Yazıcı ise adli kontrol şartıyla serbest bırakıldı. KİLİT ŞÜPHELİ: EDA AYDOĞAN Sabah'tan Atakan Irmak'ın haberine göre soruşturmanın en kritik figürlerinden biri olan eski MASAK İstatistikçisi Eda Aydoğan hakkındaki tespitler adli dosyada geniş yer buldu. Aydoğan'ın, kurumda hiçbir idari yetkisi bulunmamasına rağmen 2016-2019 yılları arasında Oracle Exadata veri tabanındaki tüm verileri görüp değiştirebilen tam yetkili 'ADMIN' sıfatıyla erişim sağladığı saptandı. Eda Aydoğan'a sistemde üst düzey yetki verildiği belirlendi. (Foto: Takvim Fotoğraf Arşivi) Adli dosyaya giren bir tanık beyanında Aydoğan; 2013 KPSS sınavından iki gün önce kaldıkları FETÖ hücre evine şıkları işaretli sınav sorularını getirerek şüphelilere yemin ettiren kişi olarak teşhis edildi. Siyasi kişilerin mali verileri sorgulandığında üst amirlere otomatik e-posta gönderen güvenlik mekanizması, 15 Temmuz darbe girişiminden hemen sonra, 2 Eylül 2016 tarihinde sessizce devre dışı bırakıldı. Aydoğan'ın KPSS sınavından 2 gün önce sorular ve cevapları FETÖ evlerinde dağıttığı belirlendi. (Foto: Takvim Fotoğraf Arşivi) FETÖ'YE 210 MİLYONLUK FİNANSMAN MASAK'ın yazılım altyapısını yürüten ve ortakları Akıncı Üssü'nde yakalanan sivil imam Hakan Çiçek ile mahrem imamlardan oluşan AGMLAB, MRD ve Barış Ata isimli bilişim şirketlerine TMSF kayyum olarak atandı. Bu şirketlerin ihaleler yoluyla örgüte 210 milyon TL finansman sağladığı belirlendi. Yazılımlarda AUDIT log kayıtlarının tutulmadığı, tanımlayıcı alanların silindiği ve Cumhurbaşkanı dahil tepe yönetime yapılan izinsiz erişimlerin izlerinin sistemden profesyonelce temizlendiği saptandı. Eski MASAK Başkan Yardımcısı İnönü Akgün Alp ile kurum çalışanları Eda Aydoğan ve Güner Eke tutuklandı. (Foto: Takvim Fotoğraf Arşivi) Soruşturmada şüpheli sıfatıyla ifade veren eski MASAK Başkanları Mürsel Ali Kaplan, İbrahim Hakkı Polat ve Osman Dereli suçlamaları reddetti. Log kayıtlarında Cumhurbaşkanı'nın T.C. kimlik numarasının çıkmasına ilişkin savunma yapan Osman Dereli, bu durumun bağış kampanyalarına katılan kişilerin hesaplarının sistem tarafından otomatik taranmasından kaynaklandığını, doğrudan ve kasıtlı bir sorgulama yapılmadığını ileri sürdü. İZLERİ SİLEN İNÖNÜ AKGÜN ALP'Tİ Sistemin kapatılmasının ardından 2 Eylül 2016 ile 31 Aralık 2018 tarihleri arasında Başkan Recep Tayyip Erdoğan, yakınları ve bazı kabine üyeleri hakkında EMİS sistemi üzerinden T.C. Kimlik Numarası ve Vergi Kimlik Numarası girilerek usulsüz, yetkisiz ve casusluk amaçlı sorgulamalar yapıldığı belgelendi. Bu koruma kalkanının kaldırılması sürecini onaylayan bürokratın ise tutuklanan eski Başkan Yardımcısı İnönü Akgün Alp olduğu tespit edildi. MASAKtaki FETÖ ağında hesap vakti! 3 şüpheli tutuklandı, 1 adli kontrol: 3 eski başkan ifade verdi TAKVİM UYGULAMASINI İNDİRMEK İÇİN TIKLAYIN SONRAKİ HABER Gençlerin Üretim Çağı'nda rekor bütçe: 630 bin gence destek sağlandı ÖNCEKİ HABER Milyonluk talih acı son Ahsen Kaya Takvim.com.tr Güncel Günün Manşetleri Tüm Manşe","MASAK soruşturmasında KPSS detayı! Eda Aydoğan’ın FETÖ bağlantısı dosyada MASAK soruşturmasında KPSS detayı! Eda Aydoğan’ın FETÖ bağlantısı dosyada Takvim MASAK’taki casusluk soruşturmasında tutuklanan Eda Aydoğan’ın, 2013 KPSS’den iki gün önce çalınan soruları FETÖ hücre evine getirerek şüphelilere yemin... MASAK'taki FETÖ'cü Eda Aydoğan soru hırsızı çıktı: KPSS'den iki gün önce evlere gitti cevapları verdi Bilişim casusluğu soruşturması derinleşiyor. MASAK'ın eski istatistikçisi Eda Aydoğan'ın, 2016-19 döneminde yetkisi olmamasına rağmen kurumun tüm veri tabanına ulaşabildiği saptandı. 2013 KPSS öncesi kilit rol oynayan Aydoğan'ın, FETÖ'nün hücre evlerine çalınan soruları getiren isim olduğu ortaya çıktı. Takvim.com.tr Giriş Tarihi: 05 Ekim 2026 07:00 Güncelleme Tarihi: 05 Ekim 2026 08:41 Facebook X NSosyal Linki Kopyala Yazı Boyutu Takvim'i Google'a ekleyin, doğru kaynaktan haberi alın! MASAK soruşturmasında geçen hafta tutuklanan Eda Aydoğan'ın, 2013 KPSS öncesi çalınan soruları FETÖ'cülere dağıttığı belirlendi. İstanbul Cumhuriyet Başsavcılığı tarafından yürütülen geniş kapsamlı casusluk soruşturmasında, Mali Suçları Araştırma Kurulu Başkanlığı (MASAK) bünyesindeki Entegre Mali İstihbarat Sistemi (EMİS) ile en stratejik veri tabanlarına yönelik düzenlenen organize casusluk ve veri sabotajının kan donduran detayları ortaya çıktı. Eda Aydoğan'ın sınav sorularını FETÖ'cülere dağıttığı ortaya çıktı. (Foto: Takvim Fotoğraf Arşivi) Yürütülen ""Siyasal veya Askeri Casusluk"" soruşturmasında; eski MASAK Başkan Yardımcısı İnönü Akgün Alp ile kurum çalışanları Eda Aydoğan ve Güner Eke tutuklanarak cezaevine gönderildi. Şüpheliler Zehra Yılmaz, Zeki Özcan ve Mehmet Yazıcı ise adli kontrol şartıyla serbest bırakıldı. KİLİT ŞÜPHELİ: EDA AYDOĞAN Sabah'tan Atakan Irmak'ın haberine göre soruşturmanın en kritik figürlerinden biri olan eski MASAK İstatistikçisi Eda Aydoğan hakkındaki tespitler adli dosyada geniş yer buldu. Aydoğan'ın, kurumda hiçbir idari yetkisi bulunmamasına rağmen 2016-2019 yılları arasında Oracle Exadata veri tabanındaki tüm verileri görüp değiştirebilen tam yetkili 'ADMIN' sıfatıyla erişim sağladığı saptandı. Eda Aydoğan'a sistemde üst düzey yetki verildiği belirlendi. (Foto: Takvim Fotoğraf Arşivi) Adli dosyaya giren bir tanık beyanında Aydoğan; 2013 KPSS sınavından iki gün önce kaldıkları FETÖ hücre evine şıkları işaretli sınav sorularını getirerek şüphelilere yemin ettiren kişi olarak teşhis edildi. Siyasi kişilerin mali verileri sorgulandığında üst amirlere otomatik e-posta gönderen güvenlik mekanizması, 15 Temmuz darbe girişiminden hemen sonra, 2 Eylül 2016 tarihinde sessizce devre dışı bırakıldı. Aydoğan'ın KPSS sınavından 2 gün önce sorular ve cevapları FETÖ evlerinde dağıttığı belirlendi. (Foto: Takvim Fotoğraf Arşivi) FETÖ'YE 210 MİLYONLUK FİNANSMAN MASAK'ın yazılım altyapısını yürüten ve ortakları Akıncı Üssü'nde yakalanan sivil imam Hakan Çiçek ile mahrem imamlardan oluşan AGMLAB, MRD ve Barış Ata isimli bilişim şirketlerine TMSF kayyum olarak atandı. Bu şirketlerin ihaleler yoluyla örgüte 210 milyon TL finansman sağladığı belirlendi. Yazılımlarda AUDIT log kayıtlarının tutulmadığı, tanımlayıcı alanların silindiği ve Cumhurbaşkanı dahil tepe yönetime yapılan izinsiz erişimlerin izlerinin sistemden profesyonelce temizlendiği saptandı. Eski MASAK Başkan Yardımcısı İnönü Akgün Alp ile kurum çalışanları Eda Aydoğan ve Güner Eke tutuklandı. (Foto: Takvim Fotoğraf Arşivi) Soruşturmada şüpheli sıfatıyla ifade veren eski MASAK Başkanları Mürsel Ali Kaplan, İbrahim Hakkı Polat ve Osman Dereli suçlamaları reddetti. Log kayıtlarında Cumhurbaşkanı'nın T.C. kimlik numarasının çıkmasına ilişkin savunma yapan Osman Dereli, bu durumun bağış kampanyalarına katılan kişilerin hesaplarının sistem tarafından otomatik taranmasından kaynaklandığını, doğrudan ve kasıtlı bir sorgulama yapılmadığını ileri sürdü. İZLERİ SİLEN İNÖNÜ AKGÜN ALP'Tİ Sistemin kapatılmasının ardından 2 Eylül 2016 ile 31 Aralık 2018 tarihleri arasında Başkan Recep Tayyip Erdoğan, yakınları ve bazı kabine üyeleri hakkında EMİS sistemi üzerinden T.C. Kimlik Numarası ve Vergi Kimlik Numarası girilerek usulsüz, yetkisiz ve casusluk amaçlı sorgulamalar yapıldığı belgelendi. Bu koruma kalkanının kaldırılması sürecini onaylayan bürokratın ise tutuklanan eski Başkan Yardımcısı İnönü Akgün Alp olduğu tespit edildi. MASAKtaki FETÖ ağında hesap vakti!",browser_full_article,https://www.takvim.com.tr/guncel/2026/10/05/masaktaki-fetocu-soru-hirsizi-cikti,İstanbul,,,,,,,ilçe yok | firma yok | faaliyet/tesis yok,,,,maps araması yapılmadı,,,89.5,49
2026-10-05 04:18:12,MASAK,Kara Para / MASAK / Bahis,MASAK casusluk soruşturması İnönü Akgün Alp Eda Aydoğan tutuklandı,MASAK casusluk soruşturması İnönü Akgün Alp Eda Aydoğan tutuklandı A Haber,https://news.google.com/rss/articles/CBMimwFBVV95cUxPbjBaWDU5b29XZlRWWE5sY3F2amsxaXlreXF3WF9UUTlnM2lBWVNwb1hyMVpIRzdrMHRtbHRDTUlsejRBd1BWdHRmTFBYeVRnVmNuVmI2Nl9wV2NhbEpOcnBZWUFYLVB3aHg2MTQyRWNRQ0NwY2pORU5hdFhmZFdJcXJJRW9VSW1NWlN1YWkwU3czYWJySHJUNk96NA?oc=5,masak,,"MASAK bünyesindeki EMİS sistemine yönelik siber casusluk ve veri sabotajı soruşturmasında eski Başkan Yardımcısı İnönü Akgün Alp dahil 3 kişi tutuklandı. MASAK bünyesindeki EMİS sistemine yönelik siber casusluk ve veri sabotajı soruşturmasında eski Başkan Yardımcısı İnönü Akgün Alp dahil 3 kişi tutuklandı. MASAK bünyesindeki EMİS sistemine yönelik siber casusluk ve veri sabotajı soruşturmasında eski Başkan Yardımcısı İnönü Akgün Alp dahil 3 kişi tutuklandı. Giriş Tarihi: 05 Ekim 2026 07:18 Son Güncelleme: 05 Ekim 2026 07:30 ahaber.com.tr Haber Merkezi Giriş Tarihi: 05 Ekim 2026 07:18 Son Güncelleme: 05 Ekim 2026 07:30 ahaber.com.tr Haber Merkezi İstanbul Cumhuriyet Başsavcılığı tarafından yürütülen ""Siyasal veya Askeri Casusluk"" soruşturmasında, Mali Suçları Araştırma Kurulu Başkanlığı (MASAK) bünyesindeki Entegre Mali İstihbarat Sistemi (EMİS) ile en stratejik veri tabanlarına sızan FETÖ destekli siber casusluk ağı çökertildi. Devletin tepe yönetimini hedef alan koruma kalkanını devre dışı bırakıp usulsüz sorgulama yapan ve izleri silen, aralarında eski MASAK Başkan Yardımcısı İnönü Akgün Alp'in de bulunduğu 3 şüpheli tutuklanarak cezaevine gönderildi. İstanbul Cumhuriyet Başsavcılığı koordinesinde yürütülen geniş kapsamlı casusluk ve siber veri sabotajı soruşturması, devletin en stratejik mali istihbarat kurumu olan MASAK bünyesinde geçmiş yıllarda kurulan derin suç ağını tüm çıplaklığıyla deşifre etti. Yürütülen "" Siyasal veya Askeri Casusluk"" tahkikatı kapsamında, kurumun kalbi niteliğindeki Entegre Mali İstihbarat Sistemi (EMİS) ile veri tabanlarına yönelik düzenlenen organize casusluk faaliyetlerinin kan donduran detaylarına ulaşıldı. Elde edilen somut deliller ve dijital inceleme raporlarının ardından savcılık talimatıyla gerçekleştirilen operasyonda; eski MASAK Başkan Yardımcısı İnönü Akgün Alp ile kurum çalışanları Eda Aydoğan ve Güner Eke tutuklanarak cezaevine gönderildi. Soruşturma kapsamında adliyeye sevk edilen diğer şüpheliler Zehra Yılmaz, Zeki Özcan ve Mehmet Yazıcı ise adli kontrol şartıyla serbest bırakıldı. KİLİT İSİM EDA AYDOĞAN FETÖ'NÜN SINAV SORULARINI DAĞITAN İSİM ÇIKTI Soruşturma dosyasında, eski MASAK İstatistikçisi Eda Aydoğan hakkındaki kan donduran tespitler ve geçmişe dönük adli bulgular geniş yer buldu. Aydoğan'ın, kurum bünyesinde hiçbir idari yetkisi ve yöneticilik sıfatı bulunmamasına rağmen, 2016-2019 yılları arasında Oracle Exadata veri tabanındaki tüm kozmik verileri görme, silme ve değiştirme gücüne sahip tam yetkili ""ADMIN"" şifresiyle erişim sağladığı saptandı. Adli dosyaya giren gizli tanık beyanlarında ise Aydoğan'ın karanlık geçmişi ifşa oldu. Teşhis tutanaklarına göre Eda Aydoğan'ın, 2013 yılındaki KPSS sınavından tam iki gün önce örgütün hücre evine (gaybubet evi) şıkları önceden işaretlenmiş sınav sorularını getiren ve evdeki şüphelilere Kur'an-ı Kerim üzerine yemin ettiren kişi olduğu kesin olarak saptandı. DEVLET ZİRVESİNİ KORUYAN OTOMATİK ALARM SİSTEMİNİ SESSİZCE KAPATTILAR Siber casusluk şebekesinin, Başkan ve kabine üyelerini hedef alan sorgulamaların izini gizlemek için akılalmaz bir sabotaja imza attığı belgelendi. Kurum sisteminde yer alan ve siyasi kişilerin mali verileri izinsiz sorgulandığında üst amirlere anında otomatik uyarı e-postası gönderen güvenlik mekanizması, 15 Temmuz hain darbe girişiminden hemen sonra, 2 Eylül 2016 tarihinde sessizce devre dışı bırakıldı. Bu koruma kalkanının kaldırılması sürecini resmi olarak onaylayan ve izleri silen bürokratın ise tutuklanan eski Başkan Yardımcısı İnönü Akgün Alp olduğu tespit edildi. Güvenlik duvarının indirilmesinin ardından 2 Eylül 2016 ile 31 Aralık 2018 tarihleri arasında Başkan Recep Tayyip Erdoğan, yakın aile bireyleri ve bazı kabine üyeleri hakkında EMİS sistemi üzerinden T.C. Kimlik Numarası (TCKN) ve Vergi Kimlik Numarası (VKN) girilerek casusluk amaçlı binlerce usulsüz sorgulama gerçekleştirildiği belgelendi. PARAVAN BİLİŞİM ŞİRKETLERİ ÜZERİNDEN FETÖ'YE 210 MİLYONLUK FİNANSMAN Emniyet ve siber suçlar birimlerinin mali incelemelerinde, MASAK'ın tüm yazılım altyapısını ve veri tabanı yönetimini yürüten taşeron bilişim şirketlerinin arkasındaki ihanet bağı da çözüldü. Ortakları arasında 15 Temmuz'un Akıncı Üssü'nde yakalanan sivil imamı Hakan Çiçek ile çok sayıda mahrem imamın bulunduğu AGMLAB, MRD ve Barış Ata isimli bilişim şirketlerine Tasarruf Mevduatı Sigorta Fonu (TMSF) tarafından kayyım atandı. Bu paravan şirketlerin devlet ihaleleri yoluyla örgüte tam 210 milyon TL finansman sağladığı resmi raporlara girdi. Şebekenin, sızdığı yazılımlarda sisteme kimin girdiğini gösteren ""AUDIT log"" (denetim izi) kayıtlarını tamamen kapattığı, tanımlayıcı alanları sildiği ve Başkan dahil tepe yönetime yapılan izinsiz erişimlerin tüm siber ayak izlerini profesyonelce temizlediği saptandı. Sabah'ın haberine göre, soruşturmada şüpheli sıfatıyla ifade veren eski MASAK Başkanları Mürsel Ali Kaplan, İbrahim Hakkı Polat ve Osman Dereli ise suçlamaları kabul etmedi. Log kayıtlarında Başkan Erdoğan'ın T.C. kimlik numarasının çıkmasına ilişkin savunma yapan eski Başkan Osman Dereli, bu durumun o dönem düzenlenen bağış kampanyalarına katılan milyonlarca kişinin hesaplarının sistem tarafından otomatik taranmasından kaynaklandığını, doğrudan ve kasıtlı bir casusluk sorgulaması yapılmadığını ileri sürdü. Askeri casusluk dosyasında 3 isimden ifade ""ASKERİ CASUSLUK"" DOSYASINDA 3 İSİMDEN İFADE FETÖnün casusluk yapılanmasına darbe FETÖ'NÜN CASUSLUK YAPILANMASINA DARBE İstanbul Cumhuriyet Başsavcılığı koordinesinde yürütülen geniş kapsamlı casusluk ve siber veri sabotajı soruşturması, devletin en stratejik mali istihbarat kurumu olan MASAK bünyesinde geçmiş yıllarda kurulan derin suç ağını tüm çıplaklığıyla deşifre etti. Yürütülen "" Siyasal veya Askeri Casusluk"" tahkikatı kapsamında, kurumun kalbi niteliğindeki Entegre Mali İstihbarat Sistemi (EMİS) ile veri tabanlarına yönelik düzenlenen organize casusluk faaliyetlerinin kan donduran detaylarına ulaşıldı. Elde edilen somut deliller ve dijital inceleme raporlarının ardından savcılık talimatıyla gerçekleştirilen operasyonda; eski MASAK Başkan Yardımcısı İnönü Akgün Alp ile kurum çalışanları Eda Aydoğan ve Güner Eke tutuklanarak cezaevine gönderildi. Soruşturma kapsamında adliyeye sevk edilen diğer şüpheliler Zehra Yılmaz, Zeki Özcan ve Mehmet Yazıcı ise adli kontrol şartıyla serbest bırakıldı. KİLİT İSİM EDA AYDOĞAN FETÖ'NÜN SINAV SORULARINI DAĞITAN İSİM ÇIKTI Soruşturma dosyasında, eski MASAK İstatistikçisi Eda Aydoğan hakkındaki kan donduran tespitler ve geçmişe dönük adli bulgular geniş yer buldu. Aydoğan'ın, kurum bünyesinde hiçbir idari yetkisi ve yöneticilik sıfatı bulunmamasına rağmen, 2016-2019 yılları arasında Oracle Exadata veri tabanındaki tüm kozmik verileri görme, silme ve değiştirme gücüne sahip tam yetkili ""ADMIN"" şifresiyle erişim sağladığı saptandı. Adli dosyaya giren gizli tanık beyanlarında ise Aydoğan'ın karanlık geçmişi ifşa oldu. Teşhis tutanaklarına göre Eda Aydoğan'ın, 2013 yılındaki KPSS sınavından tam iki gün önce örgütün hücre evine (gaybubet evi) şıkları önceden işaretlenmiş sınav sorularını getiren ve evdeki şüphelilere Kur'an-ı Kerim üzerine yemin ettiren kişi olduğu kesin olarak saptandı. DEVLET ZİRVESİNİ KORUYAN OTOMATİK ALARM SİSTEMİNİ SESSİZCE KAPATTILAR Siber casusluk şebekesinin, Başkan ve kabine üyelerini hedef alan sorgulamaların izini gizlemek için akılalmaz bir sabotaja imza attığı belgelendi. Kurum sisteminde yer alan ve siyasi kişilerin mali verileri izinsiz sorgulandığında üst amirlere anında otomatik uyarı e-postası gönderen güvenlik mekanizması, 15 Temmuz hain darbe girişiminden hemen sonra, 2 Eylül 2016 tarihinde sessizce devre dışı bırakıldı. Bu koruma kalkanının kaldırılması sürecini resmi olarak onaylayan ve izleri silen bürokratın ise tutuklanan eski Başkan Yardımcısı İnönü Akgün Alp olduğu tespit edildi. Güvenlik duvarının indirilmesinin ardından 2 Eylül 2016 ile 31 Aralık 2018 tarihleri arasında Başkan Recep Tayyip Erdoğan, yakın aile bireyleri ve bazı kabine üyeleri hakkında EMİS sistemi üzerinden T.C. Kimlik Numarası (TCKN) ve Vergi Kimlik Numarası (VKN) girilerek casusluk amaçlı binlerce usulsüz sorgulama gerçekleştirildiği belgelendi. PARAVAN BİLİŞİM ŞİRKETLERİ ÜZERİNDEN FETÖ'YE 210 MİLYONLUK FİNANSMAN Emniyet ve siber suçlar birimlerinin mali incelemelerinde, MASAK'ın tüm yazılım altyapısını ve veri tabanı yönetimini yürüten taşeron bilişim şirketlerinin arkasındaki ihanet bağı da çözüldü. Ortakları arasında 15 Temmuz'un Akıncı Üssü'nde yakalanan sivil imamı Hakan Çiçek ile çok sayıda mahrem imamın bulunduğu AGMLAB, MRD ve Barış Ata isimli bilişim şirketlerine Tasarruf Mevduatı Sigorta Fonu (TMSF) tarafından kayyım atandı. Bu paravan şirketlerin devlet ihaleleri yoluyla örgüte tam 210 milyon TL finansman sağladığı resmi raporlara girdi. Şebekenin, sızdığı yazılımlarda sisteme kimin girdiğini gösteren ""AUDIT log"" (denetim izi) kayıtlarını tamamen kapattığı, tanımlayıcı alanları sildiği ve Başkan dahil tepe yönetime yapılan izinsiz erişimlerin tüm siber ayak izlerini profesyonelce temizlediği saptandı. Sabah'ın haberine göre, soruşturmada şüpheli sıfatıyla ifade veren eski MASAK Başkanları Mürsel Ali Kaplan, İbrahim Hakkı Polat ve Osman Dereli ise suçlamaları kabul etmedi. Log kayıtlarında Başkan Erdoğan'ın T.C. kimlik numarasının çıkmasına ilişkin savunma yapan eski Başkan Osman Dereli, bu durumun o dönem düzenlenen bağış kampanyalarına katılan milyonlarca kişinin hesaplarının sistem tarafından otomatik taranmasından kaynaklandığını, doğrudan ve kasıtlı bir casusluk sorgulaması yapılmadığını ileri sürdü. Askeri casusluk dosyasında 3 isimden ifade ""ASKERİ CASUSLUK"" DOSYASINDA 3 İSİMDEN İFADE FETÖnün casusluk yapılanmasına darbe FETÖ'NÜN CASUSLUK YAPILANMASINA DARBE #Masak Fetö #Masak Sızıntı Önceki Haber Mersin'de 3 belediyeye yolsuzluk operasyonu! Büyükşehir Belediye Başkanı Vahap Seçer tutuklandı Sonraki Haber Başında yağmur, sonunda güneş! Meteoroloji hava değişimi için tarih verdi Önceki Haber Mersin'de 3 belediyeye yolsuzluk operasyonu! Büyükşehir Belediye Başkanı Vahap Seçer tutuklandı Sonraki Haber Başında yağmur, sonunda güneş! Meteoroloji hava değişimi için tarih verdi Mobil uygulamalarımızı indirin MASAK'ın en kritik verilerinde FETÖ izi: 210 milyonluk dev finansman ağı çökertildi! KİLİT İSİM EDA AYDOĞAN FETÖ'NÜN SINAV SORULARINI DAĞITAN İSİM ÇIKTI Soruşturma dosyasında, eski MASAK İstatistikçisi Eda Aydoğan hakkındaki kan donduran tespitler ve geçmişe dönük adli bulgular geniş yer buldu. Aydoğan'ın, kurum bünyesinde hiçbir idari yetkisi ve yöneticilik sıfatı bulunmamasına rağmen, 2016-2019 yılları arasında Oracle Exadata veri tabanındaki tüm kozmik verileri görme, silme ve değiştirme gücüne sahip tam yetkili ""ADMIN"" şifresiyle erişim sağladığı saptandı. Adli dosyaya giren gizli tanık beyanlarında ise Aydoğan'ın karanlık geçmişi ifşa oldu. Teşhis tutanaklarına göre Eda Aydoğan'ın, 2013 yılındaki KPSS sınavından tam iki gün önce örgütün hücre evine (gaybubet evi) şıkları önceden işaretlenmiş sınav sorularını getiren ve evdeki şüphelilere Kur'an-ı Kerim üzerine yemin ettiren kişi olduğu kesin olarak saptandı. DEVLET ZİRVESİNİ KORUYAN OTOMATİK ALARM SİSTEMİNİ SESSİZCE KAPATTILAR Siber casusluk şebekesinin, Başkan ve kabine üyelerini hedef alan sorgulamaların izini gizlemek için akılalmaz bir sabotaja imza attığı belgelendi. Kurum sisteminde yer alan ve siyasi kişilerin mali verileri izinsiz sorgulandığında üst amirlere anında otomatik uyarı e-postası gönderen güvenlik mekanizması, 15 Temmuz hain darbe girişiminden hemen sonra, 2 Eylül 2016 tarihinde sessizce devre dışı bırakıldı. Bu koruma kalkanının kaldırılması sürecini resmi olarak onaylayan ve izleri silen bürokratın ise tutuklanan eski Başkan Yardımcısı İnönü Akgün Alp olduğu tespit edildi. Güvenlik duvarının indirilmesinin ardından 2 Eylül 2016 ile 31 Aralık 2018 tarihleri arasında Başkan Recep Tayyip Erdoğan, yakın aile bireyleri ve bazı kabine üyeleri hakkında EMİS sistemi üzerinden T.C. Kimlik Numarası (TCKN) ve Vergi Kimlik Numarası (VKN) girilerek casusluk amaçlı binlerce usulsüz sorgulama gerçekleştirildiği belgelendi. PARAVAN BİLİŞİM ŞİRKETLERİ ÜZERİNDEN FETÖ'YE 210 MİLYONLUK FİNANSMAN Emniyet ve siber suçlar birimlerinin mali incelemelerinde, MASAK'ın tüm yazılım altyapısını ve veri tabanı yönetimini yürüten taşeron bilişim şirketlerinin arkasındaki ihanet bağı da çözüldü. Ortakları arasında 15 Temmuz'un Akıncı Üssü'nde yakalanan sivil imamı Hakan Çiçek ile çok sayıda mahrem imamın bulunduğu AGMLAB, MRD ve Barış Ata isimli bilişim şirketlerine Tasarruf Mevduatı Sigorta Fonu (TMSF) tarafından kayyım atandı. Bu paravan şirketlerin devlet ihaleleri yoluyla örgüte tam 210 milyon TL finansman sağladığı resmi raporlara girdi. Şebekenin, sızdığı yazılımlarda sisteme kimin girdiğini gösteren ""AUDIT log"" (denetim izi) kayıtlarını tamamen kapattığı, tanımlayıcı alanları sildiği ve Başkan dahil tepe yönetime yapılan izinsiz erişimlerin tüm siber ayak izlerini profesyonelce temizlediği saptandı. Sabah'ın haberine göre, soruşturmada şüpheli sıfatıyla ifade veren eski MASAK Başkanları Mürsel Ali Kaplan, İbrahim Hakkı Polat ve Osman Dereli ise suçlamaları kabul etmedi. Log kayıtlarında Başkan Erdoğan'ın T.C. kimlik numarasının çıkmasına ilişkin savunma yapan eski Başkan Osman Dereli, bu durumun o dönem düzenlenen bağış kampanyalarına katılan milyonlarca kişinin hesaplarının sistem tarafından otomatik taranmasından kaynaklandığını, doğrudan ve kasıtlı bir casusluk sorgulaması yapılmadığını ileri sürdü.","MASAK casusluk soruşturması İnönü Akgün Alp Eda Aydoğan tutuklandı MASAK casusluk soruşturması İnönü Akgün Alp Eda Aydoğan tutuklandı A Haber MASAK bünyesindeki EMİS sistemine yönelik siber casusluk ve veri sabotajı soruşturmasında eski Başkan Yardımcısı İnönü Akgün Alp dahil 3 kişi tutuklandı. Giriş Tarihi: 05 Ekim 2026 07:18 Son Güncelleme: 05 Ekim 2026 07:30 ahaber.com.tr Haber Merkezi Giriş Tarihi: 05 Ekim 2026 07:18 Son Güncelleme: 05 Ekim 2026 07:30 ahaber.com.tr Haber Merkezi İstanbul Cumhuriyet Başsavcılığı tarafından yürütülen ""Siyasal veya Askeri Casusluk"" soruşturmasında, Mali Suçları Araştırma Kurulu Başkanlığı (MASAK) bünyesindeki Entegre Mali İstihbarat Sistemi (EMİS) ile en stratejik veri tabanlarına sızan FETÖ destekli siber casusluk ağı çökertildi. Devletin tepe yönetimini hedef alan koruma kalkanını devre dışı bırakıp usulsüz sorgulama yapan ve izleri silen, aralarında eski MASAK Başkan Yardımcısı İnönü Akgün Alp'in de bulunduğu 3 şüpheli tutuklanarak cezaevine gönderildi. İstanbul Cumhuriyet Başsavcılığı koordinesinde yürütülen geniş kapsamlı casusluk ve siber veri sabotajı soruşturması, devletin en stratejik mali istihbarat kurumu olan MASAK bünyesinde geçmiş yıllarda kurulan derin suç ağını tüm çıplaklığıyla deşifre etti. Yürütülen "" Siyasal veya Askeri Casusluk"" tahkikatı kapsamında, kurumun kalbi niteliğindeki Entegre Mali İstihbarat Sistemi (EMİS) ile veri tabanlarına yönelik düzenlenen organize casusluk faaliyetlerinin kan donduran detaylarına ulaşıldı. Elde edilen somut deliller ve dijital inceleme raporlarının ardından savcılık talimatıyla gerçekleştirilen operasyonda; eski MASAK Başkan Yardımcısı İnönü Akgün Alp ile kurum çalışanları Eda Aydoğan ve Güner Eke tutuklanarak cezaevine gönderildi. Soruşturma kapsamında adliyeye sevk edilen diğer şüpheliler Zehra Yılmaz, Zeki Özcan ve Mehmet Yazıcı ise adli kontrol şartıyla serbest bırakıldı. KİLİT İSİM EDA AYDOĞAN FETÖ'NÜN SINAV SORULARINI DAĞITAN İSİM ÇIKTI Soruşturma dosyasında, eski MASAK İstatistikçisi Eda Aydoğan hakkındaki kan donduran tespitler ve geçmişe dönük adli bulgular geniş yer buldu. Aydoğan'ın, kurum bünyesinde hiçbir idari yetkisi ve yöneticilik sıfatı bulunmamasına rağmen, 2016-2019 yılları arasında Oracle Exadata veri tabanındaki tüm kozmik verileri görme, silme ve değiştirme gücüne sahip tam yetkili ""ADMIN"" şifresiyle erişim sağladığı saptandı. Adli dosyaya giren gizli tanık beyanlarında ise Aydoğan'ın karanlık geçmişi ifşa oldu. Teşhis tutanaklarına göre Eda Aydoğan'ın, 2013 yılındaki KPSS sınavından tam iki gün önce örgütün hücre evine (gaybubet evi) şıkları önceden işaretlenmiş sınav sorularını getiren ve evdeki şüphelilere Kur'an-ı Kerim üzerine yemin ettiren kişi olduğu kesin olarak saptandı. DEVLET ZİRVESİNİ KORUYAN OTOMATİK ALARM SİSTEMİNİ SESSİZCE KAPATTILAR Siber casusluk şebekesinin, Başkan ve kabine üyelerini hedef alan sorgulamaların izini gizlemek için akılalmaz bir sabotaja imza attığı belgelendi. Kurum sisteminde yer alan ve siyasi kişilerin mali verileri izinsiz sorgulandığında üst amirlere anında otomatik uyarı e-postası gönderen güvenlik mekanizması, 15 Temmuz hain darbe girişiminden hemen sonra, 2 Eylül 2016 tarihinde sessizce devre dışı bırakıldı. Bu koruma kalkanının kaldırılması sürecini resmi olarak onaylayan ve izleri silen bürokratın ise tutuklanan eski Başkan Yardımcısı İnönü Akgün Alp olduğu tespit edildi. Güvenlik duvarının indirilmesinin ardından 2 Eylül 2016 ile 31 Aralık 2018 tarihleri arasında Başkan Recep Tayyip Erdoğan, yakın aile bireyleri ve bazı kabine üyeleri hakkında EMİS sistemi üzerinden T.C. Kimlik Numarası (TCKN) ve Vergi Kimlik Numarası (VKN) girilerek casusluk amaçlı binlerce usulsüz sorgulama gerçekleştirildiği belgelendi. PARAVAN BİLİŞİM ŞİRKETLERİ ÜZERİNDEN FETÖ'YE 210 MİLYONLUK FİNANSMAN Emniyet ve siber suçlar birimlerinin mali incelemelerinde, MASAK'ın tüm yazılım altyapısını ve veri tabanı yönetimini yürüten taşeron bilişim şirketlerinin arkasındaki ihanet bağı da çözüldü. Ortakları arasında 15 Temmuz'un Akıncı Üssü'nde yakalanan sivil imamı Hakan Çiçek ile çok sayıda mahrem imamın bulunduğu AGMLAB, MRD ve Barış Ata isimli bilişim şirketlerine Tasarruf Mevduatı Sigorta Fonu (TMSF) tarafından kayyım atandı. Bu paravan şirketlerin devlet ihaleleri yoluyla örgüte tam 210 milyon TL finansman sağladığı resmi raporlara girdi. Şebekenin, sızdığı yazılımlarda sisteme kimin girdiğini gösteren ""AUDIT log"" (denetim izi) kayıtlarını tamamen kapattığı, tanımlayıcı alanları sildiği ve Başkan dahil tepe yönetime yapılan izinsiz erişimlerin tüm siber ayak izlerini profesyonelce temizlediği saptandı. Sabah'ın haberine göre, soruşturmada şüpheli sıfatıyla ifade veren eski MASAK Başkanları Mürsel Ali Kaplan, İbrahim Hakkı Polat ve Osman Dereli ise suçlamaları kabul etmedi. Log kayıtlarında Başkan Erdoğan'ın T.C. kimlik numarasının çıkmasına ilişkin savunma yapan eski Başkan Osman Dereli, bu durumun o dönem düzenlenen bağış kampanyalarına katılan milyonlarca kişinin hesaplarının sistem tarafından otomatik taranmasından kaynaklandığını, doğrudan ve kasıtlı bir casusluk sorgulaması yapılmadığını ileri sürdü. Askeri casusluk dosyasında 3 isimden ifade ""ASKERİ CASUSLUK"" DOSYASINDA 3 İSİMDEN İFADE FETÖnün casusluk yapılanmasına darbe FETÖ'NÜN CASUSLUK YAPILANMASINA DARBE İstanbul Cumhuriyet Başsavcılığı koordinesinde yürütülen geniş kapsamlı casusluk ve siber veri sabotajı soruşturması, devletin en stratejik mali istihbarat kurumu olan MASAK bünyesinde geçmiş yıllarda kurulan derin suç ağını tüm çıplaklığıyla deşifre etti. Askeri casusluk dosyasında 3 isimden ifade ""ASKERİ CASUSLUK"" DOSYASINDA 3 İSİMDEN İFADE FETÖnün casusluk yapılanmasına darbe FETÖ'NÜN CASUSLUK YAPILANMASINA DARBE #Masak Fetö #Masak Sızıntı Önceki Haber Mersin'de 3 belediyeye yolsuzluk operasyonu! Büyükşehir Belediye Başkanı Vahap Seçer tutuklandı Sonraki Haber Başında yağmur, sonunda güneş! Meteoroloji hava değişimi için tarih verdi Önceki Haber Mersin'de 3 belediyeye yolsuzluk operasyonu! Meteoroloji hava değişimi için tarih verdi Mobil uygulamalarımızı indirin MASAK'ın en kritik verilerinde FETÖ izi: 210 milyonluk dev finansman ağı çökertildi!",browser_full_article,https://www.ahaber.com.tr/gundem/2026/10/05/masakta-fetonun-casusluk-ve-veri-sabotaji-agi-coktu,İstanbul | Mersin,,,,,,,ilçe yok | firma yok | faaliyet/tesis yok,,,,maps araması yapılmadı,,,84.5,50
2026-10-08 07:57:22,MASAK,Kara Para / MASAK / Bahis,"MASAK Nedir, Ne İş Yapar? Hangi Durumlarda Hesap İncelemesi Başlatır","MASAK Nedir, Ne İş Yapar? Hangi Durumlarda Hesap İncelemesi Başlatır Fokus+",https://news.google.com/rss/articles/CBMingFBVV95cUxNZ1dLWTdmMnJad09TMXVSN3NxMGFHbExOcF9BSHVWbTQ4NlllRXMyREI0ZEx1WTdKZVdEc293VVZBanVsMmpGWDd1Umg3ZkN3UVI2cG1YUlBZbFUwb3kzYlZfUHhoaV9QWnoxQzlEZEltT1k3ek1FSk92cXY0eVY4RzhOMHdxVDdvMmt4QXdYc2tyQ0RzdVlESnBqTkNWZw?oc=5,masak,,"MASAK Nedir, Ne İş Yapar? Hangi Durumlarda Hesap İncelemesi Başlatır Fokus+","MASAK Nedir, Ne İş Yapar? Hangi Durumlarda Hesap İncelemesi Başlatır MASAK Nedir, Ne İş Yapar? Hangi Durumlarda Hesap İncelemesi Başlatır Fokus+ MASAK Nedir, Ne İş Yapar? Hangi Durumlarda Hesap İncelemesi Başlatır Fokus+",browser_failed,https://news.google.com/rss/articles/CBMingFBVV95cUxNZ1dLWTdmMnJad09TMXVSN3NxMGFHbExOcF9BSHVWbTQ4NlllRXMyREI0ZEx1WTdKZVdEc293VVZBanVsMmpGWDd1Umg3ZkN3UVI2cG1YUlBZbFUwb3kzYlZfUHhoaV9QWnoxQzlEZEltT1k3ek1FSk92cXY0eVY4RzhOMHdxVDdvMmt4QXdYc2tyQ0RzdVlESnBqTkNWZw?oc=5&hl=tr&gl=TR&ceid=TR:tr,,,,,,,,il yok | ilçe yok | firma yok | faaliyet/tesis yok,,,,maps araması yapılmadı,,,61.5,51
2026-10-05 01:00:00,MASAK,Kara Para / MASAK / Bahis,"Eski MASAK Başkan Yardımcısı Ramazan Başak, ödemeler gecikirse sorunun dalga dalga yayılacağı uyarısı yaptı","Eski MASAK Başkan Yardımcısı Ramazan Başak, ödemeler gecikirse sorunun dalga dalga yayılacağı uyarısı yaptı Cumhuriyet",https://news.google.com/rss/articles/CBMi5wFBVV95cUxOQ2xWRDJ4ZEJGZGlONURJTlJnOVIxYXhYYnBpOTJrV1ZDOC14Ql9IYmptbnBtT2F1TVBtLUEwNDBFZy1pRENGZlkyR183dHUxTXp0V1JmcmJjZms0a0hFWHQ3YVh4Qndfd0F3S3pWdW14UGxQQ0tubDBrRmRSOVFPZEtuMHpXRHE1UmxGamROZDY1Njd5NUhpU2VKTURobW5Td1piYi10VXMyXzVKZ3pNVDMyU1dhd2xSWlFtMjhTS2g4Qy1UcU12V1l2OGRPN3hYaXN1cGtBQjdpY3FoalpOckhFazJMWE0?oc=5,masak,,"Eski MASAK Başkan Yardımcısı Ramazan Başak, ödemeler gecikirse sorunun dalga dalga yayılacağı uyarısı yaptı Cumhuriyet","Eski MASAK Başkan Yardımcısı Ramazan Başak, ödemeler gecikirse sorunun dalga dalga yayılacağı uyarısı yaptı Eski MASAK Başkan Yardımcısı Ramazan Başak, ödemeler gecikirse sorunun dalga dalga yayılacağı uyarısı yaptı Cumhuriyet Eski MASAK Başkan Yardımcısı Ramazan Başak, ödemeler gecikirse sorunun dalga dalga yayılacağı uyarısı yaptı Cumhuriyet",browser_failed,https://news.google.com/rss/articles/CBMi5wFBVV95cUxOQ2xWRDJ4ZEJGZGlONURJTlJnOVIxYXhYYnBpOTJrV1ZDOC14Ql9IYmptbnBtT2F1TVBtLUEwNDBFZy1pRENGZlkyR183dHUxTXp0V1JmcmJjZms0a0hFWHQ3YVh4Qndfd0F3S3pWdW14UGxQQ0tubDBrRmRSOVFPZEtuMHpXRHE1UmxGamROZDY1Njd5NUhpU2VKTURobW5Td1piYi10VXMyXzVKZ3pNVDMyU1dhd2xSWlFtMjhTS2g4Qy1UcU12V1l2OGRPN3hYaXN1cGtBQjdpY3FoalpOckhFazJMWE0?oc=5&hl=tr&gl=TR&ceid=TR:tr,,,,,,,,il yok | ilçe yok | firma yok | faaliyet/tesis yok,,,,maps araması yapılmadı,,,100.18,52
2026-10-05 13:45:49,MASAK,Kara Para / MASAK / Bahis,"Yasin Kol, MASAK'ın 135 milyon liralık işlem hacmi tespitini 'hatalı' buldu","Yasin Kol, MASAK'ın 135 milyon liralık işlem hacmi tespitini 'hatalı' buldu Diken",https://news.google.com/rss/articles/CBMingFBVV95cUxNZVkyRWFCZGlYazA5OS1mX1pTNVRmMjUxZWhzSFVETFk4S2xkNDB6RVZwQmlicHdUQTI2clY5ZHZhU0NTWDZYSmVQZ0FhWEYzQUpiM3Q2NGV6RXlRQmdaY0dxejBQUGFmQVcxazI5bXdWMWZMSnpkMXpjUnV5NF83YUc5a21uY0x5dWpkZWVmQTBuNHBMWjBfbnE1VENJZw?oc=5,masak,,"05.10.2026 - 'Şike'yle suçlanan hakem Yasin Kol, işlem hacminin 135 milyon lira olduğu yönündeki Mali Suçları Araştırma Kurulu (MASAK) tespitini 'hatalı' buldu. 05.10.2026 - 'Şike'yle suçlanan hakem Yasin Kol, işlem hacminin 135 milyon lira olduğu yönündeki Mali Suçları Araştırma Kurulu (MASAK) tespitini 'hatalı' buldu. 05.10.2026 - 'Şike'yle suçlanan hakem Yasin Kol, işlem hacminin 135 milyon lira olduğu yönündeki Mali Suçları Araştırma Kurulu (MASAK) tespitini 'hatalı' buldu. Yasin Kol, MASAK'ın 135 milyon liralık işlem hacmi tespitini 'hatalı' buldu 05/10/2026 16:45 Okuma süresi: 3 dk. WhatsApp X Facebook Telegram Linkedin Copy URL Pinterest ReddIt Flip Email Yazdır ‘Şike’ yle suçlanan hakem Yasin Kol, 2012-2026’da banka hesaplarındaki işlem hacminin 135 milyon lirayı bulduğu yönündeki Mali Suçları Araştırma Kurulu (MASAK) tespitini ‘hatalı’ buldu: “Böyle bir param olmadı.” Yasin Kol. Fotoğraf: AA MASAK tespitine göre Kol’un hesaplarından 2012-2026’da toplam 5 bin 978 işlemde 72 milyon lira para çıkışı, 62,5 milyon lira para girişi oldu. Hakemin hesabındaki işlem hacmi özellikle 2024-2026’da artmış. 2026’da Kol’un hesaplarına yaklaşık 22,3 milyon lira girmiş, çıkan paraysa 40,8 milyon lira. Kol, hesaplarındaki 135 milyon liralık işlem hacmiyle ilgili soruya şöyle yanıt verdi: “Tespitlerin hatalı olduğunu düşünmekteyim. Benim hayatım boyunca bu tutarda bir param ve para trafiğim olmadı. Hakemli ve güvenlik görevlisi olarak çalışıp kazandığım dışında böyle bir param olmadı. Bu para transferi kesinlikle bana ait değildir.” Kol’un, Merkez Hakem Kurulu (MHK) Başkanı Ferhat Gündoğdu’yla hakem atamalarını isim isim konuştukları ortaya çıkmıştı. Hakem, polis ifadesinde o yazışmayla ilgili şunları söyledi: “Hakem veya adayların farklı kişilerce yönetilen ekipler altında takip edildiği bir yapılanma yoktur. Ben bu zamana kadar böyle bir duruma tanık olmadım. Türkiye liginde gerçekleşen müsabakalarda hakem kadrosunun belirlenmesinde inisiyatif alma MHK başkanı derbi maçlarında ve kritik maçlardan yaklaşık üç gün önce maçı yönetecek hakemle hakem kadrosun olarak kimlerle daha uyumlu çalışabileceğini bir önerimizin olup olmadığını sorup görüşümüzü almaktadır. Bu uygulama yurt dışındaki maçlarda da bu şekilde olmaktadır. Ayrıca bu uygulama bana özel değil derbi yönetecek tüm hakemlere uygulanır. Bende yukarıdaki konuşmalarda anlaşılacağı üzere iyi anlaştığım hakem arkadaşlarımı MHK başkanına sundum onun onayıyla maçları yönettim.” ‘Suç geçmişlerini bilmem mümkün değil’ Kol’un hesaplarından dolandırıcılık ve bahis şüphelisi birden fazla kişiye belli miktarlarda para transferleri yapılmış. Bunların sorulması üzerine hakem şöyle dedi: “Hiçbir şekilde yasadışı bahisle alakalı değildir. Ben hiçbir zaman yasadışı bahis oynamadım ve başkalarına oynaması için herhangi bir para göndermedim. Tespitleri kabul etmiyorum.” Kol, transfer yaptığı bazı isimleri ‘arkadaşı’ , bazılarını ‘borç’ , bazılarınıysa ‘iş ücreti’ diye açıkladı. Kol’a ayrıca 2 Şubat 2025’te Adana Demirspor A.Ş.-Kasımpaşa A.Ş. müsabakasında görev yaptığı birlikte görev yaptığı hakemlerle maç günündeki para transferleri soruldu. Hakem şu yanıtı verdi: “Şahısları aktif hakem olmalarından dolayı tanımaktayım. Yukarıda anlattığım gibi birlikte maçlara gittiğimiz dönemlerde yemek yediğimiz zamanlarda hesabı tek kişi öder sonra diğerleri de bu parayı ödeyen kişiye atar, bu gönderdiğim para nedeni de budur.” Kol ifadesini şöyle tamamladı: “Yukarıda tarafıma yöneltilen tüm soruları anladım, tüm safiyetimle cevap verdim. Şu andaki mal varlığı ortadadır. Yukarıda tespiti yapılan para transferlerinin çoğunun geri dönüşü olmamıştır. Yukarıda tarafıma sorulan sorularda yer alan şahısların suç geçmişlerini bilmem mümkün değildir. Ayrıca bazı şahıslar da hakemlik yapan hatta aktif devam eden şahıslardır. Para transferleriyle ilgili hatırladıklarımı açıkladım. Benim hayatım boyunca yasal veya yasadışı bahisle hiçbir zaman ilişkim olmamıştır. Herhangi bir platformda da hesabım bulunmamaktadır. Borsada ZERGYO diye hatırladığım bir hisseye yaklaşık sekiz, dokuz ay önce 3 milyon 200 bin lira kadar bir yatırımım olmuştur. Bahse konu yatırımdan şu anda ana paradan 2 milyon lira zararım bulunmaktadır. Ev alırken ablam, eniştem ve annemden borç alarak evimi aldım. Üzerime atılan suçlamaları kabul etmiyorum. Söyleyeceklerim bunlardan ibarettir.” Hakemler soruşturması MHK Başkanı Ferhat Gündoğdu dahil yedi kişi 29 Eylül sabahı ‘resmi belgede sahtecilik’ ve ‘eziyet’ suçlamalarıyla gözaltına alındı. Gözaltına alınan diğer isimler eski MHK başkan vekili Ahmet Şahin, Eski MHK üyesi Yunus Yıldırım, MHK üyesi Sebahattin Şahin, Türkiye Faal Futbol Hakemleri ve Gözlemcileri Derneği (TFFHGD) İstanbul Şube Başkanı Ferdi Karadoruk, TFFHGD İstanbul Teşkilat Sorumlusu Alican Sağlar ve TTFFHGD İstanbul Hakem Kurulu Başkanı Emre Kosif’ti. 1 Ekim’de de hakemler Yasin Kol ve Göktuğ Hazar Erel gözaltına alın d ı. Mahkeme, 3 Ekim’de Gündoğdu, Emre Kosif, Ferdi Karadoruk, Yunus Yıldırım ve Alican Sağlar tutuklama kararı verdi. Ahmet Şahin ve Sebahattin Şahin’se yurt dışı çıkış yasağını içeren adli kontrolle serbest bırakıldı. İstanbul başsavcılığı bugün Kol hakkında ‘şike ve teşvik primi’ tutuklama talep etti. Tutuklanması talep edilen diğer hakem Erel’eyse ‘resmi belgede sahtecilik’ suçlaması yönetildi. Yasin Kol’a yöneltilen suçun karşılığı bir yıldan üç yıla kadar hapis ve 20 bin güne kadar adli para cezası. Dahası ceza verilirse hükmün açıklanmasının geri bırakılamıyor, hapis cezası seçenek yaptırımlara çevrilemiyor ertelenemiyor. Erel’e yöneltilen suçun cezasıysa iki yıldan beş yıla kadar hapis. Hakem Yasin Kol ‘şike’yle suçlandı TFF başkanı: Kimse belki 30 yıllık kokuşmuşluğu bize mal etmeye kalkmasın Ferhat Gündoğdu MHK başkanlığından istifa etti TFF ‘ses verdi’: Yeni MHK için çalışmalar sürüyor Galatasaray başkanı ‘TFF’nin sessizliği’ni hayra yormadı MHK Başkanı Ferhat Gündoğdu dahil beş kişi tutuklandı Beşiktaş Başkanı Adalı: Gerekirse ligler iki hafta ertelensin Yasin Kol, MHK başkanıyla atanacak hakemleri isim isim konuşmuş Eski hakem Süleyman Abay: Yapı, Ahmet Şahin’in incelenmesiyle ortaya çıkacak Hakem soruşturması: Yasin Kol gözaltına alındı WhatsApp X Facebook Telegram Linkedin Copy URL Pinterest ReddIt Flip Email Yazdır Ana Sayfa Aktüel Osman Kavala 3 bin 265 gündür hapiste ‘Şike’ yle suçlanan hakem Yasin Kol, 2012-2026’da banka hesaplarındaki işlem hacminin 135 milyon lirayı bulduğu yönündeki Mali Suçları Araştırma Kurulu (MASAK) tespitini ‘hatalı’ buldu: “Böyle bir param olmadı.” Yasin Kol. Fotoğraf: AA MASAK tespitine göre Kol’un hesaplarından 2012-2026’da toplam 5 bin 978 işlemde 72 milyon lira para çıkışı, 62,5 milyon lira para girişi oldu. Hakemin hesabındaki işlem hacmi özellikle 2024-2026’da artmış. 2026’da Kol’un hesaplarına yaklaşık 22,3 milyon lira girmiş, çıkan paraysa 40,8 milyon lira. Kol, hesaplarındaki 135 milyon liralık işlem hacmiyle ilgili soruya şöyle yanıt verdi: “Tespitlerin hatalı olduğunu düşünmekteyim. Benim hayatım boyunca bu tutarda bir param ve para trafiğim olmadı. Hakemli ve güvenlik görevlisi olarak çalışıp kazandığım dışında böyle bir param olmadı. Bu para transferi kesinlikle bana ait değildir.” Kol’un, Merkez Hakem Kurulu (MHK) Başkanı Ferhat Gündoğdu’yla hakem atamalarını isim isim konuştukları ortaya çıkmıştı. Hakem, polis ifadesinde o yazışmayla ilgili şunları söyledi: “Hakem veya adayların farklı kişilerce yönetilen ekipler altında takip edildiği bir yapılanma yoktur. Ben bu zamana kadar böyle bir duruma tanık olmadım. Türkiye liginde gerçekleşen müsabakalarda hakem kadrosunun belirlenmesinde inisiyatif alma MHK başkanı derbi maçlarında ve kritik maçlardan yaklaşık üç gün önce maçı yönetecek hakemle hakem kadrosun olarak kimlerle daha uyumlu çalışabileceğini bir önerimizin olup olmadığını sorup görüşümüzü almaktadır. Bu uygulama yurt dışındaki maçlarda da bu şekilde olmaktadır. Ayrıca bu uygulama bana özel değil derbi yönetecek tüm hakemlere uygulanır. Bende yukarıdaki konuşmalarda anlaşılacağı üzere iyi anlaştığım hakem arkadaşlarımı MHK başkanına sundum onun onayıyla maçları yönettim.” ‘Suç geçmişlerini bilmem mümkün değil’ Kol’un hesaplarından dolandırıcılık ve bahis şüphelisi birden fazla kişiye belli miktarlarda para transferleri yapılmış. Bunların sorulması üzerine hakem şöyle dedi: “Hiçbir şekilde yasadışı bahisle alakalı değildir. Ben hiçbir zaman yasadışı bahis oynamadım ve başkalarına oynaması için herhangi bir para göndermedim. Tespitleri kabul etmiyorum.” Kol, transfer yaptığı bazı isimleri ‘arkadaşı’ , bazılarını ‘borç’ , bazılarınıysa ‘iş ücreti’ diye açıkladı. Kol’a ayrıca 2 Şubat 2025’te Adana Demirspor A.Ş.-Kasımpaşa A.Ş. müsabakasında görev yaptığı birlikte görev yaptığı hakemlerle maç günündeki para transferleri soruldu. Hakem şu yanıtı verdi: “Şahısları aktif hakem olmalarından dolayı tanımaktayım. Yukarıda anlattığım gibi birlikte maçlara gittiğimiz dönemlerde yemek yediğimiz zamanlarda hesabı tek kişi öder sonra diğerleri de bu parayı ödeyen kişiye atar, bu gönderdiğim para nedeni de budur.” Kol ifadesini şöyle tamamladı: “Yukarıda tarafıma yöneltilen tüm soruları anladım, tüm safiyetimle cevap verdim. Şu andaki mal varlığı ortadadır. Yukarıda tespiti yapılan para transferlerinin çoğunun geri dönüşü olmamıştır. Yukarıda tarafıma sorulan sorularda yer alan şahısların suç geçmişlerini bilmem mümkün değildir. Ayrıca bazı şahıslar da hakemlik yapan hatta aktif devam eden şahıslardır. Para transferleriyle ilgili hatırladıklarımı açıkladım. Benim hayatım boyunca yasal veya yasadışı bahisle hiçbir zaman ilişkim olmamıştır. Herhangi bir platformda da hesabım bulunmamaktadır. Borsada ZERGYO diye hatırladığım bir hisseye yaklaşık sekiz, dokuz ay önce 3 milyon 200 bin lira kadar bir yatırımım olmuştur. Bahse konu yatırımdan şu anda ana paradan 2 milyon lira zararım bulunmaktadır. Ev alırken ablam, eniştem ve annemden borç alarak evimi aldım. Üzerime atılan suçlamaları kabul etmiyorum. Söyleyeceklerim bunlardan ibarettir.” Hakemler soruşturması MHK Başkanı Ferhat Gündoğdu dahil yedi kişi 29 Eylül sabahı ‘resmi belgede sahtecilik’ ve ‘eziyet’ suçlamalarıyla gözaltına alındı. Gözaltına alınan diğer isimler eski MHK başkan vekili Ahmet Şahin, Eski MHK üyesi Yunus Yıldırım, MHK üyesi Sebahattin Şahin, Türkiye Faal Futbol Hakemleri ve Gözlemcileri Derneği (TFFHGD) İstanbul Şube Başkanı Ferdi Karadoruk, TFFHGD İstanbul Teşkilat Sorumlusu Alican Sağlar ve TTFFHGD İstanbul Hakem Kurulu Başkanı Emre Kosif’ti. 1 Ekim’de de hakemler Yasin Kol ve Göktuğ Hazar Erel gözaltına alın d ı. Mahkeme, 3 Ekim’de Gündoğdu, Emre Kosif, Ferdi Karadoruk, Yunus Yıldırım ve Alican Sağlar tutuklama kararı verdi. Ahmet Şahin ve Sebahattin Şahin’se yurt dışı çıkış yasağını içeren adli kontrolle serbest bırakıldı. İstanbul başsavcılığı bugün Kol hakkında ‘şike ve teşvik primi’ tutuklama talep etti. Tutuklanması talep edilen diğer hakem Erel’eyse ‘resmi belgede sahtecilik’ suçlaması yönetildi. Yasin Kol’a yöneltilen suçun karşılığı bir yıldan üç yıla kadar hapis ve 20 bin güne kadar adli para cezası. Dahası ceza verilirse hükmün açıklanmasının geri bırakılamıyor, hapis cezası seçenek yaptırımlara çevrilemiyor ertelenemiyor. Erel’e yöneltilen suçun cezasıysa iki yıldan beş yıla kadar hapis. Hakem Yasin Kol ‘şike’yle suçlandı TFF başkanı: Kimse belki 30 yıllık kokuşmuşluğu bize mal etmeye kalkmasın Ferhat Gündoğdu MHK başkanlığından istifa etti TFF ‘ses verdi’: Yeni MHK için çalışmalar sürüyor Galatasaray başkanı ‘TFF’nin sessizliği’ni hayra yormadı MHK Başkanı Ferhat Gündoğdu dahil beş kişi tutuklandı Beşiktaş Başkanı Adalı: Gerekirse ligler iki hafta ertelensin Yasin Kol, MHK başkanıyla atanacak hakemleri isim isim konuşmuş Eski hakem Süleyman Abay: Yapı, Ahmet Şahin’in incelenmesiyle ortaya çıkacak Hakem soruşturması: Yasin Kol gözaltına alındı WhatsApp X Facebook Telegram Linkedin Copy URL Pinterest ReddIt Flip Email Yazdır Ana Sayfa Aktüel Osman Kavala 3 bin 265 gündür hapiste ‘Şike’ yle suçlanan hakem Yasin Kol, 2012-2026’da banka hesaplarındaki işlem hacminin 135 milyon lirayı bulduğu yönündeki Mali Suçları Araştırma Kurulu (MASAK) tespitini ‘hatalı’ buldu: “Böyle bir param olmadı.” Yasin Kol. Fotoğraf: AA MASAK tespitine göre Kol’un hesaplarından 2012-2026’da toplam 5 bin 978 işlemde 72 milyon lira para çıkışı, 62,5 milyon lira para girişi oldu. Hakemin hesabındaki işlem hacmi özellikle 2024-2026’da artmış. 2026’da Kol’un hesaplarına yaklaşık 22,3 milyon lira girmiş, çıkan paraysa 40,8 milyon lira. Kol, hesaplarındaki 135 milyon liralık işlem hacmiyle ilgili soruya şöyle yanıt verdi: “Tespitlerin hatalı olduğunu düşünmekteyim. Benim hayatım boyunca bu tutarda bir param ve para trafiğim olmadı. Hakemli ve güvenlik görevlisi olarak çalışıp kazandığım dışında böyle bir param olmadı. Bu para transferi kesinlikle bana ait değildir.” Kol’un, Merkez Hakem Kurulu (MHK) Başkanı Ferhat Gündoğdu’yla hakem atamalarını isim isim konuştukları ortaya çıkmıştı. Hakem, polis ifadesinde o yazışmayla ilgili şunları söyledi: “Hakem veya adayların farklı kişilerce yönetilen ekipler altında takip edildiği bir yapılanma yoktur. Ben bu zamana kadar böyle bir duruma tanık olmadım. Türkiye liginde gerçekleşen müsabakalarda hakem kadrosunun belirlenmesinde inisiyatif alma MHK başkanı derbi maçlarında ve kritik maçlardan yaklaşık üç gün önce maçı yönetecek hakemle hakem kadrosun olarak kimlerle daha uyumlu çalışabileceğini bir önerimizin olup olmadığını sorup görüşümüzü almaktadır. Bu uygulama yurt dışındaki maçlarda da bu şekilde olmaktadır. Ayrıca bu uygulama bana özel değil derbi yönetecek tüm hakemlere uygulanır. Bende yukarıdaki konuşmalarda anlaşılacağı üzere iyi anlaştığım hakem arkadaşlarımı MHK başkanına sundum onun onayıyla maçları yönettim.” ‘Suç geçmişlerini bilmem mümkün değil’ Kol’un hesaplarından dolandırıcılık ve bahis şüphelisi birden fazla kişiye belli miktarlarda para transferleri yapılmış. Bunların sorulması üzerine hakem şöyle dedi: “Hiçbir şekilde yasadışı bahisle alakalı değildir. Ben hiçbir zaman yasadışı bahis oynamadım ve başkalarına oynaması için herhangi bir para göndermedim. Tespitleri kabul etmiyorum.” Kol, transfer yaptığı bazı isimleri ‘arkadaşı’ , bazılarını ‘borç’ , bazılarınıysa ‘iş ücreti’ diye açıkladı. Kol’a ayrıca 2 Şubat 2025’te Adana Demirspor A.Ş.-Kasımpaşa A.Ş. müsabakasında görev yaptığı birlikte görev yaptığı hakemlerle maç günündeki para transferleri soruldu. Hakem şu yanıtı verdi: “Şahısları aktif hakem olmalarından dolayı tanımaktayım. Yukarıda anlattığım gibi birlikte maçlara gittiğimiz dönemlerde yemek yediğimiz zamanlarda hesabı tek kişi öder sonra diğerleri de bu parayı ödeyen kişiye atar, bu gönderdiğim para nedeni de budur.” Kol ifadesini şöyle tamamladı: “Yukarıda tarafıma yöneltilen tüm soruları anladım, tüm safiyetimle cevap verdim. Şu andaki mal varlığı ortadadır. Yukarıda tespiti yapılan para transferlerinin çoğunun geri dönüşü olmamıştır. Yukarıda tarafıma sorulan sorularda yer alan şahısların suç geçmişlerini bilmem mümkün değildir. Ayrıca bazı şahıslar da hakemlik yapan hatta aktif devam eden şahıslardır. Para transferleriyle ilgili hatırladıklarımı açıkladım. Benim hayatım boyunca yasal veya yasadışı bahisle hiçbir zaman ilişkim olmamıştır. Herhangi bir platformda da hesabım bulunmamaktadır. Borsada ZERGYO diye hatırladığım bir hisseye yaklaşık sekiz, dokuz ay önce 3 milyon 200 bin lira kadar bir yatırımım olmuştur. Bahse konu yatırımdan şu anda ana paradan 2 milyon lira zararım bulunmaktadır. Ev alırken ablam, eniştem ve annemden borç alarak evimi aldım. Üzerime atılan suçlamaları kabul etmiyorum. Söyleyeceklerim bunlardan ibarettir.” Hakemler soruşturması MHK Başkanı Ferhat Gündoğdu dahil yedi kişi 29 Eylül sabahı ‘resmi belgede sahtecilik’ ve ‘eziyet’ suçlamalarıyla gözaltına alındı. Gözaltına alınan diğer isimler eski MHK başkan vekili Ahmet Şahin, Eski MHK üyesi Yunus Yıldırım, MHK üyesi Sebahattin Şahin, Türkiye Faal Futbol Hakemleri ve Gözlemcileri Derneği (TFFHGD) İstanbul Şube Başkanı Ferdi Karadoruk, TFFHGD İstanbul Teşkilat Sorumlusu Alican Sağlar ve TTFFHGD İstanbul Hakem Kurulu Başkanı Emre Kosif’ti. 1 Ekim’de de hakemler Yasin Kol ve Göktuğ Hazar Erel gözaltına alın d ı. Mahkeme, 3 Ekim’de Gündoğdu, Emre Kosif, Ferdi Karadoruk, Yunus Yıldırım ve Alican Sağlar tutuklama kararı verdi. Ahmet Şahin ve Sebahattin Şahin’se yurt dışı çıkış yasağını içeren adli kontrolle serbest bırakıldı. İstanbul başsavcılığı bugün Kol hakkında ‘şike ve teşvik primi’ tutuklama talep etti. Tutuklanması talep edilen diğer hakem Erel’eyse ‘resmi belgede sahtecilik’ suçlaması yönetildi. Yasin Kol’a yöneltilen suçun karşılığı bir yıldan üç yıla kadar hapis ve 20 bin güne kadar adli para cezası. Dahası ceza verilirse hükmün açıklanmasının geri bırakılamıyor, hapis cezası seçenek yaptırımlara çevrilemiyor ertelenemiyor. Erel’e yöneltilen suçun cezasıysa iki yıldan beş yıla kadar hapis. Hakem Yasin Kol ‘şike’yle suçlandı TFF başkanı: Kimse belki 30 yıllık kokuşmuşluğu bize mal etmeye kalkmasın Ferhat Gündoğdu MHK başkanlığından istifa etti TFF ‘ses verdi’: Yeni MHK için çalışmalar sürüyor Galatasaray başkanı ‘TFF’nin sessizliği’ni hayra yormadı MHK Başkanı Ferhat Gündoğdu dahil beş kişi tutuklandı Beşiktaş Başkanı Adalı: Gerekirse ligler iki hafta ertelensin Yasin Kol, MHK başkanıyla atanacak hakemleri isim isim konuşmuş Eski hakem Süleyman Abay: Yapı, Ahmet Şahin’in incelenmesiyle ortaya çıkacak Hakem soruşturması: Yasin Kol gözaltına alındı Yasin Kol, MASAK'ın 135 milyon liralık işlem hacmi tespitini 'hatalı' buldu ‘Şike’ yle suçlanan hakem Yasin Kol, 2012-2026’da banka hesaplarındaki işlem hacminin 135 milyon lirayı bulduğu yönündeki Mali Suçları Araştırma Kurulu (MASAK) tespitini ‘hatalı’ buldu: “Böyle bir param olmadı.” MASAK tespitine göre Kol’un hesaplarından 2012-2026’da toplam 5 bin 978 işlemde 72 milyon lira para çıkışı, 62,5 milyon lira para girişi oldu. Hakemin hesabındaki işlem hacmi özellikle 2024-2026’da artmış. 2026’da Kol’un hesaplarına yaklaşık 22,3 milyon lira girmiş, çıkan paraysa 40,8 milyon lira. Kol, hesaplarındaki 135 milyon liralık işlem hacmiyle ilgili soruya şöyle yanıt verdi: “Tespitlerin hatalı olduğunu düşünmekteyim. Benim hayatım boyunca bu tutarda bir param ve para trafiğim olmadı. Hakemli ve güvenlik görevlisi olarak çalışıp kazandığım dışında böyle bir param olmadı. Bu para transferi kesinlikle bana ait değildir.” Kol’un, Merkez Hakem Kurulu (MHK) Başkanı Ferhat Gündoğdu’yla hakem atamalarını isim isim konuştukları ortaya çıkmıştı. Hakem, polis ifadesinde o yazışmayla ilgili şunları söyledi: “Hakem veya adayların farklı kişilerce yönetilen ekipler altında takip edildiği bir yapılanma yoktur. Ben bu zamana kadar böyle bir duruma tanık olmadım. Türkiye liginde gerçekleşen müsabakalarda hakem kadrosunun belirlenmesinde inisiyatif alma MHK başkanı derbi maçlarında ve kritik maçlardan yaklaşık üç gün önce maçı yönetecek hakemle hakem kadrosun olarak kimlerle daha uyumlu çalışabileceğini bir önerimizin olup olmadığını sorup görüşümüzü almaktadır. Bu uygulama yurt dışındaki maçlarda da bu şekilde olmaktadır. Ayrıca bu uygulama bana özel değil derbi yönetecek tüm hakemlere uygulanır. Bende yukarıdaki konuşmalarda anlaşılacağı üzere iyi anlaştığım hakem arkadaşlarımı MHK başkanına sundum onun onayıyla maçları yönettim.” Kol’un hesaplarından dolandırıcılık ve bahis şüphelisi birden fazla kişiye belli miktarlarda para transferleri yapılmış. Bunların sorulması üzerine hakem şöyle dedi: “Hiçbir şekilde yasadışı bahisle alakalı değildir. Ben hiçbir zaman yasadışı bahis oynamadım ve başkalarına oynaması için herhangi bir para göndermedim. Tespitleri kabul etmiyorum.” Kol, transfer yaptığı bazı isimleri ‘arkadaşı’ , bazılarını ‘borç’ , bazılarınıysa ‘iş ücreti’ diye açıkladı. Kol’a ayrıca 2 Şubat 2025’te Adana Demirspor A.Ş.-Kasımpaşa A.Ş. müsabakasında görev yaptığı birlikte görev yaptığı hakemlerle maç günündeki para transferleri soruldu. Hakem şu yanıtı verdi: “Şahısları aktif hakem olmalarından dolayı tanımaktayım. Yukarıda anlattığım gibi birlikte maçlara gittiğimiz dönemlerde yemek yediğimiz zamanlarda hesabı tek kişi öder sonra diğerleri de bu parayı ödeyen kişiye atar, bu gönderdiğim para nedeni de budur.” Kol ifadesini şöyle tamamladı: “Yukarıda tarafıma yöneltilen tüm soruları anladım, tüm safiyetimle cevap verdim. Şu andaki mal varlığı ortadadır. Yukarıda tespiti yapılan para transferlerinin çoğunun geri dönüşü olmamıştır. Yukarıda tarafıma sorulan sorularda yer alan şahısların suç geçmişlerini bilmem mümkün değildir. Ayrıca bazı şahıslar da hakemlik yapan hatta aktif devam eden şahıslardır. Para transferleriyle ilgili hatırladıklarımı açıkladım. Benim hayatım boyunca yasal veya yasadışı bahisle hiçbir zaman ilişkim olmamıştır. Herhangi bir platformda da hesabım bulunmamaktadır. Borsada ZERGYO diye hatırladığım bir hisseye yaklaşık sekiz, dokuz ay önce 3 milyon 200 bin lira kadar bir yatırımım olmuştur. Bahse konu yatırımdan şu anda ana paradan 2 milyon lira zararım bulunmaktadır. Ev alırken ablam, eniştem ve annemden borç alarak evimi aldım. Üzerime atılan suçlamaları kabul etmiyorum. Söyleyeceklerim bunlardan ibarettir.” MHK Başkanı Ferhat Gündoğdu dahil yedi kişi 29 Eylül sabahı ‘resmi belgede sahtecilik’ ve ‘eziyet’ suçlamalarıyla gözaltına alındı. Gözaltına alınan diğer isimler eski MHK başkan vekili Ahmet Şahin, Eski MHK üyesi Yunus Yıldırım, MHK üyesi Sebahattin Şahin, Türkiye Faal Futbol Hakemleri ve Gözlemcileri Derneği (TFFHGD) İstanbul Şube Başkanı Ferdi Karadoruk, TFFHGD İstanbul Teşkilat Sorumlusu Alican Sağlar ve TTFFHGD İstanbul Hakem Kurulu Başkanı Emre Kosif’ti. 1 Ekim’de de hakemler Yasin Kol ve Göktuğ Hazar Erel gözaltına alın d ı. Mahkeme, 3 Ekim’de Gündoğdu, Emre Kosif, Ferdi Karadoruk, Yunus Yıldırım ve Alican Sağlar tutuklama kararı verdi. Ahmet Şahin ve Sebahattin Şahin’se yurt dışı çıkış yasağını içeren adli kontrolle serbest bırakıldı. İstanbul başsavcılığı bugün Kol hakkında ‘şike ve teşvik primi’ tutuklama talep etti. Tutuklanması talep edilen diğer hakem Erel’eyse ‘resmi belgede sahtecilik’ suçlaması yönetildi. Yasin Kol’a yöneltilen suçun karşılığı bir yıldan üç yıla kadar hapis ve 20 bin güne kadar adli para cezası. Dahası ceza verilirse hükmün açıklanmasının geri bırakılamıyor, hapis cezası seçenek yaptırımlara çevrilemiyor ertelenemiyor. Erel’e yöneltilen suçun cezasıysa iki yıldan beş yıla kadar hapis. © Keskin Kalem Yayıncılık","Yasin Kol, MASAK'ın 135 milyon liralık işlem hacmi tespitini 'hatalı' buldu Yasin Kol, MASAK'ın 135 milyon liralık işlem hacmi tespitini 'hatalı' buldu Diken 05.10.2026 - 'Şike'yle suçlanan hakem Yasin Kol, işlem hacminin 135 milyon lira olduğu yönündeki Mali Suçları Araştırma Kurulu (MASAK) tespitini 'hatalı' buldu. Yasin Kol, MASAK'ın 135 milyon liralık işlem hacmi tespitini 'hatalı' buldu 05/10/2026 16:45 Okuma süresi: 3 dk. WhatsApp X Facebook Telegram Linkedin Copy URL Pinterest ReddIt Flip Email Yazdır ‘Şike’ yle suçlanan hakem Yasin Kol, 2012-2026’da banka hesaplarındaki işlem hacminin 135 milyon lirayı bulduğu yönündeki Mali Suçları Araştırma Kurulu (MASAK) tespitini ‘hatalı’ buldu: “Böyle bir param olmadı.” Yasin Kol. Fotoğraf: AA MASAK tespitine göre Kol’un hesaplarından 2012-2026’da toplam 5 bin 978 işlemde 72 milyon lira para çıkışı, 62,5 milyon lira para girişi oldu. Hakemin hesabındaki işlem hacmi özellikle 2024-2026’da artmış. 2026’da Kol’un hesaplarına yaklaşık 22,3 milyon lira girmiş, çıkan paraysa 40,8 milyon lira. Kol, hesaplarındaki 135 milyon liralık işlem hacmiyle ilgili soruya şöyle yanıt verdi: “Tespitlerin hatalı olduğunu düşünmekteyim. Benim hayatım boyunca bu tutarda bir param ve para trafiğim olmadı. Hakemli ve güvenlik görevlisi olarak çalışıp kazandığım dışında böyle bir param olmadı. Bu para transferi kesinlikle bana ait değildir.” Kol’un, Merkez Hakem Kurulu (MHK) Başkanı Ferhat Gündoğdu’yla hakem atamalarını isim isim konuştukları ortaya çıkmıştı. Türkiye liginde gerçekleşen müsabakalarda hakem kadrosunun belirlenmesinde inisiyatif alma MHK başkanı derbi maçlarında ve kritik maçlardan yaklaşık üç gün önce maçı yönetecek hakemle hakem kadrosun olarak kimlerle daha uyumlu çalışabileceğini bir önerimizin olup olmadığını sorup görüşümüzü almaktadır. Bende yukarıdaki konuşmalarda anlaşılacağı üzere iyi anlaştığım hakem arkadaşlarımı MHK başkanına sundum onun onayıyla maçları yönettim.” ‘Suç geçmişlerini bilmem mümkün değil’ Kol’un hesaplarından dolandırıcılık ve bahis şüphelisi birden fazla kişiye belli miktarlarda para transferleri yapılmış. Bunların sorulması üzerine hakem şöyle dedi: “Hiçbir şekilde yasadışı bahisle alakalı değildir. Ben hiçbir zaman yasadışı bahis oynamadım ve başkalarına oynaması için herhangi bir para göndermedim. Tespitleri kabul etmiyorum.” Kol, transfer yaptığı bazı isimleri ‘arkadaşı’ , bazılarını ‘borç’ , bazılarınıysa ‘iş ücreti’ diye açıkladı. Kol’a ayrıca 2 Şubat 2025’te Adana Demirspor A.Ş.-Kasımpaşa A.Ş. müsabakasında görev yaptığı birlikte görev yaptığı hakemlerle maç günündeki para transferleri soruldu. Yukarıda tarafıma sorulan sorularda yer alan şahısların suç geçmişlerini bilmem mümkün değildir. Benim hayatım boyunca yasal veya yasadışı bahisle hiçbir zaman ilişkim olmamıştır. Borsada ZERGYO diye hatırladığım bir hisseye yaklaşık sekiz, dokuz ay önce 3 milyon 200 bin lira kadar bir yatırımım olmuştur. Bahse konu yatırımdan şu anda ana paradan 2 milyon lira zararım bulunmaktadır. Söyleyeceklerim bunlardan ibarettir.” Hakemler soruşturması MHK Başkanı Ferhat Gündoğdu dahil yedi kişi 29 Eylül sabahı ‘resmi belgede sahtecilik’ ve ‘eziyet’ suçlamalarıyla gözaltına alındı. Gözaltına alınan diğer isimler eski MHK başkan vekili Ahmet Şahin, Eski MHK üyesi Yunus Yıldırım, MHK üyesi Sebahattin Şahin, Türkiye Faal Futbol Hakemleri ve Gözlemcileri Derneği (TFFHGD) İstanbul Şube Başkanı Ferdi Karadoruk, TFFHGD İstanbul Teşkilat Sorumlusu Alican Sağlar ve TTFFHGD İstanbul Hakem Kurulu Başkanı Emre Kosif’ti. 1 Ekim’de de hakemler Yasin Kol ve Göktuğ Hazar Erel gözaltına alın d ı. Ahmet Şahin ve Sebahattin Şahin’se yurt dışı çıkış yasağını içeren adli kontrolle serbest bırakıldı. İstanbul başsavcılığı bugün Kol hakkında ‘şike ve teşvik primi’ tutuklama talep etti. Tutuklanması talep edilen diğer hakem Erel’eyse ‘resmi belgede sahtecilik’ suçlaması yönetildi. Yasin Kol’a yöneltilen suçun karşılığı bir yıldan üç yıla kadar hapis ve 20 bin güne kadar adli para cezası. Dahası ceza verilirse hükmün açıklanmasının geri bırakılamıyor, hapis cezası seçenek yaptırımlara çevrilemiyor ertelenemiyor. Erel’e yöneltilen suçun cezasıysa iki yıldan beş yıla kadar hapis. Hakem Yasin Kol ‘şike’yle suçlandı TFF başkanı: Kimse belki 30 yıllık kokuşmuşluğu bize mal etmeye kalkmasın Ferhat Gündoğdu MHK başkanlığından istifa etti TFF ‘ses verdi’: Yeni MHK için çalışmalar sürüyor Galatasaray başkanı ‘TFF’nin sessizliği’ni hayra yormadı MHK Başkanı Ferhat Gündoğdu dahil beş kişi tutuklandı Beşiktaş Başkanı Adalı: Gerekirse ligler iki hafta ertelensin Yasin Kol, MHK başkanıyla atanacak hakemleri isim isim konuşmuş Eski hakem Süleyman Abay: Yapı, Ahmet Şahin’in incelenmesiyle ortaya çıkacak Hakem soruşturması: Yasin Kol gözaltına alındı WhatsApp X Facebook Telegram Linkedin Copy URL Pinterest ReddIt Flip Email Yazdır Ana Sayfa Aktüel Osman Kavala 3 bin 265 gündür hapiste ‘Şike’ yle suçlanan hakem Yasin Kol, 2012-2026’da banka hesaplarındaki işlem hacminin 135 milyon lirayı bulduğu yönündeki Mali Suçları Araştırma Kurulu (MASAK) tespitini ‘hatalı’ buldu: “Böyle bir param olmadı.” Yasin Kol. Hakem Yasin Kol ‘şike’yle suçlandı TFF başkanı: Kimse belki 30 yıllık kokuşmuşluğu bize mal etmeye kalkmasın Ferhat Gündoğdu MHK başkanlığından istifa etti TFF ‘ses verdi’: Yeni MHK için çalışmalar sürüyor Galatasaray başkanı ‘TFF’nin sessizliği’ni hayra yormadı MHK Başkanı Ferhat Gündoğdu dahil beş kişi tutuklandı Beşiktaş Başkanı Adalı: Gerekirse ligler iki hafta ertelensin Yasin Kol, MHK başkanıyla atanacak hakemleri isim isim konuşmuş Eski hakem Süleyman Abay: Yapı, Ahmet Şahin’in incelenmesiyle ortaya çıkacak Hakem soruşturması: Yasin Kol gözaltına alındı Yasin Kol, MASAK'ın 135 milyon liralık işlem hacmi tespitini 'hatalı' buldu ‘Şike’ yle suçlanan hakem Yasin Kol, 2012-2026’da banka hesaplarındaki işlem hacminin 135 milyon lirayı bulduğu yönündeki Mali Suçları Araştırma Kurulu (MASAK) tespitini ‘hatalı’ buldu: “Böyle bir param olmadı.” MASAK tespitine göre Kol’un hesaplarından 2012-2026’da toplam 5 bin 978 işlemde 72 milyon lira para çıkışı, 62,5 milyon lira para girişi oldu. Bende yukarıdaki konuşmalarda anlaşılacağı üzere iyi anlaştığım hakem arkadaşlarımı MHK başkanına sundum onun onayıyla maçları yönettim.” Kol’un hesaplarından dolandırıcılık ve bahis şüphelisi birden fazla kişiye belli miktarlarda para transferleri yapılmış.",browser_full_article,https://www.diken.com.tr/yasin-kol-masakin-135-milyon-liralik-islem-hacmi-tespitini-hatali-buldu/,,,,,,Adana Demirspor A.Ş.-Kasımpaşa A.Ş,Adana Demirspor A.Ş.-Kasımpaşa A.Ş:68:body | Adana Demirspor A.Ş.-Kasımpaşa A.Ş:raw_legal,il yok | ilçe yok | faaliyet/tesis yok,Adana Demirspor A.Ş.-Kasımpaşa A.Ş Türkiye,Adana Demirspor A.Ş.-Kasımpaşa A.Ş Türkiye,Adana Demirspor A.Ş.-Kasımpaşa A.Ş Türkiye,firma adı + güvenli maps adayı var,100.0,,178.35,53
2026-10-05 10:30:00,MASAK,Kara Para / MASAK / Bahis,Eski MASAK Başkan Yardımcısı Ramazan Başak: Fon krizinin faturasını 86 milyon ödeyecek,Eski MASAK Başkan Yardımcısı Ramazan Başak: Fon krizinin faturasını 86 milyon ödeyecek Evrensel.net,https://news.google.com/rss/articles/CBMiwgFBVV95cUxOY0ZUVXF2Tm14d1l3V0s4TlI4bE45cU9HMl94U05YVWFBbVhrRm9GNHNvRXBIbk9FRDVzcG8zd29rdzB0Z0NKVHpqak13UHEwZkY1ZWE4RWxBWUZPWVNVUmJvTEl6QmVlN1BlVGdCX2o1VFF6T2NzRzNlUHVSdnczMFVMbGxkQTh5VlltLWhudExKeE1jS3ZWRzRCSnhxYmtyenhSaTdzY0QzNzRRekNjQWwtUXdURHRiMkVYa3F1MTVCdw?oc=5,masak,,"Eski MASAK Başkan Yardımcısı Dr. Ramazan Başak, fon vurgununa ilişkin ""Bunun faturasını 86 milyon kişi ödeyecek"" dedi. 05.10.2026 11:54 Şırnak Beytüşşebap'ta taşkın ve heyelan riski Meclis gündeminde: 5 aydır kalıcı adım atılmadı Dem Parti Milletvekili Nevroz Uysal Aslan, Beytüşşebap'taki sel felaketinin üzerinden 5 ay geçmesine rağmen kalıcı önlem alınmadığını belirterek konuyu Meclis'e taşıdı. Fotoğraf: Nevroz Uysal kişisel arşivi Elif Ekin Saltık ekinsaltik@gmail.com İçerik yükleniyor... Evrensel'i, Google'da tercih edilen kaynak olarak ekleyin Eski MASAK Başkan Yardımcısı Dr. Ramazan Başak, fon vurgununa ilişkin ""Bunun faturasını 86 milyon kişi ödeyecek"" dedi. Ramazan Başak Somurtkan bir baykuş, havada egzersiz yapan bir ayı, dev bir lokmayı yutmaya çalışan bir sincap... 2026 Nikon Komik Vahşi Yaşam Fotoğrafları Ödülleri’nin finalistleri doğadan birbirinden ilginç anları bir araya getiriyor. Fotoğraf:&nbsp;Udo Harms/Nikon Komik Vahşi Yaşam Ödülleri Dem Parti Milletvekili Nevroz Uysal Aslan, Beytüşşebap'taki sel felaketinin üzerinden 5 ay geçmesine rağmen kalıcı önlem alınmadığını belirterek konuyu Meclis'e taşıdı. Fotoğraf: Nevroz Uysal kişisel arşivi Mersin'de yürütülen soruşturma kapsamında TBB ve Mersin Büyükşehir Belediye Başkanı Vahap Seçer ile iki belediye başkanının da aralarında bulunduğu 59 kişi adliyeye sevk edildi. Adliye önünde toplanan yurttaşlar, Seçer'e destek verdi. Fotoğraf: ANKA İstanbul'da sabah saatlerinde ana arterler, köprü bağlantıları ve toplu taşıma duraklarında yoğunluk yaşandı. İBB verilerine göre kent genelindeki trafik yoğunluğu yüzde 69'a çıkarken, Anadolu Yakası'nda bu oran yüzde 85'e ulaştı. Fotoğraf: AA Diyarbakır’ın Bismil ilçesinde fırtınada zarar gören sacı onarırken elektrik akımına kapılan kaynak ustası Mustafa Akdaşlı yaşamını yitirdi. Akdaşlı’nın yanında bulunan iki çırağı ise ağır yaralandı. Fotoğraf: MA İzmir Varto Ekoloji Platformu, Varto ve çevresinde planlanan JES projesine karşı açılan davada 8 Ekim’de yapılacak bilirkişi incelemesi öncesi, su kaynakları ile tarım ve mera alanlarının korunması çağrısı yaptı. Fotoğraf: Evrensel&nbsp; İçerik yükleniyor... (Haber Merkezi) Devamını Oku Elif Ekin Saltık ekinsaltik@gmail.com İçerik yükleniyor... İçerik yükleniyor... (Politika Servisi) İçerik yükleniyor... (AA) İçerik yükleniyor... (MA) İçerik yükleniyor... (Evrensel) Eski MASAK Başkan Yardımcısı Ramazan Başak: Fon krizinin faturasını 86 milyon ödeyecek Eski MASAK Başkan Yardımcısı Dr. Ramazan Başak, fon vurgununa ilişkin ""Bunun faturasını 86 milyon kişi ödeyecek"" dedi. Sincap, baykuş, ayı... 2026’nın en komik hayvan fotoğrafları Somurtkan bir baykuş, havada egzersiz yapan bir ayı, dev bir lokmayı yutmaya çalışan bir sincap... 2026 Nikon Komik Vahşi Yaşam Fotoğrafları Ödülleri’nin finalistleri doğadan birbirinden ilginç anları bir araya getiriyor. Şırnak Beytüşşebap'ta taşkın ve heyelan riski Meclis gündeminde: 5 aydır kalıcı adım atılmadı Dem Parti Milletvekili Nevroz Uysal Aslan, Beytüşşebap'taki sel felaketinin üzerinden 5 ay geçmesine rağmen kalıcı önlem alınmadığını belirterek konuyu Meclis'e taşıdı. Vahap Seçer'e adliye önünde yurttaşlardan destek: Mersin burada, başkanının yanında Mersin'de yürütülen soruşturma kapsamında TBB ve Mersin Büyükşehir Belediye Başkanı Vahap Seçer ile iki belediye başkanının da aralarında bulunduğu 59 kişi adliyeye sevk edildi. Adliye önünde toplanan yurttaşlar, Seçer'e destek verdi. İstanbul'da trafik yoğunluğu arttı: Köprü ve ana arterlerde araçlar ağır ilerliyor İstanbul'da sabah saatlerinde ana arterler, köprü bağlantıları ve toplu taşıma duraklarında yoğunluk yaşandı. İBB verilerine göre kent genelindeki trafik yoğunluğu yüzde 69'a çıkarken, Anadolu Yakası'nda bu oran yüzde 85'e ulaştı. Diyarbakır’da iş cinayeti: Elektrik akımına kapılan kaynak ustası yaşamını yitirdi Diyarbakır’ın Bismil ilçesinde fırtınada zarar gören sacı onarırken elektrik akımına kapılan kaynak ustası Mustafa Akdaşlı yaşamını yitirdi. Akdaşlı’nın yanında bulunan iki çırağı ise ağır yaralandı. İzmir Varto Ekoloji Platformu: Toprağımıza suyumuza ve geleceğimize sahip çıkıyoruz İzmir Varto Ekoloji Platformu, Varto ve çevresinde planlanan JES projesine karşı açılan davada 8 Ekim’de yapılacak bilirkişi incelemesi öncesi, su kaynakları ile tarım ve mera alanlarının korunması çağrısı yaptı. Eski Mali Suçlar Araştırma Kurulu (MASAK) Başkan Yardımcısı Dr. Ramazan Başak, fon vurgununa dair değerlendirmelerde bulundu. Söz konusu vurgunun boyutunun ve mağdur sayısının kamuoyuna yansıtılandan çok daha büyük olduğunu belirten Başak, bürokrasi, yargı ve siyaset üçgeninde koruma görmeyen hiçbir yapının bu ölçekte bir organizasyonu gerçekleştiremeyeceğini vurguladı. Nefes gazetesine konuşan Başak, resmi kayıtlarda 456 bin mağdurdan söz edilmesine karşın tablonun çok daha ağır olduğunu ifade etti. Başak, “Hisse senetlerine ve bireysel emeklilik fonlarına yatırım yapanlar da dahil olmak üzere en az 2 milyon mağdur var. Bu sayı aileleriyle en az 5 milyon kişiye denk geliyor. Olayın boyutu da 20 milyar dolardan çok daha fazla” dedi. Krizin kamunun ağır ihmaliyle büyüdüğünü kaydeden Başak, dalga dalga yayılacak tahribatın faturasını 86 milyon yurttaşın ödeyeceğine dikkat çekti. Krizin aylar öncesinden bilindiğini ve otoritenin gözleri önünde adım adım örüldüğünü savunan Başak, sürecin aydınlatılması için 2021 yılına bakılması gerektiğini söyledi: “2021’de Kasım Garipoğlu’nun Türkiye’de SPK lisansı olmadan faaliyet gösteren GKFX isimli bir şirketi var. Lisansı olmamasına rağmen faaliyetlerine devam edebilmiş. Şirketi ABD ve Rus makamları kara para aklayan şirket olarak tanımlıyor. Garipoğlu gidip yöneticileriyle ilgili ‘30 milyon dolarımı çaldı’ diye şikâyette bulunuyor. Savcılık 2021’de inceliyor. Tera Yatırım, Azko ve Venbey gibi şirketlerle GKFX arasında çanta ve valizlerle gerçekleştirilen yaklaşık 350 milyon dolarlık para trafiği ortaya çıkıyor. Burada inceleme ilerletilmiş olsaydı Tera, fon krizinin baş aktörü olmazdı.” O dönemde gerekli adımları atılmaması nedeniyle çarkın büyüdüğünü belirten Başak, söz konusu paraların fonlar üzerinden sisteme sokulduğunu öne sürdü: “524 katlık değerin yaratıldığı, bir anlamda orada kara para aklandığını düşünüyorum. 2021’deki soruşturma gerçekten yapılsaydı Tera 2022’de halka arz izni alamazdı. 2023’te de banka kurma iznini alamazdı. Muhtemelen 2021’deki kara paraları buraya soktular. Borsa kazancı gibi legalleştirdiler.” Fonlardaki şaibeli işlemleri tespit ettikten sonra resmi mercileri harekete geçirmeye çalıştığını açıklayan Başak, “Ben fonlardaki şaibeler ve dolandırıcılık işlemlerini gördüğüm için Temmuz 2025’te CİMER’e, MASAK’a başvurdum. Ama ben Kasım 2025’te Emre Tezmen’in şikâyetiyle gözaltına alındım. Sonra bilgilendirmeye devam ettim. Nisan 2026’da yine Emre Tezmen’in şikâyetiyle ikinci kez gözaltına alındım” ifadelerini kullandı. Hisselerdeki fahiş artışların dönemin SPK Başkanı İbrahim Gönül tarafından ‘halkın teveccühü’ olarak nitelendirilmesine de tepki gösteren Başak, “Ne demek teveccüh? Bu insanlar o hisselerde ne buldu? Bu hisse sahipleri aşı mı buldular, fabrika mı kurdular, bir buluşa mı imza attılar? Bunlar hizmet sektörü. Bunlar bugün kapıya kilit vursa bir masadan, bir sandalyeden başka bir şey bulamazsanız” diye konuştu. Çözümün kamu kaynaklarında değil, haksız kazanç sağlayan odaklarda aranması gerektiğinin altını çizen Başak, mağduriyetlerin giderilmesine ilişkin şu formülü sundu: “Fonzedelerin parasını Hazine’ye başvurmadan, kim çaldıysa onlardan alacaksınız. Çakılan hisseleri de tespit etmek gerekiyor. Burada birileri 100 milyarlarca lira kazandı. Şebeke bir araya gelmeden bu işlemlerin olması çok zordur. Şirket sahipleri ya da bu hisselerden fahiş kazançları sağlayanlar kim, bunlar hemen tespit edilir. Burada göz göre göre ciddi bir rant elde edildi. Buradan zenginleşenlerin parası alınıp kaybedenlere dağıtılabilir.” Yaşanan tahribatta birincil sorumluluğun denetim makamlarında olduğunu belirten Başak, denetimi engelleyen siyasi ve idari engellerin üzerine Devlet Denetleme Kurulu (DDK) aracılığıyla gidilmesi gerektiğini kaydetti. Başak, açıklamasını şu sözlerle noktaladı: “Burada en geniş yetkilerle sorumlu olan kurum açık ara SPK. Sonra BDDK, MASAK geliyor. Burada SPK’nın da görevini yapmasına izin verilmemiş olabilir. SPK ‘Biliyoruz’ deyip bu kadar uzun süre kenarda bekleyemez. Bu sürecin ortaya çıkmasını ya da denetimleri kimler engellediyse DDK üstüne kararlı giderse bunların hepsi ortaya çıkarılabilir. Yetki SPK’da kullanılmadıysa da yönetimi istifa etmeli.” 31 yıldır emeğin sesi olan Evrensel, gücünü sadece okurlarından alıyor. Emeğin sesinin daha gür çıkması için sen de güç ver. Fotoğraf:&nbsp;Udo Harms/Nikon Komik Vahşi Yaşam Ödülleri Fotoğraf: Nevroz Uysal kişisel arşivi Elif Ekin Saltık ekinsaltik@gmail.com Önemli haberlerden ve gelişmelerden haberdar olmak ister misiniz?","Eski MASAK Başkan Yardımcısı Ramazan Başak: Fon krizinin faturasını 86 milyon ödeyecek Eski MASAK Başkan Yardımcısı Ramazan Başak: Fon krizinin faturasını 86 milyon ödeyecek Evrensel.net Eski MASAK Başkan Yardımcısı Dr. Ramazan Başak, fon vurgununa ilişkin ""Bunun faturasını 86 milyon kişi ödeyecek"" dedi. 05.10.2026 11:54 Şırnak Beytüşşebap'ta taşkın ve heyelan riski Meclis gündeminde: 5 aydır kalıcı adım atılmadı Dem Parti Milletvekili Nevroz Uysal Aslan, Beytüşşebap'taki sel felaketinin üzerinden 5 ay geçmesine rağmen kalıcı önlem alınmadığını belirterek konuyu Meclis'e taşıdı. Fotoğraf: Nevroz Uysal kişisel arşivi Elif Ekin Saltık ekinsaltik@gmail.com İçerik yükleniyor... Evrensel'i, Google'da tercih edilen kaynak olarak ekleyin Eski MASAK Başkan Yardımcısı Dr. Ramazan Başak Somurtkan bir baykuş, havada egzersiz yapan bir ayı, dev bir lokmayı yutmaya çalışan bir sincap... 2026 Nikon Komik Vahşi Yaşam Fotoğrafları Ödülleri’nin finalistleri doğadan birbirinden ilginç anları bir araya getiriyor. Fotoğraf:&nbsp;Udo Harms/Nikon Komik Vahşi Yaşam Ödülleri Dem Parti Milletvekili Nevroz Uysal Aslan, Beytüşşebap'taki sel felaketinin üzerinden 5 ay geçmesine rağmen kalıcı önlem alınmadığını belirterek konuyu Meclis'e taşıdı. Fotoğraf: Nevroz Uysal kişisel arşivi Mersin'de yürütülen soruşturma kapsamında TBB ve Mersin Büyükşehir Belediye Başkanı Vahap Seçer ile iki belediye başkanının da aralarında bulunduğu 59 kişi adliyeye sevk edildi. Adliye önünde toplanan yurttaşlar, Seçer'e destek verdi. Fotoğraf: ANKA İstanbul'da sabah saatlerinde ana arterler, köprü bağlantıları ve toplu taşıma duraklarında yoğunluk yaşandı. İBB verilerine göre kent genelindeki trafik yoğunluğu yüzde 69'a çıkarken, Anadolu Yakası'nda bu oran yüzde 85'e ulaştı. Fotoğraf: AA Diyarbakır’ın Bismil ilçesinde fırtınada zarar gören sacı onarırken elektrik akımına kapılan kaynak ustası Mustafa Akdaşlı yaşamını yitirdi. Akdaşlı’nın yanında bulunan iki çırağı ise ağır yaralandı. Fotoğraf: MA İzmir Varto Ekoloji Platformu, Varto ve çevresinde planlanan JES projesine karşı açılan davada 8 Ekim’de yapılacak bilirkişi incelemesi öncesi, su kaynakları ile tarım ve mera alanlarının korunması çağrısı yaptı. (Politika Servisi) İçerik yükleniyor... (Evrensel) Eski MASAK Başkan Yardımcısı Ramazan Başak: Fon krizinin faturasını 86 milyon ödeyecek Eski MASAK Başkan Yardımcısı Dr. Şırnak Beytüşşebap'ta taşkın ve heyelan riski Meclis gündeminde: 5 aydır kalıcı adım atılmadı Dem Parti Milletvekili Nevroz Uysal Aslan, Beytüşşebap'taki sel felaketinin üzerinden 5 ay geçmesine rağmen kalıcı önlem alınmadığını belirterek konuyu Meclis'e taşıdı. Vahap Seçer'e adliye önünde yurttaşlardan destek: Mersin burada, başkanının yanında Mersin'de yürütülen soruşturma kapsamında TBB ve Mersin Büyükşehir Belediye Başkanı Vahap Seçer ile iki belediye başkanının da aralarında bulunduğu 59 kişi adliyeye sevk edildi. İstanbul'da trafik yoğunluğu arttı: Köprü ve ana arterlerde araçlar ağır ilerliyor İstanbul'da sabah saatlerinde ana arterler, köprü bağlantıları ve toplu taşıma duraklarında yoğunluk yaşandı. Diyarbakır’da iş cinayeti: Elektrik akımına kapılan kaynak ustası yaşamını yitirdi Diyarbakır’ın Bismil ilçesinde fırtınada zarar gören sacı onarırken elektrik akımına kapılan kaynak ustası Mustafa Akdaşlı yaşamını yitirdi. İzmir Varto Ekoloji Platformu: Toprağımıza suyumuza ve geleceğimize sahip çıkıyoruz İzmir Varto Ekoloji Platformu, Varto ve çevresinde planlanan JES projesine karşı açılan davada 8 Ekim’de yapılacak bilirkişi incelemesi öncesi, su kaynakları ile tarım ve mera alanlarının korunması çağrısı yaptı. Eski Mali Suçlar Araştırma Kurulu (MASAK) Başkan Yardımcısı Dr. Ramazan Başak, fon vurgununa dair değerlendirmelerde bulundu. Söz konusu vurgunun boyutunun ve mağdur sayısının kamuoyuna yansıtılandan çok daha büyük olduğunu belirten Başak, bürokrasi, yargı ve siyaset üçgeninde koruma görmeyen hiçbir yapının bu ölçekte bir organizasyonu gerçekleştiremeyeceğini vurguladı. Nefes gazetesine konuşan Başak, resmi kayıtlarda 456 bin mağdurdan söz edilmesine karşın tablonun çok daha ağır olduğunu ifade etti. Başak, “Hisse senetlerine ve bireysel emeklilik fonlarına yatırım yapanlar da dahil olmak üzere en az 2 milyon mağdur var. Bu sayı aileleriyle en az 5 milyon kişiye denk geliyor. Krizin kamunun ağır ihmaliyle büyüdüğünü kaydeden Başak, dalga dalga yayılacak tahribatın faturasını 86 milyon yurttaşın ödeyeceğine dikkat çekti. Krizin aylar öncesinden bilindiğini ve otoritenin gözleri önünde adım adım örüldüğünü savunan Başak, sürecin aydınlatılması için 2021 yılına bakılması gerektiğini söyledi: “2021’de Kasım Garipoğlu’nun Türkiye’de SPK lisansı olmadan faaliyet gösteren GKFX isimli bir şirketi var. Lisansı olmamasına rağmen faaliyetlerine devam edebilmiş. Şirketi ABD ve Rus makamları kara para aklayan şirket olarak tanımlıyor. Garipoğlu gidip yöneticileriyle ilgili ‘30 milyon dolarımı çaldı’ diye şikâyette bulunuyor. Tera Yatırım, Azko ve Venbey gibi şirketlerle GKFX arasında çanta ve valizlerle gerçekleştirilen yaklaşık 350 milyon dolarlık para trafiği ortaya çıkıyor. Burada inceleme ilerletilmiş olsaydı Tera, fon krizinin baş aktörü olmazdı.” O dönemde gerekli adımları atılmaması nedeniyle çarkın büyüdüğünü belirten Başak, söz konusu paraların fonlar üzerinden sisteme sokulduğunu öne sürdü: “524 katlık değerin yaratıldığı, bir anlamda orada kara para aklandığını düşünüyorum. 2021’deki soruşturma gerçekten yapılsaydı Tera 2022’de halka arz izni alamazdı. Muhtemelen 2021’deki kara paraları buraya soktular. Borsa kazancı gibi legalleştirdiler.” Fonlardaki şaibeli işlemleri tespit ettikten sonra resmi mercileri harekete geçirmeye çalıştığını açıklayan Başak, “Ben fonlardaki şaibeler ve dolandırıcılık işlemlerini gördüğüm için Temmuz 2025’te CİMER’e, MASAK’a başvurdum. Ama ben Kasım 2025’te Emre Tezmen’in şikâyetiyle gözaltına alındım. Hisselerdeki fahiş artışların dönemin SPK Başkanı İbrahim Gönül tarafından ‘halkın teveccühü’ olarak nitelendirilmesine de tepki gösteren Başak, “Ne demek teveccüh? Bu hisse sahipleri aşı mı buldular, fabrika mı kurdular, bir buluşa mı imza attılar? Bunlar bugün kapıya kilit vursa bir masadan, bir sandalyeden başka bir şey bulamazsanız” diye konuştu. Çözümün kamu kaynaklarında değil, haksız kazanç sağlayan odaklarda aranması gerektiğinin altını çizen Başak, mağduriyetlerin giderilmesine ilişkin şu formülü sundu: “Fonzedelerin parasını Hazine’ye başvurmadan, kim çaldıysa onlardan alacaksınız. Şebeke bir araya gelmeden bu işlemlerin olması çok zordur. Şirket sahipleri ya da bu hisselerden fahiş kazançları sağlayanlar kim, bunlar hemen tespit edilir. Buradan zenginleşenlerin parası alınıp kaybedenlere dağıtılabilir.” Yaşanan tahribatta birincil sorumluluğun denetim makamlarında olduğunu belirten Başak, denetimi engelleyen siyasi ve idari engellerin üzerine Devlet Denetleme Kurulu (DDK) aracılığıyla gidilmesi gerektiğini kaydetti. Başak, açıklamasını şu sözlerle noktaladı: “Burada en geniş yetkilerle sorumlu olan kurum açık ara SPK. Sonra BDDK, MASAK geliyor. Burada SPK’nın da görevini yapmasına izin verilmemiş olabilir. Emeğin sesinin daha gür çıkması için sen de güç ver.",browser_full_article,https://www.evrensel.net/haber/6003518/eski-masak-baskan-yardimcisi-ramazan-basak-fon-krizinin-faturasini-86-milyon-odeyecek,Diyarbakır | İstanbul | Mersin | Şırnak,Bismil | Beytüşşebap,,,,,,firma yok | faaliyet/tesis yok,,,,maps araması yapılmadı,,,126.75,54
2026-10-05 11:13:08,MASAK raporu,Kara Para / MASAK / Bahis,Süper Lig hakemi Yasin Kol hakkında şok MASAK raporu: 135 milyon liralık dev hacim,Süper Lig hakemi Yasin Kol hakkında şok MASAK raporu: 135 milyon liralık dev hacim Yeni Birlik,https://news.google.com/rss/articles/CBMiwwFBVV95cUxQQjl4TE1yWlJRdURKSl9LcmszTkhURmN1dTJzOW1sNWVzTk1tOVVjU1R6M1c0elhHNHBEbXkxdHY1eDBZZ1I4NUFjNGE5SjBMTFhrZnhma3BBS2s3M1c4QnBLcTZqd1lhMlhQZTNnOWFGTlNwOW44ZHFVYUZTaUYzdjZRb0hUd2F5MWYzLUpXcTh2V1RDM25EWnpiaUJsVWFFUzk1Q1VuN3plTUItNmZGTnZaTUgtbTVOb2hxYjJQSDJ6eDA?oc=5,masak,,Süper Lig hakemi Yasin Kol hakkında şok MASAK raporu: 135 milyon liralık dev hacim Yeni Birlik,Süper Lig hakemi Yasin Kol hakkında şok MASAK raporu: 135 milyon liralık dev hacim Süper Lig hakemi Yasin Kol hakkında şok MASAK raporu: 135 milyon liralık dev hacim Yeni Birlik Süper Lig hakemi Yasin Kol hakkında şok MASAK raporu: 135 milyon liralık dev hacim Yeni Birlik,browser_failed,https://news.google.com/rss/articles/CBMiwwFBVV95cUxQQjl4TE1yWlJRdURKSl9LcmszTkhURmN1dTJzOW1sNWVzTk1tOVVjU1R6M1c0elhHNHBEbXkxdHY1eDBZZ1I4NUFjNGE5SjBMTFhrZnhma3BBS2s3M1c4QnBLcTZqd1lhMlhQZTNnOWFGTlNwOW44ZHFVYUZTaUYzdjZRb0hUd2F5MWYzLUpXcTh2V1RDM25EWnpiaUJsVWFFUzk1Q1VuN3plTUItNmZGTnZaTUgtbTVOb2hxYjJQSDJ6eDA?oc=5&hl=tr&gl=TR&ceid=TR:tr,,,,,,,,il yok | ilçe yok | firma yok | faaliyet/tesis yok,,,,maps araması yapılmadı,,,81.44,55
2026-10-05 10:08:48,MASAK,Kara Para / MASAK / Bahis,Şok soruşturmada MASAK raporu patladı! Yasin Kol’un hesabından milyonlar uçmuş!,Şok soruşturmada MASAK raporu patladı! Yasin Kol’un hesabından milyonlar uçmuş! Yeni Şafak,https://news.google.com/rss/articles/CBMivwFBVV95cUxQMEZxanJZOW4taEVtWlEyTUE2amViMndWSkNBM2tkNEYxRURpZFVHM25VY2FBNlp5ZHlpTmpsel85X1AwZlEyTFBidVNyZ3hDWHVaRm84dTJzUHBEdjFzNjY2ejFobl9jck1ZRXlFYW1LMUpNdzJZR0xwMmFIejg4THZFTER1TGppUnYwWDlQWU1EQTY4VWNDbWxwN2Rrc0pYMzczT3hlY3lvaU04ZW12cVpzaW1qYXltM0wzVllWSQ?oc=5,masak,,Şok soruşturmada MASAK raporu patladı! Yasin Kol’un hesabından milyonlar uçmuş! Yeni Şafak,Şok soruşturmada MASAK raporu patladı! Yasin Kol’un hesabından milyonlar uçmuş! Şok soruşturmada MASAK raporu patladı! Yasin Kol’un hesabından milyonlar uçmuş! Yeni Şafak Şok soruşturmada MASAK raporu patladı! Yasin Kol’un hesabından milyonlar uçmuş!,browser_failed,https://news.google.com/rss/articles/CBMivwFBVV95cUxQMEZxanJZOW4taEVtWlEyTUE2amViMndWSkNBM2tkNEYxRURpZFVHM25VY2FBNlp5ZHlpTmpsel85X1AwZlEyTFBidVNyZ3hDWHVaRm84dTJzUHBEdjFzNjY2ejFobl9jck1ZRXlFYW1LMUpNdzJZR0xwMmFIejg4THZFTER1TGppUnYwWDlQWU1EQTY4VWNDbWxwN2Rrc0pYMzczT3hlY3lvaU04ZW12cVpzaW1qYXltM0wzVllWSQ?oc=5&hl=tr&gl=TR&ceid=TR:tr,,,,,,,,il yok | ilçe yok | firma yok | faaliyet/tesis yok,,,,maps araması yapılmadı,,,78.9,56
2026-10-05 06:35:00,MASAK,Kara Para / MASAK / Bahis,MASAK’taki casusluk soruşturmasında dikkat çeken tespitler: “ADMIN” yetkisiyle sisteme erişim,MASAK’taki casusluk soruşturmasında dikkat çeken tespitler: “ADMIN” yetkisiyle sisteme erişim T24,https://news.google.com/rss/articles/CBMiwAFBVV95cUxQMEJVNm1NZXVqQktUdm10dHMtakFmakhxTUQ1eU1HR1hhYk5JMkFPOGJsSktnd3FHZ1V5dE8zSndRdmNPTkJBeHdRams4STZiaHhTM2xaZXhBT3RneFNNajhjVXpPc1o3WDJhVTdVRlBNTTFzTmt3NEVoM3VQTUpmcHdyUDJRMzV6Tm95STlVNDdNbWNOTzQySzBOUEdEVER0cFlFc1J1THdjb2d0aWtKQlhPemxoZl91blVjYTlKZDY?oc=5,masak,,MASAK’taki casusluk soruşturmasında dikkat çeken tespitler: “ADMIN” yetkisiyle sisteme erişim T24,MASAK’taki casusluk soruşturmasında dikkat çeken tespitler: “ADMIN” yetkisiyle sisteme erişim MASAK’taki casusluk soruşturmasında dikkat çeken tespitler: “ADMIN” yetkisiyle sisteme erişim T24 MASAK’taki casusluk soruşturmasında dikkat çeken tespitler: “ADMIN” yetkisiyle sisteme erişim T24,browser_failed,https://news.google.com/rss/articles/CBMiwAFBVV95cUxQMEJVNm1NZXVqQktUdm10dHMtakFmakhxTUQ1eU1HR1hhYk5JMkFPOGJsSktnd3FHZ1V5dE8zSndRdmNPTkJBeHdRams4STZiaHhTM2xaZXhBT3RneFNNajhjVXpPc1o3WDJhVTdVRlBNTTFzTmt3NEVoM3VQTUpmcHdyUDJRMzV6Tm95STlVNDdNbWNOTzQySzBOUEdEVER0cFlFc1J1THdjb2d0aWtKQlhPemxoZl91blVjYTlKZDY?oc=5&hl=tr&gl=TR&ceid=TR:tr,,,,,,,,il yok | ilçe yok | firma yok | faaliyet/tesis yok,,,,maps araması yapılmadı,,,87.72,57
2026-10-05 09:44:10,MASAK,Kara Para / MASAK / Bahis,"Hakemler dosyasında MASAK’tan çarpıcı para trafiği: Yasin Kol’un hesaplarından 72,1 milyon TL çıktı","Hakemler dosyasında MASAK’tan çarpıcı para trafiği: Yasin Kol’un hesaplarından 72,1 milyon TL çıktı Sözcü",https://news.google.com/rss/articles/CBMiywFBVV95cUxQVXVpeFk4NGtBRlJ3Mks4cFVBNHRXS3Vtb2RSd0U0RFplb25SY1AwS3pWZ3lVUGZSZjRhWUs4UjB5OHJFVFlhRmVWSkFWSlVMd2ZoaXdIajBHajktUjQwRllxYm1yOVJOWHEyLTUxWGQ3Z0EtSlRwTE9TQUp5azJ4emxyYmY2MUZrcGJXcjdqZGdHZ0YxNThwckloMDZna3VTWjdoN2NzNVpXVGh3cnpYY0JtN3dSRmtqQTlocFlYV25fdlZtTUVzcVo2OA?oc=5,masak,,"“Hakemler Dosyası” soruşturmasında MASAK kayıtları ve ele geçirilen dijital materyallerin incelenmesi sonrası hakem Yasin Kol ile yardımcı hakem Göktuğ Hazar Erel gözaltına alındı. MASAK incelemesinde Kol’un 2012-2026 yılları arasında hesaplarından 72 milyon 100 bin TL çıkış, hesaplarına ise 62 “Hakemler Dosyası” soruşturmasında MASAK kayıtları ve ele geçirilen dijital materyallerin incelenmesi sonrası hakem Yasin Kol ile yardımcı hakem Göktuğ Hazar Erel gözaltına alındı. MASAK incelemesinde Kol’un 2012-2026 yılları arasında hesaplarından 72 milyon 100 bin TL çıkış, hesaplarına ise 62 “Hakemler Dosyası” soruşturmasında MASAK kayıtları ve ele geçirilen dijital materyallerin incelenmesi sonrası hakem Yasin Kol ile yardımcı hakem Göktuğ Hazar Erel gözaltına alındı. MASAK incelemesinde Kol’un 2012-2026 yılları arasında hesaplarından 72 milyon 100 bin TL çıkış, hesaplarına ise 62 DOLAR 49,34 0,09 (%0,18) EURO 55,32 -0,07 (%-0,13) Haber Merkezi Facebook ile","Hakemler dosyasında MASAK’tan çarpıcı para trafiği: Yasin Kol’un hesaplarından 72,1 milyon TL çıktı Hakemler dosyasında MASAK’tan çarpıcı para trafiği: Yasin Kol’un hesaplarından 72,1 milyon TL çıktı Sözcü “Hakemler Dosyası” soruşturmasında MASAK kayıtları ve ele geçirilen dijital materyallerin incelenmesi sonrası hakem Yasin Kol ile yardımcı hakem Göktuğ Hazar Erel gözaltına alındı. MASAK incelemesinde Kol’un 2012-2026 yılları arasında hesaplarından 72 milyon 100 bin TL çıkış, hesaplarına ise 62 “Hakemler Dosyası” soruşturmasında MASAK kayıtları ve ele geçirilen dijital materyallerin incelenmesi sonrası hakem Yasin Kol ile yardımcı hakem Göktuğ Hazar Erel gözaltına alındı. MASAK incelemesinde Kol’un 2012-2026 yılları arasında hesaplarından 72 milyon 100 bin TL çıkış, hesaplarına ise 62 DOLAR 49,34 0,09 (%0,18) EURO 55,32 -0,07 (%-0,13) Haber Merkezi Facebook ile",browser_full_article,https://www.sozcu.com.tr/hakemler-dosyasinda-masak-tan-carpici-para-trafigi-yasin-kol-un-hesaplarindan-72-1-milyon-tl-cikti-p366301,,,,,,,,il yok | ilçe yok | firma yok | faaliyet/tesis yok,,,,maps araması yapılmadı,,,101.4,58
2026-10-05 13:35:00,MASAK,Kara Para / MASAK / Bahis,YASİN KOL MASAK RAPORU ORTAYA ÇIKTI! Hesaplarında ne kadar para hareketi var? İşte MHK soruşturmasındaki dikkat çeken detaylar,YASİN KOL MASAK RAPORU ORTAYA ÇIKTI! Hesaplarında ne kadar para hareketi var? İşte MHK soruşturmasındaki dikkat çeken detaylar Gazete Vatan,https://news.google.com/rss/articles/CBMi-wFBVV95cUxPUVQxVkpDOURlV0FRMURQQzNzMDhWUXEzNnVRSUkyNzhXUFl0ZGZPU202OEFTWnU4WWxhVEM0NUNTclF4UVl0Z2E2X3ZsNV9PZVR2VGpqcUlWdFoxYlhTdlZiR0Q1RWhYaVZWWjRkZVBOeXZGcmZSdzB6eUlrTnJUWU5DNlNWa0FEZ1RUaTNHM2F5YTZTSVVHS3FKaFdYb2xrZmkwS3VXSUZvdk9saC01ci0yd3RDOHNXREd2RzFyX1Rzb1FLNVEtRWpJbTJTcEstQktXMUVyZS1PeXB6Zk0zT1hTNWlRNy1zSWxiLWV5a05hODFBSk1sdmlMWQ?oc=5,masak,,YASİN KOL MASAK RAPORU ORTAYA ÇIKTI! Hesaplarında ne kadar para hareketi var? İşte MHK soruşturmasındaki dikkat çeken detaylar Gazete Vatan,YASİN KOL MASAK RAPORU ORTAYA ÇIKTI! Hesaplarında ne kadar para hareketi var? İşte MHK soruşturmasındaki dikkat çeken detaylar YASİN KOL MASAK RAPORU ORTAYA ÇIKTI! Hesaplarında ne kadar para hareketi var? İşte MHK soruşturmasındaki dikkat çeken detaylar Gazete Vatan YASİN KOL MASAK RAPORU ORTAYA ÇIKTI! Hesaplarında ne kadar para hareketi var? İşte MHK soruşturmasındaki dikkat çeken detaylar Gazete Vatan,browser_failed,https://news.google.com/rss/articles/CBMi-wFBVV95cUxPUVQxVkpDOURlV0FRMURQQzNzMDhWUXEzNnVRSUkyNzhXUFl0ZGZPU202OEFTWnU4WWxhVEM0NUNTclF4UVl0Z2E2X3ZsNV9PZVR2VGpqcUlWdFoxYlhTdlZiR0Q1RWhYaVZWWjRkZVBOeXZGcmZSdzB6eUlrTnJUWU5DNlNWa0FEZ1RUaTNHM2F5YTZTSVVHS3FKaFdYb2xrZmkwS3VXSUZvdk9saC01ci0yd3RDOHNXREd2RzFyX1Rzb1FLNVEtRWpJbTJTcEstQktXMUVyZS1PeXB6Zk0zT1hTNWlRNy1zSWxiLWV5a05hODFBSk1sdmlMWQ?oc=5&hl=tr&gl=TR&ceid=TR:tr,,,,,,,,il yok | ilçe yok | firma yok | faaliyet/tesis yok,,,,maps araması yapılmadı,,,115.14,59
2026-10-05 04:56:22,MASAK,Kara Para / MASAK / Bahis,MASAK'ta FETÖ vurgunu... 210 milyonluk finansman... 2016-2019 arasın karanlık dönem,MASAK'ta FETÖ vurgunu... 210 milyonluk finansman... 2016-2019 arasın karanlık dönem Odatv,https://news.google.com/rss/articles/CBMitgFBVV95cUxPbXZZTHFxUWlvRzQ1N2Q5dUc5ZHU2bkRoZk43M1lFU2RSNGd0ajhrQ2YzZW55Q0JONUxhdHZOc1VIemZBZnY2VzctRHBYYzlZY3ZhbVh1WWxGZGxGd0Q1VVdCV3VYckFFYWVoVEVYSkR3dURRc0ZpMmU5S01rNEJCd002SmNSM0RUbzNrTktlRk0xU1pLb2kyM2Q3VXVWQmpKTVFfRGU3N3VLZjFOR1hpMTZWYUpWdw?oc=5,masak,,"MASAK'taki casusluk soruşturmasında eski Başkan Yardımcısı İnönü Akgün Alp ile 2 çalışan tutuklandı. 2016'da kritik güvenlik mekanizmasının kaldırılarak Cumhurbaşkanı ve üst düzey yetkililerin usulsüz sorgulandığı, FETÖ bağlantılı şirketlere 210 milyon liralık finansman sağlandığı tespit edildi.","MASAK'ta FETÖ vurgunu... 210 milyonluk finansman... 2016-2019 arasın karanlık dönem MASAK'ta FETÖ vurgunu... 210 milyonluk finansman... 2016-2019 arasın karanlık dönem Odatv MASAK'taki casusluk soruşturmasında eski Başkan Yardımcısı İnönü Akgün Alp ile 2 çalışan tutuklandı. 2016'da kritik güvenlik mekanizmasının kaldırılarak Cumhurbaşkanı ve üst düzey yetkililerin usulsüz sorgulandığı, FETÖ bağlantılı şirketlere 210 milyon liralık finansman sağlandığı tespit edildi.",browser_full_article,https://www.odatv.com/guncel/masakta-feto-vurgunu-210-milyonluk-finansman-2016-2019-arasin-karanlik-donem-120165240,,,,,,,,il yok | ilçe yok | firma yok | faaliyet/tesis yok,,,,maps araması yapılmadı,,,82.71,60
2026-10-07 06:05:48,MASAK,Kara Para / MASAK / Bahis,MASAK'tan yönetmelik değişikliği: Kimlik tespitinde parasal sınırlar yükseltildi,MASAK'tan yönetmelik değişikliği: Kimlik tespitinde parasal sınırlar yükseltildi İstanbul Ticaret Gazetesi,https://news.google.com/rss/articles/CBMitAFBVV95cUxNV0VIa1RRaEctd0JCUl9VdVQyUmtGWHl6aDVqa3V3aURLS0NaaExxSEh0eEx5Si03U0tBYWswMXhrMld3SEFxaTRvQXZRVWFmclZWcXJTRFozV1ZiREhpOXQyZG1OUGNtZ3J3T2Q1ZUQ3U1Q2dEVqNXBKX3BVQl96U05DODdZT1NUNUFIN0tJVXBUM3FubElwVHdZQjRTajlwdXVQNGFVM1NmdEREQmNHYmdaM2c?oc=5,"masak, ticaret",,MASAK'tan yönetmelik değişikliği: Kimlik tespitinde parasal sınırlar yükseltildi İstanbul Ticaret Gazetesi,MASAK'tan yönetmelik değişikliği: Kimlik tespitinde parasal sınırlar yükseltildi MASAK'tan yönetmelik değişikliği: Kimlik tespitinde parasal sınırlar yükseltildi İstanbul Ticaret Gazetesi MASAK'tan yönetmelik değişikliği: Kimlik tespitinde parasal sınırlar yükseltildi İstanbul Ticaret Gazetesi,browser_failed,https://news.google.com/rss/articles/CBMitAFBVV95cUxNV0VIa1RRaEctd0JCUl9VdVQyUmtGWHl6aDVqa3V3aURLS0NaaExxSEh0eEx5Si03U0tBYWswMXhrMld3SEFxaTRvQXZRVWFmclZWcXJTRFozV1ZiREhpOXQyZG1OUGNtZ3J3T2Q1ZUQ3U1Q2dEVqNXBKX3BVQl96U05DODdZT1NUNUFIN0tJVXBUM3FubElwVHdZQjRTajlwdXVQNGFVM1NmdEREQmNHYmdaM2c?oc=5&hl=tr&gl=TR&ceid=TR:tr,,,,,,İstanbul Ticaret,İstanbul Ticaret:161:body+summary,il yok | ilçe yok | faaliyet/tesis yok,İstanbul Ticaret Türkiye,İstanbul Ticaret Üniversitesi | İstanbul Ticaret Merkezi | İstanbul Ticaret İl Müdürlüğü | İstanbul Ticaret İş Güvenliği ve Endüstriyel Ürünler San. A.Ş | İstanbul Ticaret Üniversitesi Küçükyalı Kampüsü,İstanbul Ticaret Üniversitesi,firma adı + güvenli maps adayı var,100.0 | 100.0 | 100.0 | 100.0 | 100.0,,189.56,61
2026-10-05 04:46:47,MASAK,Kara Para / MASAK / Bahis,Eski MASAK Başkan Yardımcısı'ndan fon skandalı açıklaması: En az 2 milyon mağdur var,Eski MASAK Başkan Yardımcısı'ndan fon skandalı açıklaması: En az 2 milyon mağdur var Notbir,https://news.google.com/rss/articles/CBMiswFBVV95cUxPMWFVeEhZZmtXZmtGS0hscC0tVXJLcWQtS01vRDBYZGI1dDM4LU93RHBaVEVIVVVVNzczLWRnT2VBcmkxcHNwdlNKWFdTandNb0YyQjYzRm5LU2x3cjM3NDVxVkozM0l5YnhVWkNmZzlGbjN3ZHZ2TklHTWdTVlJqZlNkQXR1NjVUckozQ2NST0tQYm15TGlDTmk4ak5BS2pGcjQ3ZEhTMzlUVWpIQXh1OWl3bw?oc=5,masak,,Eski MASAK Başkan Yardımcısı'ndan fon skandalı açıklaması: En az 2 milyon mağdur var Notbir,Eski MASAK Başkan Yardımcısı'ndan fon skandalı açıklaması: En az 2 milyon mağdur var Eski MASAK Başkan Yardımcısı'ndan fon skandalı açıklaması: En az 2 milyon mağdur var Notbir Eski MASAK Başkan Yardımcısı'ndan fon skandalı açıklaması: En az 2 milyon mağdur var Notbir,browser_failed,https://news.google.com/rss/articles/CBMiswFBVV95cUxPMWFVeEhZZmtXZmtGS0hscC0tVXJLcWQtS01vRDBYZGI1dDM4LU93RHBaVEVIVVVVNzczLWRnT2VBcmkxcHNwdlNKWFdTandNb0YyQjYzRm5LU2x3cjM3NDVxVkozM0l5YnhVWkNmZzlGbjN3ZHZ2TklHTWdTVlJqZlNkQXR1NjVUckozQ2NST0tQYm15TGlDTmk4ak5BS2pGcjQ3ZEhTMzlUVWpIQXh1OWl3bw?oc=5&hl=tr&gl=TR&ceid=TR:tr,,,,,,,,il yok | ilçe yok | firma yok | faaliyet/tesis yok,,,,maps araması yapılmadı,,,81.66,62
2026-10-07 12:55:00,MASAK,Kara Para / MASAK / Bahis,MASAK'tan Yeni Düzenleme: Kimlik Tespiti ve Para Transferi Limitleri Değişti,MASAK'tan Yeni Düzenleme: Kimlik Tespiti ve Para Transferi Limitleri Değişti Yeni Alanya,https://news.google.com/rss/articles/CBMiowFBVV95cUxPUkFtY2hRMG9TZVdLeUY5MEJfYUVhU3RjclVhZGllY2E1NEhnc0RBUS1INkJqMFNXUFBDenJUVTAtRDhzR1pCRHl6ZG1CamI3d21TRnZWZFl0WWxmcUhkQXBXLVVaTXdBanloVnBITklTNVJXc1RXYWJIaFU0X0ZWcEpDNFZzRDRhOXRYRE1oR1FVTGczM2tZdGROZHZtWl9tRDdv?oc=5,"masak, para transferi",,"MASAK tarafından hazırlanan yeni düzenlemeyle finansal işlemlerde uygulanan parasal sınırlar artırıldı. Kimlik bilgilerinin alınmasını gerektiren işlem tutarı 185 bin liradan 370 bin liraya yükselirken, EFT ve kripto varlık transferlerindeki sınır da 30 bin lira oldu. MASAK tarafından hazırlanan yeni düzenlemeyle finansal işlemlerde uygulanan parasal sınırlar artırıldı. Kimlik bilgilerinin alınmasını gerektiren işlem tutarı 185 bin liradan 370 bin liraya yükselirken, EFT ve kripto varlık transferlerindeki sınır da 30 bin lira oldu. MASAK tarafından hazırlanan yeni düzenlemeyle finansal işlemlerde uygulanan parasal sınırlar artırıldı. Kimlik bilgilerinin alınmasını gerektiren işlem tutarı 185 bin liradan 370 bin liraya yükselirken, EFT ve kripto varlık transferlerindeki sınır da 30 bin lira oldu. MASAK'tan Yeni Düzenleme: Kimlik Tespiti ve Para Transferi Limitleri Değişti MASAK tarafından hazırlanan yeni düzenlemeyle finansal işlemlerde uygulanan parasal sınırlar artırıldı. Kimlik bilgilerinin alınmasını gerektiren işlem tutarı 185 bin liradan 370 bin liraya yükselirken, EFT ve kripto varlık transferlerindeki sınır da 30 bin lira oldu. 07.10.2026 - 15:55 Yayınlanma Paylaş Linkedin Pinterest Telegram Yazdır Kopyala A - A + Paylaş Linkedin Pinterest Telegram Yazdır Kopyala A - A + Hazine ve Maliye Bakanlığı Mali Suçları Araştırma Kurulu (MASAK), finansal işlemlerde müşterinin tanınması ve kimlik tespitine ilişkin uygulanan parasal sınırları yeniden belirledi. ""Suç Gelirlerinin Aklanmasının ve Terörün Finansmanının Önlenmesine Dair Tedbirler Hakkında Yönetmelikte Değişiklik Yapılmasına Dair Yönetmelik"", Resmi Gazete'de yayımlanarak yürürlüğe girdi. ABD'de maliyetlere karşı vergisiz kırmızı dizel adımı İçeriği Görüntüle Düzenleme kapsamında, müşterinin tanınması yükümlülüğünde uygulanan ve son olarak 14 Ocak 2023'te belirlenen parasal eşikler güncellendi. KİMLİK TESPİTİ SINIRI 370 BİN TL OLDU Yeni düzenlemeyle müşteriden kimlik bilgilerinin alınmasını gerektiren işlem tutarı 185 bin liradan 370 bin liraya çıkarıldı. Elektronik fon transferleri (EFT) ile kripto varlık transferlerinde uygulanan parasal sınır ise 15 bin liradan 30 bin liraya yükseltildi. İMZA ÖRNEĞİ ZORUNLULUĞUNDA DEĞİŞİKLİK Yönetmelikle birlikte daha önce kimlik tespiti yapılmış müşterilerin sonraki işlemlerine ilişkin uygulamada da değişikliğe gidildi. Müşterinin kimliğinin internet bankacılığı, mobil bankacılık veya benzeri güvenli doğrulama yöntemleriyle teyit edilebildiği işlemlerde ayrıca imza örneği alınması zorunluluğu kaldırıldı. Yeni düzenleme Resmi Gazete'de yayımlanmasıyla birlikte yürürlüğe girdi. Kaynak: HABER MERKEZİ Editörün Seçtiği Dolar 49, Euro 55 Liranın Üzerinde Editörün Seçtiği İslam Memiş’ten altın ve gümüş için kritik değerlendirme Editörün Seçtiği Ege Denizi’nde deprem: Sabah saatlerinde peş peşe sarsıntılar Bunlar da ilg","MASAK'tan Yeni Düzenleme: Kimlik Tespiti ve Para Transferi Limitleri Değişti MASAK'tan Yeni Düzenleme: Kimlik Tespiti ve Para Transferi Limitleri Değişti Yeni Alanya MASAK tarafından hazırlanan yeni düzenlemeyle finansal işlemlerde uygulanan parasal sınırlar artırıldı. Kimlik bilgilerinin alınmasını gerektiren işlem tutarı 185 bin liradan 370 bin liraya yükselirken, EFT ve kripto varlık transferlerindeki sınır da 30 bin lira oldu. MASAK'tan Yeni Düzenleme: Kimlik Tespiti ve Para Transferi Limitleri Değişti MASAK tarafından hazırlanan yeni düzenlemeyle finansal işlemlerde uygulanan parasal sınırlar artırıldı. 07.10.2026 - 15:55 Yayınlanma",browser_full_article,https://www.yenialanya.com/masaktan-yeni-duzenleme-kimlik-tespiti-ve-para-transferi-limitleri-degisti,,,,,,,,il yok | ilçe yok | firma yok | faaliyet/tesis yok,,,,maps araması yapılmadı,,,91.0,63
2026-10-04 08:03:00,MASAK,Kara Para / MASAK / Bahis,Fon vurgununda açıklanan zarar devede kulak! Eski MASAK yetkilisi skandalın boyutunu tek tek açıkladı,Fon vurgununda açıklanan zarar devede kulak! Eski MASAK yetkilisi skandalın boyutunu tek tek açıkladı Halk TV,https://news.google.com/rss/articles/CBMi1gFBVV95cUxNU1FhM2c4MmhCUVZVSVlETmlRaXc0c2IxOHJDaEhVZVlyMkpXZnFXNjdnTU0tMDZSaFMtLWlTWDhmQXRTVTc2cHg2dWdmbW1JNjQ4MWFtTGhlTXp0NGhQNE5IQ2YzVzBNTlB4a3pDZnM0SU5zb0xfUnVmVDhWcV9pckhfdk5UcVVfTC1kTnlndVFWTlZzMWpRLWVUXzNKZkZ2SmlsOHpCVTNWOTY1VHd2NkIwRWFOQjh4bllsNkFUdE9Va3p4QlBSZ242aEpIY0E0M0x2cGR3?oc=5,masak,,"Eski Mali Suçları Araştırma Kurulu Başkan Yardımcısı Ramazan Başak fon vurgununun sanılandan çok daha geniş olduğunu belirtti. Başak, en az 2 milyon yatırımcının doğrudan, aileleriyle birlikte 5 milyon kişinin ise dolaylı olarak etkilendiğini söyledi Eski Mali Suçları Araştırma Kurulu Başkan Yardımcısı Ramazan Başak fon vurgununun sanılandan çok daha geniş olduğunu belirtti. Başak, en az 2 milyon yatırımcının doğrudan, aileleriyle birlikte 5 milyon kişinin ise dolaylı olarak etkilendiğini söyledi Eski Mali Suçları Araştırma Kurulu Başkan Yardımcısı Ramazan Başak fon vurgununun sanılandan çok daha geniş olduğunu belirtti. Başak, en az 2 milyon yatırımcının doğrudan, aileleriyle birlikte 5 milyon kişinin ise dolaylı olarak etkilendiğini söyledi","Fon vurgununda açıklanan zarar devede kulak! Eski MASAK yetkilisi skandalın boyutunu tek tek açıkladı Fon vurgununda açıklanan zarar devede kulak! Eski MASAK yetkilisi skandalın boyutunu tek tek açıkladı Halk TV Eski Mali Suçları Araştırma Kurulu Başkan Yardımcısı Ramazan Başak fon vurgununun sanılandan çok daha geniş olduğunu belirtti. Başak, en az 2 milyon yatırımcının doğrudan, aileleriyle birlikte 5 milyon kişinin ise dolaylı olarak etkilendiğini söyledi Eski Mali Suçları Araştırma Kurulu Başkan Yardımcısı Ramazan Başak fon vurgununun sanılandan çok daha geniş olduğunu belirtti. Başak, en az 2 milyon yatırımcının doğrudan, aileleriyle birlikte 5 milyon kişinin ise dolaylı olarak etkilendiğini söyledi",browser_full_article,https://halktv.com.tr/turkiye/fon-vurgununda-aciklanan-zarar-devede-kulak-eski-masak-yetkilisi-skandalin-boyutunu-tek-tek-acikladi-1059307h,,,,,,,,il yok | ilçe yok | firma yok | faaliyet/tesis yok,,,,maps araması yapılmadı,,,101.27,64
2026-10-05 06:30:00,MASAK,Kara Para / MASAK / Bahis,Eski MASAK Başkan Yardımcısı: 5 milyon fon mağduru var; temel ilke ana paranın verilmesi olmalı,Eski MASAK Başkan Yardımcısı: 5 milyon fon mağduru var; temel ilke ana paranın verilmesi olmalı Halk TV,https://news.google.com/rss/articles/CBMizAFBVV95cUxPYW5sZFNJaGpnRF9vME5JWWdBYWRGbWh5M0lJNGQ3UzhmWkxULVdxeFhEVHBVUVZSQXJCV1JmcG5zUHVjcU9UQzE0NENrWWMzTVloWDlNSEF3bXlBSV9CdEtzUm53QkhCd3JNRjk4WE9FRGYydVpyNVBqV1RvbFBCcTFXc1l6WDJoV3BTbVhkOTBVNmZCdlR0UmZDOExETlNkc1NiQktJM0ZEOXAxRkJud3h6RjJsQ1lxR1NFbU04SEM3bElValRLVTBwN0g?oc=5,masak,,"Eski MASAK Başkan Yardımcısı Ramazan Başak, fon skandalının yarattığı tahribatta dönüş olmadığını dile getirerek ""Temel ilke; kişilerin ana parasının verilmesi olmalı"" ifadelerini kullandı. Eski MASAK Başkan Yardımcısı Ramazan Başak, fon skandalının yarattığı tahribatta dönüş olmadığını dile getirerek ""Temel ilke; kişilerin ana parasının verilmesi olmalı"" ifadelerini kullandı. Eski MASAK Başkan Yardımcısı Ramazan Başak, fon skandalının yarattığı tahribatta dönüş olmadığını dile getirerek ""Temel ilke; kişilerin ana parasının verilmesi olmalı"" ifadelerini kullandı.","Eski MASAK Başkan Yardımcısı: 5 milyon fon mağduru var; temel ilke ana paranın verilmesi olmalı Eski MASAK Başkan Yardımcısı: 5 milyon fon mağduru var; temel ilke ana paranın verilmesi olmalı Halk TV Eski MASAK Başkan Yardımcısı Ramazan Başak, fon skandalının yarattığı tahribatta dönüş olmadığını dile getirerek ""Temel ilke; kişilerin ana parasının verilmesi olmalı"" ifadelerini kullandı.",browser_full_article,https://halktv.com.tr/ekonomi/eski-masak-baskan-yardimcisi-5-milyon-fon-magduru-var-temel-ilke-ana-paranin-verilmesi-olmali-1059441h,,,,,,,,il yok | ilçe yok | firma yok | faaliyet/tesis yok,,,,maps araması yapılmadı,,,94.94,65
2026-10-06 11:13:00,MASAK,Kara Para / MASAK / Bahis,MASAK incelemesi Bayraklı dosyasını genişletti,MASAK incelemesi Bayraklı dosyasını genişletti Haber Ekspres,https://news.google.com/rss/articles/CBMihAFBVV95cUxOMWlkQUhJbF9pVFhJZHF6TlJVSElVOFZwYXBmbzFRbjQwTHpMUmNodnRPZHRiOUZyNERTcUNWbzNwWWhrZDFPcGlMb2J1VUotN1c1REpDQVhUZy02N2NfMTdmN2dtbWFBTmY4aC1yNXY0ZEM1UjRBUm1ITWEtaDVHR0UtSVc?oc=5,masak,,"Bayraklı Belediyesi soruşturmasında MASAK incelemesine göre bazı BAYBEL ödemelerinin Yağız Sandal’ın hesabına aktarıldığı tespit edildi. Bayraklı Belediyesi soruşturmasında MASAK incelemesine göre bazı BAYBEL ödemelerinin Yağız Sandal’ın hesabına aktarıldığı tespit edildi. Bayraklı Belediyesi soruşturmasında MASAK incelemesine göre bazı BAYBEL ödemelerinin Yağız Sandal’ın hesabına aktarıldığı tespit edildi. GÜNCEL MASAK incelemesi Bayraklı dosyasını genişletti Bayraklı Belediyesi soruşturmasında MASAK incelemesine göre bazı BAYBEL ödemelerinin Yağız Sandal’ın hesabına aktarıldığı tespit edildi. 06.10.2026 - 14:13 Yayınlanma 3 Dk Okunma Süresi Paylaş Linkedin Pinterest Telegram Yazdır Kopyala A - A + Paylaş Linkedin Pinterest Telegram Yazdır Kopyala A - A + İzmir’de Bayraklı Belediyesi ve belediye iştiraki BAYBEL AŞ’ye yönelik soruşturma kapsamında 48 şüpheli hakkında gözaltı kararı verildi. İzmir Cumhuriyet Başsavcılığı koordinesinde yürütülen operasyonda 46 şüpheli gözaltına alınırken, 2 şüphelinin yakalanması için çalışmaların sürdüğü bildirildi. Soruşturma; “suç işlemek amacıyla örgüt kurmak”, “rüşvet” ve “ihaleye fesat karıştırmak” suçlamaları kapsamında yürütülüyor. Soruşturma dosyasında Sayıştay ve MASAK raporlarının yanı sıra teknik ve fiziki çalışmalar ile elde edilen bilgi ve belgelerin değerlendirildiği belirtildi. Mali incelemelerde 2023 ve 2024 yıllarındaki bazı iş ve işlemler nedeniyle 20 milyon 85 bin 188,5 lira kamu zararı oluştuğu yönünde tespit bulunduğu, ayrıca 4 milyon 625 bin 400 lira tutarında rüşvet niteliğinde para transferi yapıldığı yönünde bulgulara yer verildi. MASAK incelemesinde Sandal’ın oğlunun hesabı Soruşturmanın dikkat çeken başlıklarından biri para hareketlerine ilişkin MASAK incelemesi oldu. Soruşturma kapsamında BAYBEL AŞ tarafından bazı firmalara yapılan ödemelerin ardından paraların farklı hesaplara aktarıldığı yönünde tespitler bulunduğu bildirildi. MASAK hesap hareketleri üzerinden yapılan incelemelerde, bazı BAYBEL ödemelerinin daha sonra BAYBEL AŞ’nin eski Yönetim Kurulu Başkanı Berk Ulusal, kardeşi Halil Ulusal ve önceki dönem Bayraklı Belediye Başkanı Serdar Sandal’ın oğlu Yağız Sandal’ın hesaplarına aktarıldığının tespit edildiği kaydedildi. Bu aktarım tespitleri soruşturma makamlarının incelemelerinde yer alan bulgular olarak aktarılırken, dosyanın yargılama aşamasında olmadığı ve kişilerin hukuki durumlarının soruşturma sonucunda netleşeceği gözetiliyor. İhale ve doğrudan teminler inceleniyor Soruşturma kapsamında BAYBEL AŞ tarafından gerçekleştirilen bazı ihale ve doğrudan teminlerde teklif veren firmaların birbiriyle bağlantılı olduğu yönünde tespitler yapıldığı bildirildi. Bazı hizmetlerin kâğıt üzerinde yapılmış gibi gösterildiği veya eksik gerçekleştirildiği, tekliflerin çoğunlukla aynı firmalardan alındığı ve hakediş ödemelerinin ardından paraların firmalar arasında paylaştırıldığı yönünde bulguların bulunduğu aktarıldı. Sayıştay denetiminin ardından soruşturma genişletildi Soruşturmanın dayanakları arasında BAYBEL AŞ’ye yönelik Sayıştay denetimi de bulunuyor. Sayıştay Başkanlığının 3 Ocak 2025 tarihinde gerçekleştirdiği mali denetimde, BAYBEL AŞ’nin 2024 yılında yaptığı bazı ihale ve doğrudan temin işlemlerinde usulsüzlük yapıldığı ve kamu zararına neden olunduğu yönünde tespitler bulunduğu belirtildi. Bu tespitlerin İçişleri Bakanlığı Teftiş Kurulu tarafından hazırlanan rapor ile bilirkişi raporunda da değerlendirildiği ve soruşturmanın genişletildiği aktarıldı. 4,6 milyon liralık rüşvet iddiası Mali incelemelerde, 2023-2024 yıllarında usulsüz olduğu değerlendirilen iş ve işlemler nedeniyle 20 milyon 85 bin 188,5 lira kamu zararı oluştuğu yönünde tespit yapıldığı bildirildi. Ayrıca doğrudan temin alan bazı firma sahipleri tarafından Bayraklı Belediyesi personeline toplam 4 milyon 625 bin 400 lira rüşvet niteliğinde para gönderildiği yönünde bulgular bulunduğu açıklandı. Bu rakamlar soruşturma kapsamındaki mali incelemelerde tespit edilen tutarlar olup, henüz kesinleşmiş bir mahkeme kararı bulunmuyor. Serdar Sandal da gözaltında Operasyon kapsamında önceki dönem Bayraklı Belediye Başkanı Serdar Sandal da gözaltına alınan isimler arasında yer aldı. Sandal’ın oğlu Yağız Sandal’ın yanı sıra mevcut CHP Bayraklı İlçe Başkanı Didem Gültekin ve belediye ile BAYBEL AŞ’de görev yapan bazı isimler ile firma sahipleri ve yöneticileri hakkında da işlem yapıldı. Gözaltı kararlarının toplam 48 şüpheliyi kapsadığı, operasyonun ilk aşamasında 46 kişinin gözaltına alındığı ve 2 şüphelinin yakalanması için çalışmaların sürdüğü bildirildi. Soruşturmanın devam ettiği bildirildi İzmir Cumhuriyet Başsavcılığı tarafından yapılan açıklamada soruşturmanın Sayıştay ve MASAK raporları, teknik ve fiziki çalışmalar ile elde edilen bilgi ve belgeler doğrultusunda sürdürüldüğü belirtildi. Bayraklı Belediyesi soruşturmasında 45 gözaltı İçeriği Görüntüle Başsavcılık, soruşturmanın maddi gerçeğin tüm yönleriyle ortaya çıkarılması amacıyla çok yönlü olarak devam ettiğini bildirdi. Kaynak: İHA Editörün Seçtiği Türkiye Pamuk Zirvesi’nde Türk pamuğu için önemli adım Editörün Seçtiği 48 yıllık aşkın adı Leyla Editörün Seçtiği Bodrum Sarı Yaz Festivali’nde Gordion buluşması Editör Hakkında Geylani Kilmen Bunlar d","MASAK incelemesi Bayraklı dosyasını genişletti MASAK incelemesi Bayraklı dosyasını genişletti Haber Ekspres Bayraklı Belediyesi soruşturmasında MASAK incelemesine göre bazı BAYBEL ödemelerinin Yağız Sandal’ın hesabına aktarıldığı tespit edildi. GÜNCEL MASAK incelemesi Bayraklı dosyasını genişletti Bayraklı Belediyesi soruşturmasında MASAK incelemesine göre bazı BAYBEL ödemelerinin Yağız Sandal’ın hesabına aktarıldığı tespit edildi. 06.10.2026 - 14:13 Yayınlanma 3 Dk Okunma Süresi Paylaş Linkedin Pinterest Telegram Yazdır Kopyala A - A + Paylaş Linkedin Pinterest Telegram Yazdır Kopyala A - A + İzmir’de Bayraklı Belediyesi ve belediye iştiraki BAYBEL AŞ’ye yönelik soruşturma kapsamında 48 şüpheli hakkında gözaltı kararı verildi. İzmir Cumhuriyet Başsavcılığı koordinesinde yürütülen operasyonda 46 şüpheli gözaltına alınırken, 2 şüphelinin yakalanması için çalışmaların sürdüğü bildirildi. Soruşturma; “suç işlemek amacıyla örgüt kurmak”, “rüşvet” ve “ihaleye fesat karıştırmak” suçlamaları kapsamında yürütülüyor. Soruşturma dosyasında Sayıştay ve MASAK raporlarının yanı sıra teknik ve fiziki çalışmalar ile elde edilen bilgi ve belgelerin değerlendirildiği belirtildi. Mali incelemelerde 2023 ve 2024 yıllarındaki bazı iş ve işlemler nedeniyle 20 milyon 85 bin 188,5 lira kamu zararı oluştuğu yönünde tespit bulunduğu, ayrıca 4 milyon 625 bin 400 lira tutarında rüşvet niteliğinde para transferi yapıldığı yönünde bulgulara yer verildi. MASAK incelemesinde Sandal’ın oğlunun hesabı Soruşturmanın dikkat çeken başlıklarından biri para hareketlerine ilişkin MASAK incelemesi oldu. Soruşturma kapsamında BAYBEL AŞ tarafından bazı firmalara yapılan ödemelerin ardından paraların farklı hesaplara aktarıldığı yönünde tespitler bulunduğu bildirildi. MASAK hesap hareketleri üzerinden yapılan incelemelerde, bazı BAYBEL ödemelerinin daha sonra BAYBEL AŞ’nin eski Yönetim Kurulu Başkanı Berk Ulusal, kardeşi Halil Ulusal ve önceki dönem Bayraklı Belediye Başkanı Serdar Sandal’ın oğlu Yağız Sandal’ın hesaplarına aktarıldığının tespit edildiği kaydedildi. Bu aktarım tespitleri soruşturma makamlarının incelemelerinde yer alan bulgular olarak aktarılırken, dosyanın yargılama aşamasında olmadığı ve kişilerin hukuki durumlarının soruşturma sonucunda netleşeceği gözetiliyor. İhale ve doğrudan teminler inceleniyor Soruşturma kapsamında BAYBEL AŞ tarafından gerçekleştirilen bazı ihale ve doğrudan teminlerde teklif veren firmaların birbiriyle bağlantılı olduğu yönünde tespitler yapıldığı bildirildi. Sayıştay denetiminin ardından soruşturma genişletildi Soruşturmanın dayanakları arasında BAYBEL AŞ’ye yönelik Sayıştay denetimi de bulunuyor. Sayıştay Başkanlığının 3 Ocak 2025 tarihinde gerçekleştirdiği mali denetimde, BAYBEL AŞ’nin 2024 yılında yaptığı bazı ihale ve doğrudan temin işlemlerinde usulsüzlük yapıldığı ve kamu zararına neden olunduğu yönünde tespitler bulunduğu belirtildi. Bu tespitlerin İçişleri Bakanlığı Teftiş Kurulu tarafından hazırlanan rapor ile bilirkişi raporunda da değerlendirildiği ve soruşturmanın genişletildiği aktarıldı. 4,6 milyon liralık rüşvet iddiası Mali incelemelerde, 2023-2024 yıllarında usulsüz olduğu değerlendirilen iş ve işlemler nedeniyle 20 milyon 85 bin 188,5 lira kamu zararı oluştuğu yönünde tespit yapıldığı bildirildi. Ayrıca doğrudan temin alan bazı firma sahipleri tarafından Bayraklı Belediyesi personeline toplam 4 milyon 625 bin 400 lira rüşvet niteliğinde para gönderildiği yönünde bulgular bulunduğu açıklandı. Bu rakamlar soruşturma kapsamındaki mali incelemelerde tespit edilen tutarlar olup, henüz kesinleşmiş bir mahkeme kararı bulunmuyor. Serdar Sandal da gözaltında Operasyon kapsamında önceki dönem Bayraklı Belediye Başkanı Serdar Sandal da gözaltına alınan isimler arasında yer aldı. Sandal’ın oğlu Yağız Sandal’ın yanı sıra mevcut CHP Bayraklı İlçe Başkanı Didem Gültekin ve belediye ile BAYBEL AŞ’de görev yapan bazı isimler ile firma sahipleri ve yöneticileri hakkında da işlem yapıldı. Soruşturmanın devam ettiği bildirildi İzmir Cumhuriyet Başsavcılığı tarafından yapılan açıklamada soruşturmanın Sayıştay ve MASAK raporları, teknik ve fiziki çalışmalar ile elde edilen bilgi ve belgeler doğrultusunda sürdürüldüğü belirtildi. Bayraklı Belediyesi soruşturmasında 45 gözaltı İçeriği Görüntüle Başsavcılık, soruşturmanın maddi gerçeğin tüm yönleriyle ortaya çıkarılması amacıyla çok yönlü olarak devam ettiğini bildirdi. Kaynak: İHA Editörün Seçtiği Türkiye Pamuk Zirvesi’nde Türk pamuğu için önemli adım Editörün Seçtiği 48 yıllık aşkın adı Leyla Editörün Seçtiği Bodrum Sarı Yaz Festivali’nde Gordion buluşması Editör Hakkında Geylani Kilmen Bunlar d",browser_full_article,https://www.haberekspres.com.tr/masak-incelemesi-bayrakli-dosyasini-genisletti,İzmir,Bayraklı,,,,BAYBEL AŞ,BAYBEL AŞ:81:body | BAYBEL AŞ:raw_legal,faaliyet/tesis yok,BAYBEL AŞ Bayraklı İzmir Türkiye,Bayraklı AŞ | Baybel | Baybel A.Ş,Bayraklı AŞ,firma adı + güvenli maps adayı var,70.0 | 100.0 | 100,,181.2,66
2026-10-05 12:45:00,MASAK,Kara Para / MASAK / Bahis,MASAK raporunda çarpıcı detaylar! Yasin Kol'a maç sırasında 40 transfer yapılmış,MASAK raporunda çarpıcı detaylar! Yasin Kol'a maç sırasında 40 transfer yapılmış Bursa TV,https://news.google.com/rss/articles/CBMiqAFBVV95cUxNTzNCTmNIOUlFVFd6WlVyTy1sS3NQaWhnZHNWTmNwOTdZN1JwOExpUk1wQWM5b0hDWDcwYVVrZjVSRXdQbE9kWjFONV9nNkdiVUdlTzdZYTVjX3EtRlZRUHZWMGdZRUZlYUZMcjRfMk9vSEgycjVYUm84NjBQMlpxdDh1TFVyWV9xQmlfYzlwYThMMzQtZXZiUXlEWVZjeExra3JzVzRuU2M?oc=5,masak,,"MHK soruşturması kapsamında incelenen Yasin Kol'un banka hesaplarına ilişkin bilirkişi raporunda, maç dönemlerine denk gelen para hareketleri ayrıntılı şekilde ele alındı. Raporda, ortak maçların çevresinde 50 transfer yapıldığı, bunların 40'ının karşılaşma başladıktan sonra gerçekleştiği belirtildi. MHK soruşturması kapsamında incelenen Yasin Kol'un banka hesaplarına ilişkin bilirkişi raporunda, maç dönemlerine denk gelen para hareketleri ayrıntılı şekilde ele alındı. Raporda, ortak maçların çevresinde 50 transfer yapıldığı, bunların 40'ının karşılaşma başladıktan sonra gerçekleştiği belirtildi. MHK soruşturması kapsamında incelenen Yasin Kol'un banka hesaplarına ilişkin bilirkişi raporunda, maç dönemlerine denk gelen para hareketleri ayrıntılı şekilde ele alındı. Raporda, ortak maçların çevresinde 50 transfer yapıldığı, bunların 40'ının karşılaşma başladıktan sonra gerçekleştiği belirtildi. MASAK raporunda çarpıcı detaylar! Yasin Kol'a maç sırasında 40 transfer yapılmış MHK soruşturması kapsamında incelenen Yasin Kol'un banka hesaplarına ilişkin bilirkişi raporunda, maç dönemlerine denk gelen para hareketleri ayrıntılı şekilde ele alındı. Raporda, ortak maçların çevresinde 50 transfer yapıldığı, bunların 40'ının karşılaşma başladıktan sonra gerçekleştiği belirtildi. 05.10.2026 - 15:45 Yayınlanma 05.10.2026 - 15:55 Güncelleme — Paylaşım 5 Dk Okunma Süresi Paylaş Linkedin Pinterest Telegram Yazdır Kopyala A - A + Paylaş Linkedin Pinterest Telegram Yazdır Kopyala A - A + İstanbul Cumhuriyet Başsavcılığı Yasa Dışı Bahis ve Spor Suçları Soruşturma Bürosu tarafından yürütülen MHK soruşturması kapsamında gözaltına alınan üst klasman hakemi Yasin Kol'un banka hesaplarıyla ilgili bilirkişi raporu soruşturma dosyasına girdi. Raporda, Kol'un yıllar içerisindeki para hareketlerinin yanı sıra aynı karşılaşmalarda görev yaptığı hakemlerle arasındaki transferlerin zamanlaması da ayrıntılı biçimde incelendi. Emniyetin MASAK verileri üzerinden yaptığı ilk değerlendirmede, Yasin Kol'un 2012-2026 yılları arasında 5 bin 978 işlemde yaklaşık 135 milyon liralık para hareketinin bulunduğu hesaplandı. Ancak bilirkişi incelemesinde bazı işlemlerin farklı veri sayfalarında birden fazla kez kaydedildiği belirlendi. Mükerrer kayıtların çıkarılmasıyla Kol'un tekil para trafiğinin 84 milyon 181 bin 512 lira olduğu tespit edildi. Bu miktarın 34 milyon 558 bin liralık bölümü kişinin kendi hesapları arasındaki hareketlerden, yaklaşık 49 milyon 481 bin liralık kısmı ise üçüncü kişilerle yapılan transferlerden oluştu. 11 bankada 50 hesap kaydı Raporda Yasin Kol adına 11 farklı bankada 50 hesap kaydı ve 41 ayrı IBAN bulunduğu belirtildi. Kendi hesapları arasındaki transferler ayrıştırıldığında, 187 farklı kişiden Kol'un hesaplarına toplam 25 milyon 301 bin 671 lira geldiği, Kol tarafından ise 407 kişiye toplam 24 milyon 179 bin 269 lira gönderildiği kaydedildi. Para girişlerinin özellikle son yıllarda yükselmesi de rapora yansıdı. 2020 yılında 587 bin lira seviyesinde olan transfer girişleri 2025'te 6 milyon 632 bin liraya çıktı. 2026 yılının 14 Eylül'e kadar olan bölümünde ise bu rakam 8 milyon 218 bin liraya ulaştı. Aynı dönemde hesaplardan çıkan transferlerin toplamı 12 milyon 759 bin lira olarak hesaplandı. Bu tutarın 5 milyon lirasının taşınmaz ödemesine, 4 milyon 731 bin 700 lirasının ise Dilay Kol'a yapılan transferlere ait olduğu belirtildi. Para girişlerinin önemli bölümü gerçek kişilerden Yasin Kol'un SGK kayıtlarında 2018 yılından itibaren Karadeniz Teknik Üniversitesi Rektörlüğünde güvenlik görevlisi olarak çalıştığı, bunun yanında Türkiye Futbol Federasyonundan hakemlik ödemeleri aldığı bilgisine yer verildi. 2018-2026 yılları arasında TFF ve KTÜ'den hesaplarına gelen toplam 9 milyon 433 bin liranın, transfer girişlerinin yüzde 37,65'ini oluşturduğu hesaplandı. Bunun yanında hesaplara giren paranın yüzde 58,15'inin gerçek kişilerden geldiği belirtildi. Kurumlar dışındaki 15,6 milyon liralık para girişinin yaklaşık 4 milyon 986 bin liralık bölümünde ise ""borç"" veya ""borç iadesi"" açıklamalarının kullanıldığı aktarıldı. Maç tarihleriyle örtüşen 50 transfer Bilirkişi raporunda soruşturmanın en çok öne çıkan başlıklarından biri, Yasin Kol'un aynı karşılaşmalarda görev yaptığı hakemlerle gerçekleştirdiği para transferlerinin zamanlaması oldu. Kol ile en az bir maçta birlikte görev yapan 64 banka karşı tarafı tespit edildi. Bu kişilerden Kol'un hesaplarına 218 bin 668 lira gelirken, Kol'dan aynı kişilere toplam 853 bin 472 lira gönderildi. Transfer tarihleri karşılaşma takvimiyle karşılaştırıldığında, ortak maçların üç gün öncesi ile iki gün sonrasını kapsayan altı günlük dönemde 50 banka işleminin gerçekleştiği belirlendi. Bu işlemlerin 47'sinin Yasin Kol'dan diğer hakemlere gönderildiği kaydedildi. Söz konusu ödemelerin 44'ünde Kol'un maçın hakemi, paranın gönderildiği kişilerin ise yardımcı veya dördüncü hakem olduğu belirtildi. 40 transfer maç başladıktan sonra yapıldı Rapordaki en önemli bulgulardan biri, söz konusu 50 işlemin 40'ının karşılaşma başladıktan sonra gerçekleştirilmiş olması oldu. Bilirkişi, para hareketlerinin maçlarla olan bağlantısını değerlendirmek amacıyla karşılaşma tarihlerini haftalar ileri ve geri kaydırarak 24 farklı takvim üzerinden kontrol yaptı. Yapılan incelemelerde 50 transferlik benzer bir yoğunlaşmaya rastlanmadığı ve mevcut dağılımın rastlantısal görünmediği değerlendirmesine yer verildi. Bununla birlikte raporda, söz konusu ödemelerin hangi amaçla yapıldığının yalnızca banka kayıtları üzerinden kesin biçimde belirlenemeyeceği özellikle belirtildi. Maç günlerindeki para hareketleri de dosyada Emniyet tutanağında Yasin Kol'un görev yaptığı bazı karşılaşmaların gününde gerçekleşen para transferlerine de yer verildi. Kol'un 20 Nisan 2026'da Gaziantep FK-Kayserispor maçında VAR hakemi olduğu gün Abdulaziz Solmaz'a 4 bin lira gönderdiği, Osman Sezgin'den ise 2 bin 500 lira aldığı kaydedildi. Kol'un 13 Nisan'daki Eyüpspor-Samsunspor karşılaşmasında görev yaptığı gün Necmi Yılmaz'dan 700 lira, 2 Eylül'deki Sivasspor-Mardinspor maçında VAR hakemliği yaptığı sırada ise Naciye İmamoğlu'ndan 750 lira aldığı belirtildi. Onur Tomak ve Okan Terzi ile para hareketleri Dosyada Onur Tomak ile Yasin Kol arasındaki transferler de incelendi. Tomak'tan Kol'a 12 işlemde toplam 1 milyon 880 bin lira gönderildiği, aynı adı taşıyan vergi kimlik numarası üzerinden ayrıca 100 bin liralık bir hareket bulunduğu tespit edildi. Kol'dan Tomak'a ise herhangi bir transfer olmadığı belirtildi. Yasin Kol ifadesinde Tomak'ın avukatı olduğunu ve internet üzerinden kendisine hakaret eden kişiler hakkında açılan davalardan elde edilen tazminatların avukatı tarafından hesabına aktarıldığını söyledi. Banka kayıtlarında ise 540 bin liralık işlemin açıklamasında ""borç para"", 290 bin liralık başka bir transferde ise ""borç olarak gönderilen"" ifadelerinin bulunduğu aktarıldı. Kol ile Okan Terzi arasındaki para hareketleri de rapora yansıdı. Kol'un Terzi'ye 97 işlemde 383 bin 180 lira gönderdiği, Terzi'den Kol'a ise 10 işlemde 120 bin 100 lira geldiği belirlendi. Ayrıca Kol'un farklı kişilere yaptığı sekiz ödemenin açıklamasında Okan Terzi'nin adının geçtiği, iki işlemde ise ""ben Okan Terzi"" ifadesinin kullanıldığı kaydedildi. 7258 sayılı Kanun kapsamındaki isimlerle transferler Bilirkişi incelemesinde 7258 sayılı Kanun kapsamında olay kaydı bulunan Halim Can İlarslan, Serkan Özlü ve Ercan Beklu ile yapılan para hareketleri de değerlendirildi. Yasin Kol'dan bu üç kişiye 32 işlemde toplam 425 bin 200 lira gönderildiği, söz konusu kişilerden Kol'a ise 87 bin 688 lira aktarıldığı belirtildi. Öte yandan Kol'un hesabından yapılan toplam 35 bin 500 liralık sekiz ödemenin alıcıları arasında Ercan Beklu'nun da bulunduğu ifade edildi. Bazı işlemler için ""hatırlamıyorum"" dedi Yasin Kol'un emniyetteki ifadesinde banka hareketleri kendisine soruldu. Kol, bazı transferleri borç, tadilat, araç alımı, yemek ve ulaşım giderleriyle açıklarken bazı kişi ve işlemleri ise hatırlamadığını söyledi. Kol ayrıca yasa dışı bahis sitesine üyeliğinin bulunmadığını ve bahis oynamadığını ifade etti. Yıllardır raflarda görüyorduk! Artık marketlerde yer almayacak İçeriği Görüntüle Emniyet tarafından 1 Ekim'de hazırlanan tutanakta ise 7258 sayılı Kanun ve bilişim suçları kapsamında olay kaydı bulunan kişilerle yapılan para hareketlerinin tutarı ve yönü değerlendirilerek Yasin Kol'un yasa dışı bahis oynadığı yönünde kanaat oluştuğu belirtildi. Bilirkişi raporunda ise banka işlem açıklamalarında ""bahis"", ""iddaa"", ""kupon"" veya ""casino"" gibi ifadelerin bulunmadığı kaydedildi. Ayrıca yüksek tutarlı para girişlerinin kısa süre içerisinde çok sayıda kişiye bölünerek aktarıldığı tipik bir ""havuz hesap"" görünümünün tespit edilmediği belirtildi. Raporda buna karşılık aynı maçta görev yapan hakemlerle maç tarihleri çevresinde gerçekleşen transfer yoğunluğu, üçüncü kişilerle yapılan yüksek tutarlı para hareketleri ve 7258 sayılı Kanun kapsamında olay kaydı bulunan kişilerle gerçekleştirilen işlemler ayrıntılı şekilde ele alındı. Bu transferlerin hangi amaçla yapıldığının ise banka kayıtlarından tek başına kesin biçimde belirlenemediği vurgulandı. Süper Lig Hakemi Yasin Kol hakkında tutuklama talebi! İçeriği Görüntüle Fon krizinde 50 isim iddiası! Cumhurbaşkanı Erdoğan'dan dikkat çeken sözler İçeriği Görüntüle #busra #bursahaber Editör Hakkında Editör 1 Aa Bunlar","MASAK raporunda çarpıcı detaylar! Yasin Kol'a maç sırasında 40 transfer yapılmış MASAK raporunda çarpıcı detaylar! Yasin Kol'a maç sırasında 40 transfer yapılmış Bursa TV MHK soruşturması kapsamında incelenen Yasin Kol'un banka hesaplarına ilişkin bilirkişi raporunda, maç dönemlerine denk gelen para hareketleri ayrıntılı şekilde ele alındı. Raporda, ortak maçların çevresinde 50 transfer yapıldığı, bunların 40'ının karşılaşma başladıktan sonra gerçekleştiği belirtildi. MASAK raporunda çarpıcı detaylar! Yasin Kol'a maç sırasında 40 transfer yapılmış MHK soruşturması kapsamında incelenen Yasin Kol'un banka hesaplarına ilişkin bilirkişi raporunda, maç dönemlerine denk gelen para hareketleri ayrıntılı şekilde ele alındı. 05.10.2026 - 15:45 Yayınlanma 05.10.2026 - 15:55 Güncelleme — Paylaşım 5 Dk Okunma Süresi Paylaş Linkedin Pinterest Telegram Yazdır Kopyala A - A + Paylaş Linkedin Pinterest Telegram Yazdır Kopyala A - A + İstanbul Cumhuriyet Başsavcılığı Yasa Dışı Bahis ve Spor Suçları Soruşturma Bürosu tarafından yürütülen MHK soruşturması kapsamında gözaltına alınan üst klasman hakemi Yasin Kol'un banka hesaplarıyla ilgili bilirkişi raporu soruşturma dosyasına girdi. Raporda, Kol'un yıllar içerisindeki para hareketlerinin yanı sıra aynı karşılaşmalarda görev yaptığı hakemlerle arasındaki transferlerin zamanlaması da ayrıntılı biçimde incelendi. Emniyetin MASAK verileri üzerinden yaptığı ilk değerlendirmede, Yasin Kol'un 2012-2026 yılları arasında 5 bin 978 işlemde yaklaşık 135 milyon liralık para hareketinin bulunduğu hesaplandı. Mükerrer kayıtların çıkarılmasıyla Kol'un tekil para trafiğinin 84 milyon 181 bin 512 lira olduğu tespit edildi. Bu miktarın 34 milyon 558 bin liralık bölümü kişinin kendi hesapları arasındaki hareketlerden, yaklaşık 49 milyon 481 bin liralık kısmı ise üçüncü kişilerle yapılan transferlerden oluştu. 11 bankada 50 hesap kaydı Raporda Yasin Kol adına 11 farklı bankada 50 hesap kaydı ve 41 ayrı IBAN bulunduğu belirtildi. Kendi hesapları arasındaki transferler ayrıştırıldığında, 187 farklı kişiden Kol'un hesaplarına toplam 25 milyon 301 bin 671 lira geldiği, Kol tarafından ise 407 kişiye toplam 24 milyon 179 bin 269 lira gönderildiği kaydedildi. 2020 yılında 587 bin lira seviyesinde olan transfer girişleri 2025'te 6 milyon 632 bin liraya çıktı. 2026 yılının 14 Eylül'e kadar olan bölümünde ise bu rakam 8 milyon 218 bin liraya ulaştı. Bu tutarın 5 milyon lirasının taşınmaz ödemesine, 4 milyon 731 bin 700 lirasının ise Dilay Kol'a yapılan transferlere ait olduğu belirtildi. Para girişlerinin önemli bölümü gerçek kişilerden Yasin Kol'un SGK kayıtlarında 2018 yılından itibaren Karadeniz Teknik Üniversitesi Rektörlüğünde güvenlik görevlisi olarak çalıştığı, bunun yanında Türkiye Futbol Federasyonundan hakemlik ödemeleri aldığı bilgisine yer verildi. 2018-2026 yılları arasında TFF ve KTÜ'den hesaplarına gelen toplam 9 milyon 433 bin liranın, transfer girişlerinin yüzde 37,65'ini oluşturduğu hesaplandı. Kurumlar dışındaki 15,6 milyon liralık para girişinin yaklaşık 4 milyon 986 bin liralık bölümünde ise ""borç"" veya ""borç iadesi"" açıklamalarının kullanıldığı aktarıldı. Maç tarihleriyle örtüşen 50 transfer Bilirkişi raporunda soruşturmanın en çok öne çıkan başlıklarından biri, Yasin Kol'un aynı karşılaşmalarda görev yaptığı hakemlerle gerçekleştirdiği para transferlerinin zamanlaması oldu. Transfer tarihleri karşılaşma takvimiyle karşılaştırıldığında, ortak maçların üç gün öncesi ile iki gün sonrasını kapsayan altı günlük dönemde 50 banka işleminin gerçekleştiği belirlendi. Bu işlemlerin 47'sinin Yasin Kol'dan diğer hakemlere gönderildiği kaydedildi. 40 transfer maç başladıktan sonra yapıldı Rapordaki en önemli bulgulardan biri, söz konusu 50 işlemin 40'ının karşılaşma başladıktan sonra gerçekleştirilmiş olması oldu. Yapılan incelemelerde 50 transferlik benzer bir yoğunlaşmaya rastlanmadığı ve mevcut dağılımın rastlantısal görünmediği değerlendirmesine yer verildi. Maç günlerindeki para hareketleri de dosyada Emniyet tutanağında Yasin Kol'un görev yaptığı bazı karşılaşmaların gününde gerçekleşen para transferlerine de yer verildi. Kol'un 20 Nisan 2026'da Gaziantep FK-Kayserispor maçında VAR hakemi olduğu gün Abdulaziz Solmaz'a 4 bin lira gönderdiği, Osman Sezgin'den ise 2 bin 500 lira aldığı kaydedildi. Kol'un 13 Nisan'daki Eyüpspor-Samsunspor karşılaşmasında görev yaptığı gün Necmi Yılmaz'dan 700 lira, 2 Eylül'deki Sivasspor-Mardinspor maçında VAR hakemliği yaptığı sırada ise Naciye İmamoğlu'ndan 750 lira aldığı belirtildi. Onur Tomak ve Okan Terzi ile para hareketleri Dosyada Onur Tomak ile Yasin Kol arasındaki transferler de incelendi. Tomak'tan Kol'a 12 işlemde toplam 1 milyon 880 bin lira gönderildiği, aynı adı taşıyan vergi kimlik numarası üzerinden ayrıca 100 bin liralık bir hareket bulunduğu tespit edildi. Kol'dan Tomak'a ise herhangi bir transfer olmadığı belirtildi. Yasin Kol ifadesinde Tomak'ın avukatı olduğunu ve internet üzerinden kendisine hakaret eden kişiler hakkında açılan davalardan elde edilen tazminatların avukatı tarafından hesabına aktarıldığını söyledi. Kol ile Okan Terzi arasındaki para hareketleri de rapora yansıdı. Ayrıca Kol'un farklı kişilere yaptığı sekiz ödemenin açıklamasında Okan Terzi'nin adının geçtiği, iki işlemde ise ""ben Okan Terzi"" ifadesinin kullanıldığı kaydedildi. Yasin Kol'dan bu üç kişiye 32 işlemde toplam 425 bin 200 lira gönderildiği, söz konusu kişilerden Kol'a ise 87 bin 688 lira aktarıldığı belirtildi. Öte yandan Kol'un hesabından yapılan toplam 35 bin 500 liralık sekiz ödemenin alıcıları arasında Ercan Beklu'nun da bulunduğu ifade edildi. Bazı işlemler için ""hatırlamıyorum"" dedi Yasin Kol'un emniyetteki ifadesinde banka hareketleri kendisine soruldu. Kol, bazı transferleri borç, tadilat, araç alımı, yemek ve ulaşım giderleriyle açıklarken bazı kişi ve işlemleri ise hatırlamadığını söyledi. Kol ayrıca yasa dışı bahis sitesine üyeliğinin bulunmadığını ve bahis oynamadığını ifade etti. Artık marketlerde yer almayacak İçeriği Görüntüle Emniyet tarafından 1 Ekim'de hazırlanan tutanakta ise 7258 sayılı Kanun ve bilişim suçları kapsamında olay kaydı bulunan kişilerle yapılan para hareketlerinin tutarı ve yönü değerlendirilerek Yasin Kol'un yasa dışı bahis oynadığı yönünde kanaat oluştuğu belirtildi. Bilirkişi raporunda ise banka işlem açıklamalarında ""bahis"", ""iddaa"", ""kupon"" veya ""casino"" gibi ifadelerin bulunmadığı kaydedildi. Ayrıca yüksek tutarlı para girişlerinin kısa süre içerisinde çok sayıda kişiye bölünerek aktarıldığı tipik bir ""havuz hesap"" görünümünün tespit edilmediği belirtildi. Raporda buna karşılık aynı maçta görev yapan hakemlerle maç tarihleri çevresinde gerçekleşen transfer yoğunluğu, üçüncü kişilerle yapılan yüksek tutarlı para hareketleri ve 7258 sayılı Kanun kapsamında olay kaydı bulunan kişilerle gerçekleştirilen işlemler ayrıntılı şekilde ele alındı. Süper Lig Hakemi Yasin Kol hakkında tutuklama talebi! İçeriği Görüntüle Fon krizinde 50 isim iddiası!",browser_full_article,https://www.bursatv.com.tr/masak-raporunda-carpici-detaylar-yasin-kola-mac-sirasinda-40-transfer-yapilmis,İstanbul,,,,,,,ilçe yok | firma yok | faaliyet/tesis yok,,,,maps araması yapılmadı,,,103.25,67
2026-10-05 07:50:00,MASAK,Kara Para / MASAK / Bahis,MASAK'ta casusluk soruşturmasında FETÖ izi çıktı: Örgüte 210 milyon finansman sağlanmış,MASAK'ta casusluk soruşturmasında FETÖ izi çıktı: Örgüte 210 milyon finansman sağlanmış Halk TV,https://news.google.com/rss/articles/CBMiwgFBVV95cUxPOVFkOW9MMWlDLUlkVUxqQzg5bDFNT2E0QmJack9KZ3QwemRTU1VacUFqWFRyZUVJSzNJeDk2U3V4OXNIOElIclBHbER1NDNCSzIxLTlUZDBoSG04Nk94QUhobVVxUC12VUhWWTJnTVoxLXBlX25hRmZob2QtMXIzRGpnLUN2N0R0dUpTSTlxVC1CMGlXM0pIUVhTeVAza2xQSnpFLThTOXc0Q2RtLS1PbWNoTmZsb1hVTjNWdWVCUmh6dw?oc=5,masak,,Erdoğan ve kabinesine ilişkin mali verilerin usulsüz şekilde sorgulandığı ve sistemdeki denetim kayıtlarının silindiği iddiasıyla MASAK'ta askeri ve siyasi casusluk soruşturmasında 3 kişi tutuklandı. Tutuklanan bir kişinin FETÖ üyesi oldu öğrenildi. Erdoğan ve kabinesine ilişkin mali verilerin usulsüz şekilde sorgulandığı ve sistemdeki denetim kayıtlarının silindiği iddiasıyla MASAK'ta askeri ve siyasi casusluk soruşturmasında 3 kişi tutuklandı. Tutuklanan bir kişinin FETÖ üyesi oldu öğrenildi. Erdoğan ve kabinesine ilişkin mali verilerin usulsüz şekilde sorgulandığı ve sistemdeki denetim kayıtlarının silindiği iddiasıyla MASAK'ta askeri ve siyasi casusluk soruşturmasında 3 kişi tutuklandı. Tutuklanan bir kişinin FETÖ üyesi oldu öğrenildi.,MASAK'ta casusluk soruşturmasında FETÖ izi çıktı: Örgüte 210 milyon finansman sağlanmış MASAK'ta casusluk soruşturmasında FETÖ izi çıktı: Örgüte 210 milyon finansman sağlanmış Halk TV Erdoğan ve kabinesine ilişkin mali verilerin usulsüz şekilde sorgulandığı ve sistemdeki denetim kayıtlarının silindiği iddiasıyla MASAK'ta askeri ve siyasi casusluk soruşturmasında 3 kişi tutuklandı. Tutuklanan bir kişinin FETÖ üyesi oldu öğrenildi.,browser_full_article,https://halktv.com.tr/turkiye/masakta-casusluk-sorusturmasinda-feto-izi-cikti-orgute-210-milyon-finansman-saglanmis-1059480h,,,,,,,,il yok | ilçe yok | firma yok | faaliyet/tesis yok,,,,maps araması yapılmadı,,,90.74,68
2026-10-05 10:56:00,MASAK,Kara Para / MASAK / Bahis,MASAK kayıtları ortaya çıktı! Yasin Kol’un hesaplarındaki milyonluk trafik,MASAK kayıtları ortaya çıktı! Yasin Kol’un hesaplarındaki milyonluk trafik Korkusuz Gazetesi,https://news.google.com/rss/articles/CBMirAFBVV95cUxPRldJOW80VE8xbU5wWS1VaEN1X3NNOXZvMk5TV3B6X0xOX1czSDNjVmJDQXpncnhza0lpU1g4ZlNrSnVkMHNrZ2k2ajI0dHVlcDdOS3JTMUFyWEpYVzZjY3hjTGJtYmd3cDRHTVVLVXBHS3YxNXljR09vUnpkODdkOUFwTzEzX09ybUJScHpJUVdORTk0bGJoYmkySGJoRkRENEM3UlBWV2huM2Nj?oc=5,masak,,"Haberler - Gündem MASAK kayıtları ortaya çıktı! Yasin Kol’un hesaplarındaki milyonluk trafik “Hazemler Dosyası” soruşturmasında MASAK incelemesi ve ele geçirilen dijital materyallerin ardından hakem Yasin Kol ile yardımcı hakem Göktuğ Hazar Erel gözaltına alındı. MASAK kayıtlarına göre Kol’un 2012-2026 yılları arasında hesaplarından 72,1 milyon TL çıkış, hesaplarına ise 62,5 milyon TL giriş gerçekleşti. Yayınlanma: 05 Ekim 2026 - 13:56 Yazıları büyüt Yazıları küçült Standart boyut “Hazemler Dosyası” soruşturması kapsamında daha önce gözaltına alınan şüphelilerden elde edilen dijital materyaller ile MASAK kayıtları detaylı şekilde incelendi. İncelemelerin ardından hakem Yasin Kol ile yardımcı hakem Göktuğ Hazar Erel de soruşturma kapsamında gözaltına alındı. YASİN KOL’UN HESAPLARINDA MİLYONLUK PARA TRAFİĞİ Soruşturma kapsamında MASAK tarafından yapılan incelemede Yasin Kol’un banka hesaplarındaki para hareketleri de mercek altına alındı. Buna göre Kol’un 2012-2026 yılları arasında banka hesaplarından toplam 72 milyon 100 bin TL çıkış gerçekleşirken, aynı dönemde hesaplarına 62 milyon 500 bin TL giriş olduğu tespit edildi. CNN Türk’ten Merve Tokaz’ın aktardığı bilgilere göre, MASAK kayıtlarında Kol’un söz konusu yıllar arasında gerçekleştirdiği 5 bin 978 işlem incelendi. Bu işlemlerde toplam para hareketinin 135 milyon TL’ye ulaştığı belirtildi. MASAK tutanağında, hesap hareketlerindeki işlem hacminin 2020 yılından sonra belirgin şekilde arttığı, özellikle 2024-2026 döneminde ise bu hareketliliğin daha da hızlandığı kaydedildi. Yalnızca 2026 yılına ait verilere göre Kol’un hesaplarına yaklaşık 22,3 milyon TL giriş olurken, hesaplarından yaklaşık 40,8 milyon TL çıkış gerçekleşti. KOL VE EREL HAKKINDA 3 SUÇTAN İŞLEM Yasin Kol ve Göktuğ Hazar Erel hakkında 7258 sayılı Kanun’a muhalefet, evrakta sahtecilik suçuna iştirak ve görevi kötüye kullanma iddiaları kapsamında işlem yapıldığı bildirildi. Emniyetteki işlemleri tamamlanan Kol ve Erel, bugün Çağlayan’daki İstanbul Adliyesi’ne sevk edildi. “Hazemler Dosyası” soruşturması kapsamında daha önce gözaltına alınan şüphelilerden elde edilen dijital materyaller ile MASAK kayıtları detaylı şekilde incelendi. İncelemelerin ardından hakem Yasin Kol ile yardımcı hakem Göktuğ Hazar Erel de soruşturma kapsamında gözaltına alındı. YASİN KOL’UN HESAPLARINDA MİLYONLUK PARA TRAFİĞİ Soruşturma kapsamında MASAK tarafından yapılan incelemede Yasin Kol’un banka hesaplarındaki para hareketleri de mercek altına alındı. Buna göre Kol’un 2012-2026 yılları arasında banka hesaplarından toplam 72 milyon 100 bin TL çıkış gerçekleşirken, aynı dönemde hesaplarına 62 milyon 500 bin TL giriş olduğu tespit edildi. CNN Türk’ten Merve Tokaz’ın aktardığı bilgilere göre, MASAK kayıtlarında Kol’un söz konusu yıllar arasında gerçekleştirdiği 5 bin 978 işlem incelendi. Bu işlemlerde toplam para hareketinin 135 milyon TL’ye ulaştığı belirtildi. MASAK tutanağında, hesap hareketlerindeki işlem hacminin 2020 yılından sonra belirgin şekilde arttığı, özellikle 2024-2026 döneminde ise bu hareketliliğin daha da hızlandığı kaydedildi. Yalnızca 2026 yılına ait verilere göre Kol’un hesaplarına yaklaşık 22,3 milyon TL giriş olurken, hesaplarından yaklaşık 40,8 milyon TL çıkış gerçekleşti. KOL VE EREL HAKKINDA 3 SUÇTAN İŞLEM Yasin Kol ve Göktuğ Hazar Erel hakkında 7258 sayılı Kanun’a muhalefet, evrakta sahtecilik suçuna iştirak ve görevi kötüye kullanma iddiaları kapsamında işlem yapıldığı bildirildi. Emniyetteki işlemleri tamamlanan Kol ve Erel, bugün Çağlayan’daki İstanbul Adliyesi’ne sevk edildi. Yayınlanma: 05 Ekim 2026 - 13:56 Yazıları büyüt Yazıları küçült Standart boyut MASAK kayıtları ortaya çıktı! Yasin Kol’un hesaplarındaki milyonluk trafik “Hazemler Dosyası” soruşturmasında MASAK incelemesi ve ele geçirilen dijital materyallerin ardından hakem Yasin Kol ile yardımcı hakem Göktuğ Hazar Erel gözaltına alındı. MASAK kayıtlarına göre Kol’un 2012-2026 yılları arasında hesaplarından 72,1 milyon TL çıkış, hesaplarına ise 62,5 milyon TL giriş gerçekleşti. “Hazemler Dosyası” soruşturması kapsamında daha önce gözaltına alınan şüphelilerden elde edilen dijital materyaller ile MASAK kayıtları detaylı şekilde incelendi. İncelemelerin ardından hakem Yasin Kol ile yardımcı hakem Göktuğ Hazar Erel de soruşturma kapsamında gözaltına alındı. YASİN KOL’UN HESAPLARINDA MİLYONLUK PARA TRAFİĞİ Soruşturma kapsamında MASAK tarafından yapılan incelemede Yasin Kol’un banka hesaplarındaki para hareketleri de mercek altına alındı. Buna göre Kol’un 2012-2026 yılları arasında banka hesaplarından toplam 72 milyon 100 bin TL çıkış gerçekleşirken, aynı dönemde hesaplarına 62 milyon 500 bin TL giriş olduğu tespit edildi. CNN Türk’ten Merve Tokaz’ın aktardığı bilgilere göre, MASAK kayıtlarında Kol’un söz konusu yıllar arasında gerçekleştirdiği 5 bin 978 işlem incelendi. Bu işlemlerde toplam para hareketinin 135 milyon TL’ye ulaştığı belirtildi. MASAK tutanağında, hesap hareketlerindeki işlem hacminin 2020 yılından sonra belirgin şekilde arttığı, özellikle 2024-2026 döneminde ise bu hareketliliğin daha da hızlandığı kaydedildi. Yalnızca 2026 yılına ait verilere göre Kol’un hesaplarına yaklaşık 22,3 milyon TL giriş olurken, hesaplarından yaklaşık 40,8 milyon TL çıkış gerçekleşti. KOL VE EREL HAKKINDA 3 SUÇTAN İŞLEM Yasin Kol ve Göktuğ Hazar Erel hakkında 7258 sayılı Kanun’a muhalefet, evrakta sahtecilik suçuna iştirak ve görevi kötüye kullanma iddiaları kapsamında işlem yapıldığı bildirildi. Emniyetteki işlemleri tamamlanan Kol ve Erel, bugün Çağlayan’daki İstanbul Adliyesi’ne sevk edildi.","MASAK kayıtları ortaya çıktı! Yasin Kol’un hesaplarındaki milyonluk trafik MASAK kayıtları ortaya çıktı! Yasin Kol’un hesaplarındaki milyonluk trafik Korkusuz Gazetesi Haberler - Gündem MASAK kayıtları ortaya çıktı! Yasin Kol’un hesaplarındaki milyonluk trafik “Hazemler Dosyası” soruşturmasında MASAK incelemesi ve ele geçirilen dijital materyallerin ardından hakem Yasin Kol ile yardımcı hakem Göktuğ Hazar Erel gözaltına alındı. MASAK kayıtlarına göre Kol’un 2012-2026 yılları arasında hesaplarından 72,1 milyon TL çıkış, hesaplarına ise 62,5 milyon TL giriş gerçekleşti. Yayınlanma: 05 Ekim 2026 - 13:56 Yazıları büyüt Yazıları küçült Standart boyut “Hazemler Dosyası” soruşturması kapsamında daha önce gözaltına alınan şüphelilerden elde edilen dijital materyaller ile MASAK kayıtları detaylı şekilde incelendi. İncelemelerin ardından hakem Yasin Kol ile yardımcı hakem Göktuğ Hazar Erel de soruşturma kapsamında gözaltına alındı. YASİN KOL’UN HESAPLARINDA MİLYONLUK PARA TRAFİĞİ Soruşturma kapsamında MASAK tarafından yapılan incelemede Yasin Kol’un banka hesaplarındaki para hareketleri de mercek altına alındı. Buna göre Kol’un 2012-2026 yılları arasında banka hesaplarından toplam 72 milyon 100 bin TL çıkış gerçekleşirken, aynı dönemde hesaplarına 62 milyon 500 bin TL giriş olduğu tespit edildi. CNN Türk’ten Merve Tokaz’ın aktardığı bilgilere göre, MASAK kayıtlarında Kol’un söz konusu yıllar arasında gerçekleştirdiği 5 bin 978 işlem incelendi. Bu işlemlerde toplam para hareketinin 135 milyon TL’ye ulaştığı belirtildi. MASAK tutanağında, hesap hareketlerindeki işlem hacminin 2020 yılından sonra belirgin şekilde arttığı, özellikle 2024-2026 döneminde ise bu hareketliliğin daha da hızlandığı kaydedildi. Yalnızca 2026 yılına ait verilere göre Kol’un hesaplarına yaklaşık 22,3 milyon TL giriş olurken, hesaplarından yaklaşık 40,8 milyon TL çıkış gerçekleşti. KOL VE EREL HAKKINDA 3 SUÇTAN İŞLEM Yasin Kol ve Göktuğ Hazar Erel hakkında 7258 sayılı Kanun’a muhalefet, evrakta sahtecilik suçuna iştirak ve görevi kötüye kullanma iddiaları kapsamında işlem yapıldığı bildirildi. Emniyetteki işlemleri tamamlanan Kol ve Erel, bugün Çağlayan’daki İstanbul Adliyesi’ne sevk edildi. “Hazemler Dosyası” soruşturması kapsamında daha önce gözaltına alınan şüphelilerden elde edilen dijital materyaller ile MASAK kayıtları detaylı şekilde incelendi. Yayınlanma: 05 Ekim 2026 - 13:56 Yazıları büyüt Yazıları küçült Standart boyut MASAK kayıtları ortaya çıktı!",browser_full_article_dom,https://news.google.com/rss/articles/CBMirAFBVV95cUxPRldJOW80VE8xbU5wWS1VaEN1X3NNOXZvMk5TV3B6X0xOX1czSDNjVmJDQXpncnhza0lpU1g4ZlNrSnVkMHNrZ2k2ajI0dHVlcDdOS3JTMUFyWEpYVzZjY3hjTGJtYmd3cDRHTVVLVXBHS3YxNXljR09vUnpkODdkOUFwTzEzX09ybUJScHpJUVdORTk0bGJoYmkySGJoRkRENEM3UlBWV2huM2Nj?oc=5&hl=tr&gl=TR&ceid=TR:tr,Antalya,,Çağlayan,,,,,ilçe yok | firma yok | faaliyet/tesis yok,,,,maps araması yapılmadı,,,123.0,69
2026-10-07 11:21:00,MASAK,Kara Para / MASAK / Bahis,MASAK'tan yeni düzenleme: Kimlik bilgisi alınacak işlem tutarı yükseltildi,MASAK'tan yeni düzenleme: Kimlik bilgisi alınacak işlem tutarı yükseltildi Memurlar.Net,https://news.google.com/rss/articles/CBMigwJBVV95cUxNQmRwX0ctYVpTMVpSYng1Qmc5eS1NZ0MzM2UyX3hUSmkzS1NWTU5KeUQ2QmIwRmo3bXpGNVJob255clhHQkRhVTVPRGJxUGk4M2xvMTFua05td3Z4X0p6R0JFdlh0Y3NPV1l1NWxua1RaNXF1dHhqSk9CWGFFQ2h6T0lpVWRLQm80aWFfbEM5dG85MHg3Q0NoeVd4aDctTTZuVWUyOXoxUjV3QVlPR0hwMEJGdnNPUEhrWW1pSHV5dEhydDQ4bUdhemI2QWRTR0ZRR3JWYkpySWNlb1JBMnpGN1B3RGxGVnB0dzdOTXg0LV82R0EtNGNRVGVmNHoxcVRySDJR0gHAAUFVX3lxTE9ySUdwWTNCc3NYOHlmd1RNaE0tdzJQMVo1bzZyMUtWMGZYcGFwWnIwWlZHUnFGZkgwVjVPWmNMMm5NejFzaE5IZTZTLW8wY3NoQ183bzJucS01T05oOXhBd2wxYWY4N084SkJncnFCOWJyVFFtdmFySXBPSkxUUjR1YlM3Mng5aTk2SU1WOHNsV1A5MUFPVktwMnBhMHpJc0ZVeURoY2ZPajFPdExYekdLZ3hxdHBudXZFZ2JCcEZKcA?oc=5,masak,,"Hazine ve Maliye Bakanlığı MASAK tarafından yapılan düzenlemeyle finans sisteminde müşteriden kimlik bilgilerinin alınması gereken işlem tutarı 185 bin liradan 370 bin liraya yükseltildi. EFT ve kripto varlık transferlerinde uygulanan tutar sınırı da 15 bin liradan 30 bin liraya çıkarılırken, belirli koşullarda internet ve mobil bankacılık üzerinden güvenli kimlik doğrulaması yapılan müteakip işlemlerde imza örneği alma zorunluluğu kaldırıldı.","MASAK'tan yeni düzenleme: Kimlik bilgisi alınacak işlem tutarı yükseltildi MASAK'tan yeni düzenleme: Kimlik bilgisi alınacak işlem tutarı yükseltildi Memurlar.Net Hazine ve Maliye Bakanlığı MASAK tarafından yapılan düzenlemeyle finans sisteminde müşteriden kimlik bilgilerinin alınması gereken işlem tutarı 185 bin liradan 370 bin liraya yükseltildi. EFT ve kripto varlık transferlerinde uygulanan tutar sınırı da 15 bin liradan 30 bin liraya çıkarılırken, belirli koşullarda internet ve mobil bankacılık üzerinden güvenli kimlik doğrulaması yapılan müteakip işlemlerde imza örneği alma zorunluluğu kaldırıldı.",browser_full_article,https://www.memurlar.net/haber/1180300/masak-tan-yeni-duzenleme-kimlik-bilgisi-alinacak-islem-tutari-yukseltildi.html?utm_source=forum&utm_medium=haber&utm_campaign=sagsutun,,,,,,,,il yok | ilçe yok | firma yok | faaliyet/tesis yok,,,,maps araması yapılmadı,,,79.22,70
2026-10-05 06:42:00,MASAK,Kara Para / MASAK / Bahis,Eski MASAK Başkan Yardımcısı’ndan kritik fon iddiası: Asıl dalga şimdi geliyor,Eski MASAK Başkan Yardımcısı’ndan kritik fon iddiası: Asıl dalga şimdi geliyor Yeniçağ Gazetesi,https://news.google.com/rss/articles/CBMivgFBVV95cUxPb2ZPcDdVRXBsUDQ0X2ZlajR1YXFtdGUxQkE2QURPVGFPVkh2OGpBbEIwVzVjSjliY20zNm1JTEhsRDRBN202ZDY3TjgxMlpyS2R2TVJjd2xMa0l0MWFEMmNvU2lPV0ltcWtpV0FzRnB3VUVwekdNZXZZd2szdjdTREpYRTFjcGVvWVlHODRWaUhlX0N6UW5PbXF4N0hMbVZyVFFUd091LTUwUnYweWZXV1U4bnA4RHMzNy1nR0F3?oc=5,masak,,Eski MASAK Başkan Yardımcısı’ndan kritik fon iddiası: Asıl dalga şimdi geliyor Yeniçağ Gazetesi,Eski MASAK Başkan Yardımcısı’ndan kritik fon iddiası: Asıl dalga şimdi geliyor Eski MASAK Başkan Yardımcısı’ndan kritik fon iddiası: Asıl dalga şimdi geliyor Yeniçağ Gazetesi Eski MASAK Başkan Yardımcısı’ndan kritik fon iddiası: Asıl dalga şimdi geliyor Yeniçağ Gazetesi,browser_failed,https://www.yenicaggazetesi.com/eski-masak-baskan-yardimcisindan-kritik-fon-iddiasi-asil-dalga-simdi-geliyor-1078525h.htm,,,,,,,,il yok | ilçe yok | firma yok | faaliyet/tesis yok,,,,maps araması yapılmadı,,,79.7,71
2026-10-05 15:16:57,MASAK,Kara Para / MASAK / Bahis,"Yasin Kol kime para gönderdi, kimden para aldı? MASAK raporunda hangi isimler yer aldı?","Yasin Kol kime para gönderdi, kimden para aldı? MASAK raporunda hangi isimler yer aldı? Afyon Ana Haber",https://news.google.com/rss/articles/CBMiygFBVV95cUxNdUdCV1BkY19iUm16bHNydmxuTGIycjV5VnEycGJmU0hMY2hDYkdtcmp3TmZhU21taUgwYTRDSjVFT2V6ZXRsYlZuMWFCRy1ZcmxyWmgtN2FRUUUwbnlCOHpfcUkwbmMyVkxBOUdrb3FhV29XRUJwNDNaNDZwOUVyNVRTRGxsMVl0ZnlUaHpjMGswMXdabGRKMUlUdkRmYVZ3RDR2NzZMbmpZWGk1bjM5YkV5Yno0RXFVdTItMndQUzBmMGZYTVFIWXVn?oc=5,masak,,"Yasin Kol kime para gönderdi, kimden para aldı? MASAK raporunda hangi isimler yer aldı? Afyon Ana Haber","Yasin Kol kime para gönderdi, kimden para aldı? MASAK raporunda hangi isimler yer aldı? Yasin Kol kime para gönderdi, kimden para aldı? MASAK raporunda hangi isimler yer aldı? Afyon Ana Haber Yasin Kol kime para gönderdi, kimden para aldı? MASAK raporunda hangi isimler yer aldı?",browser_failed,https://news.google.com/rss/articles/CBMiygFBVV95cUxNdUdCV1BkY19iUm16bHNydmxuTGIycjV5VnEycGJmU0hMY2hDYkdtcmp3TmZhU21taUgwYTRDSjVFT2V6ZXRsYlZuMWFCRy1ZcmxyWmgtN2FRUUUwbnlCOHpfcUkwbmMyVkxBOUdrb3FhV29XRUJwNDNaNDZwOUVyNVRTRGxsMVl0ZnlUaHpjMGswMXdabGRKMUlUdkRmYVZ3RDR2NzZMbmpZWGk1bjM5YkV5Yno0RXFVdTItMndQUzBmMGZYTVFIWXVn?oc=5&hl=tr&gl=TR&ceid=TR:tr,,,,,,,,il yok | ilçe yok | firma yok | faaliyet/tesis yok,,,,maps araması yapılmadı,,,86.28,72
2026-10-06 17:15:00,MASAK,Kara Para / MASAK / Bahis,Bayraklı Belediyesi soruşturmasında MASAK ne tespit etti?,Bayraklı Belediyesi soruşturmasında MASAK ne tespit etti? Odakgazetesi,https://news.google.com/rss/articles/CBMijgFBVV95cUxONk5jYTQ1MUhrQ1lDYjlRaUJMakZLVE1udVJLa2hTT2tFeE9Gb202QmV2dzJ5M0pQLUloWDBDeTdhaFBBZkE4ZnZpQl9lSS1mZlhUdW5wNWpqX1RvYXl1VHBuamsxQnlfQXhBdEkwREFJVXZNM3hTUjRfVFN3cElMTi1SSW0xUHZ5dG01THJR?oc=5,masak,,"Bayraklı Belediyesine yönelik soruşturmada 20 milyon 85 bin liralık kamu zararı ve 4 milyon 625 bin liralık rüşvet niteliğinde para transferi tespit edildiği bildirildi. Bayraklı Belediyesine yönelik soruşturmada 20 milyon 85 bin liralık kamu zararı ve 4 milyon 625 bin liralık rüşvet niteliğinde para transferi tespit edildiği bildirildi. Bayraklı Belediyesine yönelik soruşturmada 20 milyon 85 bin liralık kamu zararı ve 4 milyon 625 bin liralık rüşvet niteliğinde para transferi tespit edildiği bildirildi. ASAYİŞ Bayraklı Belediyesi soruşturmasında MASAK ne tespit etti? Bayraklı Belediyesine yönelik soruşturmada 20 milyon 85 bin liralık kamu zararı ve 4 milyon 625 bin liralık rüşvet niteliğinde para transferi tespit edildiği bildirildi. Paylaş Linkedin Pinterest Telegram Yazdır Kopyala A - A + Mustafa Dadak 06.10.2026 - 20:15 İzmir Cumhuriyet Başsavcılığı tarafından Bayraklı Belediyesinin önceki dönem yönetimi ile belediye iştiraki BAYBEL AŞ’ye yönelik yürütülen soruşturmanın ayrıntıları ortaya çıktı. Önceki dönem Belediye Başkanı Serdar Sandal’ın da aralarında bulunduğu 48 kişi hakkında gözaltı kararı verilirken, şüpheliler hakkında “suç işlemek amacıyla örgüt kurmak”, “rüşvet” ve “ihaleye fesat karıştırmak” suçlamaları yöneltildi. Soruşturma kapsamında belediyenin bazı ihale ve doğrudan temin işlemleriyle ilgili Sayıştay, İçişleri Bakanlığı Mülkiye Teftiş Kurulu ve MASAK raporlarının incelemeye alındığı belirtildi. SAYIŞTAY VE MÜFETTİŞ RAPORLARI İNCELENDİ Belediye soruşturmasında yeni gelişme: Hangi belediye başkanı tutuklandı? İçeriği Görüntüle Soruşturmanın dayanakları arasında Sayıştay müfettişlerinin 3 Ocak 2025 tarihinde BAYBEL AŞ’ye yönelik gerçekleştirdiği mali denetimler ile İçişleri Bakanlığı Mülkiye Teftiş Kurulu raporlarının bulunduğu aktarıldı. İncelemelerde 2024 yılında yapılan bazı ihale ve doğrudan teminlerde usulsüzlükler tespit edildiği, mal ve hizmet alımlarında mükerrer faturalar düzenlenerek yüksek tutarlı ödemeler yapıldığı öne sürüldü. Dönemin Özel Kalem Müdürü ve BAYBEL AŞ Yönetim Kurulu Başkanı B.U.’nun sorumluluğundaki harcamaların bilirkişi raporlarıyla da incelendiği ve soruşturmanın bu tespitlerin ardından genişletildiği bildirildi. MASAK PARA HAREKETLERİNİ İNCELEDİ Mali Suçları Araştırma Kurulu tarafından yapılan incelemelerde, ihalelerde ve doğrudan teminlerde teklif veren bazı firmaların birbiriyle bağlantılı olduğu ve bazı hizmetlerin fiilen gerçekleştirilmeden yapılmış gibi gösterildiğinin tespit edildiği belirtildi. MASAK’ın hesap hareketleri üzerinden yaptığı incelemede, firmalara ödenen hak edişlerin daha sonra şirketler arasında aktarıldığı, BAYBEL AŞ tarafından firmalara gönderilen paraların bir bölümünün ise eski BAYBEL Yönetim Kurulu Başkanı B.U., kardeşi H.U. ve önceki dönem Belediye Başkanı Serdar Sandal’ın oğlu Yağız Sandal’ın şahsi hesaplarına aktarıldığının belirlendiği aktarıldı. Soruşturma dosyasında, söz konusu para hareketleriyle ilgili incelemelerin sürdüğü kaydedildi. KAMU ZARARI VE RÜŞVET TUTARI AÇIKLANDI Mali uzmanların raporlarına göre 2023 ve 2024 yıllarındaki usulsüz iş ve işlemler nedeniyle toplam 20 milyon 85 bin 188 lira 50 kuruş kamu zararı oluştuğu belirtildi. Ayrıca belediyeden doğrudan temin alan firma sahiplerinin, Bayraklı Belediyesi personeline toplam 4 milyon 625 bin 400 lira rüşvet niteliğinde para transferi gerçekleştirdiğinin raporlandığı aktarıldı. Soruşturma kapsamında gözaltına alınanlar arasında önceki dönem Belediye Başkanı Serdar Sandal’ın yanı sıra mevcut CHP Bayraklı İlçe Başkanı Didem Gültekin, geçmiş dönem CHP Bayraklı İlçe Başkanı Levent Ölçer, YENİ Partili belediye meclis üyesi Yusuf Metin ile eski CHP’li meclis üyeleri Ertuğrul Civelek, Hatice Tatlı ve Gaffar Akkel’in de bulunduğu bildirildi. Sandal’ın oğlu Yağız Sandal, B.U.’nun kardeşi H.U. ve diğer şüphelilerin emniyetteki işlemlerinin sürdüğü kaydedildi. Kaynak: İHA Editörün Seçtiği Tanyeri, Zafer Teknopark’ta! LAKSİS platformu dikkat çekti Editörün Seçtiği Bolvadin’de din görevlileriyle anlamlı buluşma Editörün Seçtiği Afyon’da eğitim gündemi masada! Bakanlık müfettişlerinden ziyaret Editör Hakkında Mustafa Dadak Bunlar da ilginizi",Bayraklı Belediyesi soruşturmasında MASAK ne tespit etti? Bayraklı Belediyesi soruşturmasında MASAK ne tespit etti? Odakgazetesi Bayraklı Belediyesine yönelik soruşturmada 20 milyon 85 bin liralık kamu zararı ve 4 milyon 625 bin liralık rüşvet niteliğinde para transferi tespit edildiği bildirildi. ASAYİŞ Bayraklı Belediyesi soruşturmasında MASAK ne tespit etti?,browser_full_article,https://www.odakgazetesi.com/bayrakli-belediyesi-sorusturmasinda-masak-ne-tespit-etti,,,,,,Dönemin Özel Kalem Müdürü ve BAYBEL AŞ,Dönemin Özel Kalem Müdürü ve BAYBEL AŞ:raw_legal,il yok | ilçe yok | faaliyet/tesis yok,Dönemin Özel Kalem Müdürü ve BAYBEL AŞ Türkiye,Baybel,Baybel,firma adı + güvenli maps adayı var,100.0,Bayraklı AŞ | BAYPEN Kalemcilik San.Tic.Ltd.Şti | Bayraklı Kentsel Dönüşüm Merkezi | BAYBEL A.Ş. Bayraklı Belediyesi,145.0,73
2026-10-09 09:45:00,MASAK,Kara Para / MASAK / Bahis,MASAK parasal sınırları iki katına çıkarıldı: TOBB SAİK’in talebi karşılık buldu,MASAK parasal sınırları iki katına çıkarıldı: TOBB SAİK’in talebi karşılık buldu Sigorta Life,https://news.google.com/rss/articles/CBMisAFBVV95cUxNRTRad2lxVmtJNEhDYVJGSERTVHRfcnUtYl9zZUFFaVQxNmpPa3B4bGFKOEctdTNOUThDS0dQMlpkS05QMWwwSkQ5LXVSSXV1LW1tV1NiYjBfdUhtdTNIdkp6b21PWlVpQXhKazlGUnpPODVoUVREdXpvMDB2Z2NzYnBKUnprMDR3S2JiSUltcl9GeG5mY3RwYWNuQU1rQWNUQWhSb3drYVlDXzBJYVJDeA?oc=5,masak,,"TOBB Sigorta Acenteleri İcra Komitesi (SAİK) tarafından uzun süredir takip edilen, sigorta acentelerinin işlemlerini doğrudan etkileyen MASAK parasal sınırlarının artırılmasına yönelik talep karşılık buldu. 7 Ekim 2026 tarihli ve 33393 sayılı Resmî Gazete’de yayımlanan yönetmelik değişikliğiyle, 185 bin TL olarak uygulanan bazı parasal eşikler 370 bin TL’ye, 15 bin TL olan bazı eşikler ise 30 bin TL’ye yükseltildi. TOBB Sigorta Acenteleri İcra Komitesi (SAİK) tarafından uzun süredir takip edilen, sigorta acentelerinin işlemlerini doğrudan etkileyen MASAK parasal sınırlarının artırılmasına yönelik talep karşılık buldu. 7 Ekim 2026 tarihli ve 33393 sayılı Resmî Gazete’de yayımlanan yönetmelik değişikliğiyle, 185 bin TL olarak uygulanan bazı parasal eşikler 370 bin TL’ye, 15 bin TL olan bazı eşikler ise 30 bin TL’ye yükseltildi. TOBB Sigorta Acenteleri İcra Komitesi (SAİK) tarafından uzun süredir takip edilen, sigorta acentelerinin işlemlerini doğrudan etkileyen MASAK parasal sınırlarının artırılmasına yönelik talep karşılık buldu. 7 Ekim 2026 tarihli ve 33393 sayılı Resmî Gazete’de yayımlanan yönetmelik değişikliğiyle, 185 bin TL olarak uygulanan bazı parasal eşikler 370 bin TL’ye, 15 bin TL olan bazı eşikler ise 30 bin TL’ye yükseltildi. MASAK parasal sınırları iki katına çıkarıldı: TOBB SAİK’in talebi karşılık buldu TOBB Sigorta Acenteleri İcra Komitesi (SAİK) tarafından uzun süredir takip edilen, sigorta acentelerinin işlemlerini doğrudan etkileyen MASAK parasal sınırlarının artırılmasına yönelik talep karşılık buldu. 7 Ekim 2026 tarihli ve 33393 sayılı Resmî Gazete’de yayımlanan yönetmelik değişikliğiyle, 185 bin TL olarak uygulanan bazı parasal eşikler 370 bin TL’ye, 15 bin TL olan bazı eşikler ise 30 bin TL’ye yükseltildi. Elif Bayrık Editör 09.10.2026 - 12:45 Yayınlanma — Paylaşım","MASAK parasal sınırları iki katına çıkarıldı: TOBB SAİK’in talebi karşılık buldu MASAK parasal sınırları iki katına çıkarıldı: TOBB SAİK’in talebi karşılık buldu Sigorta Life TOBB Sigorta Acenteleri İcra Komitesi (SAİK) tarafından uzun süredir takip edilen, sigorta acentelerinin işlemlerini doğrudan etkileyen MASAK parasal sınırlarının artırılmasına yönelik talep karşılık buldu. 7 Ekim 2026 tarihli ve 33393 sayılı Resmî Gazete’de yayımlanan yönetmelik değişikliğiyle, 185 bin TL olarak uygulanan bazı parasal eşikler 370 bin TL’ye, 15 bin TL olan bazı eşikler ise 30 bin TL’ye yükseltildi. MASAK parasal sınırları iki katına çıkarıldı: TOBB SAİK’in talebi karşılık buldu TOBB Sigorta Acenteleri İcra Komitesi (SAİK) tarafından uzun süredir takip edilen, sigorta acentelerinin işlemlerini doğrudan etkileyen MASAK parasal sınırlarının artırılmasına yönelik talep karşılık buldu.",browser_full_article,https://www.sigortalifedergi.com/masak-parasal-sinirlari-iki-katina-cikarildi-tobb-saikin-talebi-karsilik-buldu,,,,,,,,il yok | ilçe yok | firma yok | faaliyet/tesis yok,,,,maps araması yapılmadı,,,94.25,74
2026-10-02 22:40:29,MASAK,Kara Para / MASAK / Bahis,"MASAK raporu rüşvet iddialarını destekledi, Kırıkkale'de 3 belediye çalışanı tutuklandı","MASAK raporu rüşvet iddialarını destekledi, Kırıkkale'de 3 belediye çalışanı tutuklandı Son Dakika",https://news.google.com/rss/articles/CBMioAFBVV95cUxOOURPbWpkRzVLRkhMOVFtNEtxMjgzRThZWDJOVDVkNlFqWVgxa3pQcENvQnhQWWoyMU1WUkprUnV5cENCQ3BLZ0ZMbjR5R216cWlDNUdqOGdyb0RYWGJnLURQLVlHbVBpM2NSYXhnU282WUtNeEpTai04OE1abUVWZHV2VzdnblRvZUF0eUVURjZZREdfS2paWFo2QWwwNGJT0gGcAUFVX3lxTE5nTFEzRlFTVF94bjJhNGFXdkpjUVIwRGxBVG9XbzUwN1AxZmY5OW1ackRfY3BJaXRkeko3d0UtX3o1Y1lsVWk3bEJkaHpaRnBXYjVmQTI0ZlQ5RUtTc3NSWTdrUHZaMTBmd3BSU1FaVVVtRHBNOGk3YldFWmtad1ZhVzdjX2R6Y2std05mSEVfN3BMS1Nlb0NLN0FLYg?oc=5,masak,,"MASAK raporu rüşvet iddialarını destekledi, Kırıkkale'de 3 belediye çalışanı tutuklandı Son Dakika","MASAK raporu rüşvet iddialarını destekledi, Kırıkkale'de 3 belediye çalışanı tutuklandı MASAK raporu rüşvet iddialarını destekledi, Kırıkkale'de 3 belediye çalışanı tutuklandı Son Dakika MASAK raporu rüşvet iddialarını destekledi, Kırıkkale'de 3 belediye çalışanı tutuklandı Son Dakika",browser_failed,https://news.google.com/rss/articles/CBMioAFBVV95cUxOOURPbWpkRzVLRkhMOVFtNEtxMjgzRThZWDJOVDVkNlFqWVgxa3pQcENvQnhQWWoyMU1WUkprUnV5cENCQ3BLZ0ZMbjR5R216cWlDNUdqOGdyb0RYWGJnLURQLVlHbVBpM2NSYXhnU282WUtNeEpTai04OE1abUVWZHV2VzdnblRvZUF0eUVURjZZREdfS2paWFo2QWwwNGJT0gGcAUFVX3lxTE5nTFEzRlFTVF94bjJhNGFXdkpjUVIwRGxBVG9XbzUwN1AxZmY5OW1ackRfY3BJaXRkeko3d0UtX3o1Y1lsVWk3bEJkaHpaRnBXYjVmQTI0ZlQ5RUtTc3NSWTdrUHZaMTBmd3BSU1FaVVVtRHBNOGk3YldFWmtad1ZhVzdjX2R6Y2std05mSEVfN3BMS1Nlb0NLN0FLYg?oc=5&hl=tr&gl=TR&ceid=TR:tr,Kırıkkale,,,,,,,ilçe yok | firma yok | faaliyet/tesis yok,,,,maps araması yapılmadı,,,94.98,75
2026-10-07 11:58:00,MASAK,Kara Para / MASAK / Bahis,MASAK’tan para transferleri için yeni parasal sınır,MASAK’tan para transferleri için yeni parasal sınır İzmir’de Son Dakika,https://news.google.com/rss/articles/CBMijwFBVV95cUxNamp2VV9vRTExanRKdzAxWjFuVG5hcEdVSVZFaUdpOXBLb3dDNzRTY3lzdmw2RDE4SHB5MEF1WmlkMWZvZ1ZHV0hzTXlZd3RUdVE2OHNQVnVHTUJJMkxHck1PM193OGpGTzBaOEprREx6M25wZ24zRUE2YjdNYmVUUUNlVlFWel9SRUhZNzZ3cw?oc=5,masak,,"Mali Suçları Araştırma Kurulu’nun (MASAK) düzenlemesiyle finansal işlemlerde kimlik tespiti ve fon transferlerine ilişkin parasal eşikler yeniden belirlendi. Kimlik bilgilerinin alınmasını gerektiren işlem limiti 370 bin liraya çıkarılırken, EFT ve kripto varlık transferlerindeki sınır 30 bin liraya yükseltildi. Mali Suçları Araştırma Kurulu’nun (MASAK) düzenlemesiyle finansal işlemlerde kimlik tespiti ve fon transferlerine ilişkin parasal eşikler yeniden belirlendi. Kimlik bilgilerinin alınmasını gerektiren işlem limiti 370 bin liraya çıkarılırken, EFT ve kripto varlık transferlerindeki sınır 30 bin liraya yükseltildi. Mali Suçları Araştırma Kurulu’nun (MASAK) düzenlemesiyle finansal işlemlerde kimlik tespiti ve fon transferlerine ilişkin parasal eşikler yeniden belirlendi. Kimlik bilgilerinin alınmasını gerektiren işlem limiti 370 bin liraya çıkarılırken, EFT ve kripto varlık transferlerindeki sınır 30 bin liraya yükseltildi. MASAK’tan para transferleri için yeni parasal sınır Mali Suçları Araştırma Kurulu’nun (MASAK) düzenlemesiyle finansal işlemlerde kimlik tespiti ve fon transferlerine ilişkin parasal eşikler yeniden belirlendi. Kimlik bilgilerinin alınmasını gerektiren işlem limiti 370 bin liraya çıkarılırken, EFT ve kripto varlık transferlerindeki sınır 30 bin liraya yükseltildi. 07.10.2026 - 14:58 Yayınlanma — Paylaşım Paylaş Linkedin Pinterest Telegram Yazdır Kopyala A - A + Paylaş Linkedin Pinterest Telegram Yazdır Kopyala A - A + Hazine ve Maliye Bakanlığı Mali Suçları Araştırma Kurulu tarafından hazırlanan, “Suç Gelirlerinin Aklanmasının ve Terörün Finansmanının Önlenmesine Dair Tedbirler Hakkında Yönetmelikte Değişiklik Yapılmasına Dair Yönetmelik” Resmi Gazete’de yayımlanarak yürürlüğe girdi. Yeni düzenlemeyle, finansal sistemde müşterinin tanınmasına yönelik uygulanan parasal eşikler güncellendi. Kimlik tespiti sınırı 370 bin liraya yükseldi Düzenleme kapsamında, müşteriden kimlik bilgilerinin alınmasını gerektiren işlem tutarı 185 bin liradan 370 bin liraya çıkarıldı. 5 belediye başkanı ve başkan vekili görevden uzaklaştırıldı İçeriği Görüntüle Söz konusu parasal eşikler, yükümlü gruplarının ihtiyaçları dikkate alınarak yeniden düzenlendi. Bu tutarlar en son 14 Ocak 2023 tarihinde belirlenmişti. EFT ve kripto transferlerinde limit 30 bin lira oldu Elektronik fon transferleri (EFT) ile kripto varlık transferlerinde uygulanan parasal sınır da değiştirildi. Daha önce 15 bin lira olan transfer tutarı, yapılan düzenlemeyle 30 bin liraya yükseltildi. Böylece söz konusu işlemlerde uygulanan eşik iki katına çıkarılmış oldu. Tekrarlanan işlemlerde imza zorunluluğu kaldırıldı Yeni düzenlemeyle yalnızca parasal sınırlar değiştirilmedi. Daha önce kimlik tespiti yapılmış müşterilerin gerçekleştirdiği sonraki işlemlere ilişkin de kolaylık getirildi. Buna göre, müşterinin kimliği internet bankacılığı, mobil bankacılık veya benzeri güvenli doğrulama yöntemleriyle teyit edilebiliyorsa yeniden imza örneği alınması zorunlu olmayacak. Düzenlemeyle finansal kuruluşların müşteriyi tanıma yükümlülükleri kapsamında uyguladığı bazı prosedürler güncellenirken, elektronik doğrulama yöntemlerinin kullanım alanı da genişletilmiş oldu. Kaynak: Haber Merkezi Editörün Seçtiği Psikolog Duygu Yılmaz: Sürekli mutlu olma çabası hayatı daraltabilir Editörün Seçtiği Christopher Nolan’ın merakla beklenen filmi Odyssey vizyonda! Editörün Seçtiği Akaryakıta indirim mi geliyor? 2026 için yeni petrol tahmini Editör Hakkında İsmail Özer Bu","MASAK’tan para transferleri için yeni parasal sınır MASAK’tan para transferleri için yeni parasal sınır İzmir’de Son Dakika Mali Suçları Araştırma Kurulu’nun (MASAK) düzenlemesiyle finansal işlemlerde kimlik tespiti ve fon transferlerine ilişkin parasal eşikler yeniden belirlendi. Kimlik bilgilerinin alınmasını gerektiren işlem limiti 370 bin liraya çıkarılırken, EFT ve kripto varlık transferlerindeki sınır 30 bin liraya yükseltildi. MASAK’tan para transferleri için yeni parasal sınır Mali Suçları Araştırma Kurulu’nun (MASAK) düzenlemesiyle finansal işlemlerde kimlik tespiti ve fon transferlerine ilişkin parasal eşikler yeniden belirlendi. 07.10.2026 - 14:58 Yayınlanma —",browser_full_article,https://www.izmirdesondakika.com.tr/masaktan-para-transferleri-icin-yeni-parasal-sinir,İzmir,,,,,,,ilçe yok | firma yok | faaliyet/tesis yok,,,,maps araması yapılmadı,,,76.25,76
2026-10-07 05:58:00,MASAK,Kara Para / MASAK / Bahis,30 Bin TL Para Transferi Sınırı Nedir? MASAK Yeni Düzenlemesiyle 370 Bin TL Detayı,30 Bin TL Para Transferi Sınırı Nedir? MASAK Yeni Düzenlemesiyle 370 Bin TL Detayı Kırşehir Çiğdem,https://news.google.com/rss/articles/CBMisgFBVV95cUxNXzVDenc2NUtVVHREaHdFa2pZQkVDRWVOcUdqNVZWekQxX2ZzcktRWFF0WnVjMTlWb242dVN0NjhPMkd3RGFvamZ4VHJfSkFWNlBfa0Q2b2czOURCYVpPYlVhelZCNVE1YzhkYTdRTkpjSmVFZXFkWS1wTWFJRGJVSUZjOTJQcDFwYjNEaHNBTU9hYlQ4TF9uSzQ3am9Ea3lxdjdBVGhaVkp6WkFiYzkyczN3?oc=5,"masak, para transferi",,"Suç gelirlerinin aklanması ve terörün finansmanının önlenmesine ilişkin yönetmelikte değişikliğe gidildi. Suç gelirlerinin aklanması ve terörün finansmanının önlenmesine ilişkin yönetmelikte değişikliğe gidildi. Suç gelirlerinin aklanması ve terörün finansmanının önlenmesine ilişkin yönetmelikte değişikliğe gidildi. 30 Bin TL Para Transferi Sınırı Nedir? MASAK Yeni Düzenlemesiyle 370 Bin TL Detayı Suç gelirlerinin aklanması ve terörün finansmanının önlenmesine ilişkin yönetmelikte değişikliğe gidildi. 07.10.2026 - 08:58 Yayınlanma 1 Dk Okunma Süresi Paylaş Linkedin Pinterest Telegram Yazdır Kopyala A - A + Paylaş Linkedin Pinterest Telegram Yazdır Kopyala A - A + 7 Ekim 2026 tarihli ve 33393 sayılı Resmî Gazete’de yayımlanan 11845 sayılı Cumhurbaşkanı Kararı ile Suç Gelirlerinin Aklanmasının ve Terörün Finansmanının Önlenmesine Dair Tedbirler Hakkında Yönetmelikte Değişiklik Yapılmasına Dair Yönetmelik yürürlüğe konuldu. Düzenleme özellikle finansal kuruluşların müşterilerine internet veya mobil hizmet kanalları üzerinden sundukları işlemlerde uygulanacak güvenlik tedbirlerini ilgilendiriyor. Banka işlemlerinde kimlik doğrulama nasıl yapılacak? Yönetmeliğe eklenen hükme göre finansal kuruluşlar, internet veya mobil hizmet kanalları üzerinden ya da müşterinin kimlik tespitinde kayıtlı bulunan veya daha önce doğrulanmış cep telefonu numarasına kısa mesaj servisiyle gönderilen tek kullanımlık doğrulama kodu (SMS OTP) yoluyla doğrulama yapılması durumunda bazı ilave önlemler almak zorunda olacak. Bu kapsamda uygulanacak doğrulama yöntemlerinin işlemin niteliği ve risk düzeyine uygun olması , işlem yaptıranın daha önce kimliği tespit edilmiş müşteri olduğuna ilişkin güvence sağlaması ve yetkisiz kişilerin müşteri adına işlem yapması riskine karşı uygun güvenlik tedbirleri içermesi gerekecek. SMS doğrulama kodlarında yeni dönem Yeni düzenleme, tek kullanımlık SMS koduyla gerçekleştirilen doğrulamaları da kapsıyor. Finansal kuruluşların yalnızca doğrulama kodu kullanımına değil, işlemin taşıdığı risk düzeyine göre güvenliği sağlayacak tedbirlere de dikkat etmesi gerekecek. Böylece internet ve mobil kanallarda müşteri adına yetkisiz işlem yapılması riskinin azaltılmasına yönelik güvenlik çerçevesi güçlendirildi. MASAK Yönetmeliğinde başka neler değişti? Yönetmelikte yalnızca dijital kimlik doğrulama hükmü değiştirilmedi. Mevzuatta kullanılan bazı parasal ifadeler de güncellendi. Yönetmeliğin çeşitli maddelerinde yer alan “onbeşbin TL” ifadeleri “otuzbin TL” , “yüzseksensekizbin TL” ifadesi “üçyüzyetmişbin TL” ve “onbeşbin TL” ifadesi “otuzbin TL” şeklinde değiştirildi. Eylül Enflasyonu Açıklandı Mı? TÜİK Eylül 2026 Enflasyon Rakamları Saat Kaçta Açıklanacak? İçeriği Görüntüle Bu nedenle düzenleme, hem parasal sınırlar hem de finansal kuruluşların dijital kanallarda uygulayacağı kimlik doğrulama tedbirleri bakımından önem taşıyor. Kaynak: HABER MERKEZİ Editörün Seçtiği 30 Bin TL Para Transferi Sınırı Nedir? MASAK Yeni Düzenlemesiyle 370 Bin TL Detayı Editörün Seçtiği 7 Ekim 2026 Resmî Gazete Kararları Neler? Bugün Resmî Gazete’de Neler Var? Editörün Seçtiği Edin Dzeko Kimdir? Edin Dzeko Milli Takımı Bıraktı mı, Futbolu Bırakıyor mu? Bun","30 Bin TL Para Transferi Sınırı Nedir? MASAK Yeni Düzenlemesiyle 370 Bin TL Detayı 30 Bin TL Para Transferi Sınırı Nedir? MASAK Yeni Düzenlemesiyle 370 Bin TL Detayı Kırşehir Çiğdem Suç gelirlerinin aklanması ve terörün finansmanının önlenmesine ilişkin yönetmelikte değişikliğe gidildi. 30 Bin TL Para Transferi Sınırı Nedir? MASAK Yeni Düzenlemesiyle 370 Bin TL Detayı Suç gelirlerinin aklanması ve terörün finansmanının önlenmesine ilişkin yönetmelikte değişikliğe gidildi. Düzenleme özellikle finansal kuruluşların müşterilerine internet veya mobil hizmet kanalları üzerinden sundukları işlemlerde uygulanacak güvenlik tedbirlerini ilgilendiriyor. Banka işlemlerinde kimlik doğrulama nasıl yapılacak? Yönetmeliğe eklenen hükme göre finansal kuruluşlar, internet veya mobil hizmet kanalları üzerinden ya da müşterinin kimlik tespitinde kayıtlı bulunan veya daha önce doğrulanmış cep telefonu numarasına kısa mesaj servisiyle gönderilen tek kullanımlık doğrulama kodu (SMS OTP) yoluyla doğrulama yapılması durumunda bazı ilave önlemler almak zorunda olacak. Bu kapsamda uygulanacak doğrulama yöntemlerinin işlemin niteliği ve risk düzeyine uygun olması , işlem yaptıranın daha önce kimliği tespit edilmiş müşteri olduğuna ilişkin güvence sağlaması ve yetkisiz kişilerin müşteri adına işlem yapması riskine karşı uygun güvenlik tedbirleri içermesi gerekecek. SMS doğrulama kodlarında yeni dönem Yeni düzenleme, tek kullanımlık SMS koduyla gerçekleştirilen doğrulamaları da kapsıyor. Finansal kuruluşların yalnızca doğrulama kodu kullanımına değil, işlemin taşıdığı risk düzeyine göre güvenliği sağlayacak tedbirlere de dikkat etmesi gerekecek. Böylece internet ve mobil kanallarda müşteri adına yetkisiz işlem yapılması riskinin azaltılmasına yönelik güvenlik çerçevesi güçlendirildi. MASAK Yönetmeliğinde başka neler değişti? Mevzuatta kullanılan bazı parasal ifadeler de güncellendi. Eylül Enflasyonu Açıklandı Mı? TÜİK Eylül 2026 Enflasyon Rakamları Saat Kaçta Açıklanacak? İçeriği Görüntüle Bu nedenle düzenleme, hem parasal sınırlar hem de finansal kuruluşların dijital kanallarda uygulayacağı kimlik doğrulama tedbirleri bakımından önem taşıyor. Kaynak: HABER MERKEZİ Editörün Seçtiği 30 Bin TL Para Transferi Sınırı Nedir? MASAK Yeni Düzenlemesiyle 370 Bin TL Detayı Editörün Seçtiği 7 Ekim 2026 Resmî Gazete Kararları Neler?",browser_full_article,https://www.kirsehircigdem.com/30-bin-tl-para-transferi-siniri-nedir-masak-yeni-duzenlemesiyle-370-bin-tl-detayi,,,,,,,,il yok | ilçe yok | firma yok | faaliyet/tesis yok,,,,maps araması yapılmadı,,,96.5,77
2026-10-06 10:14:06,MASAK,Kara Para / MASAK / Bahis,"Hakemler Dosyası soruşturmasında MASAK, HTS ve WhatsApp incelemesi","Hakemler Dosyası soruşturmasında MASAK, HTS ve WhatsApp incelemesi Takvim",https://news.google.com/rss/articles/CBMixgFBVV95cUxOSF9GaktXd2RnUWVIYjJFNkVidVFTTjFRTUM0ZVNVQ1I5VXZ0Q2RLRW15bEYySklIYTVaZ25YMnFrTzUyS3IzcjFBWjdkRmQtSGJJRnBHMGZmUnZJT0lYQXlZbFpFZ1pjdG03SDlwQlZTbEtVV0c1eGpzaHBwTFpldEFNREhxZjc3WVdaZGNNR0IxbmQ3dGVIM1ZOaWczSVVsOVQ4RFpwQ1g5UWt1Vk1tWF9wWm5sS2pvc2VlTll6dFJHZjdEUmc?oc=5,masak,,"Adalet Bakanı Akın Gürlek, Hakemler Dosyası soruşturmasında 5 şüphelinin tutuklandığını ve derbi maçlarında somut manipülasyon verisine henüz rastlanmadığını açıkladı. Adalet Bakanı Akın Gürlek, Hakemler Dosyası soruşturmasında 5 şüphelinin tutuklandığını ve derbi maçlarında somut manipülasyon verisine henüz rastlanmadığını açıkladı. Adalet Bakanı Akın Gürlek, Hakemler Dosyası soruşturmasında 5 şüphelinin tutuklandığını ve derbi maçlarında somut manipülasyon verisine henüz rastlanmadığını açıkladı. Bakan Akın Gürlek'ten “Hakemler Dosyası” açıklaması: 5 şüpheli tutuklandı, MASAK raporları, HTS ve WhatsApp yazışmaları inceleniyor Giriş Tarihi: 06 Ekim 2026 13:14 Güncelleme Tarihi: 06 Ekim 2026 13:15 Facebook X NSosyal Linki Kopyala Yazı Boyutu Takvim'i Google'a ekleyin, doğru kaynaktan haberi alın! Adalet Bakanı Akın Gürlek, Türk futbolundaki “Hakemler Dosyası” soruşturmasına ilişkin son durumu açıkladı. Gürlek, 5 şüphelinin tutuklandığını, 2 kişi hakkında adli kontrol kararı verildiğini ve soruşturma kapsamında MASAK raporları, HTS kayıtları ile WhatsApp yazışmalarının incelendiğini söyledi. Hasan Demir Takvim.com.tr Güncel Kahramanmaraş'ta acı olay: Kavganın ortasında kalan polis yaşamını yitirdi 09.10.2026 Cuma Küçükçekmece'de eğlence mekanında silahlı saldırı! O anlar kamerada 08.10.2026 Perşembe Atilla Taş’ın kızı Sezen Taş hayatını kaybetti! Olay mahallinden ilk görüntüler 08.10.2026 Perşembe Bolu Mudurnu’da tır ile pikabın kafa kafaya çarpıştığı kazadan ilk görüntüler | Ahmet Cerrah hayatını kaybetti 08.10.2026 Perşembe Bakan Akın Gürlek'ten “Hakemler Dosyası” açıklaması: 5 şüpheli tutuklandı, MASAK raporları, HTS ve WhatsApp yazışmaları inceleniyor Adalet Bakanı Akın Gürlek, Türk futbolundaki “Hakemler Dosyası” soruşturmasına ilişkin son durumu açıkladı. Gürlek, 5 şüphelinin tutuklandığını, 2 kişi hakkında adli kontrol kararı verildiğini ve soruşturma kapsamında MASAK raporları, HTS kayıtları ile WhatsApp yazışmalarının incelendiğini söyledi.","Hakemler Dosyası soruşturmasında MASAK, HTS ve WhatsApp incelemesi Hakemler Dosyası soruşturmasında MASAK, HTS ve WhatsApp incelemesi Takvim Adalet Bakanı Akın Gürlek, Hakemler Dosyası soruşturmasında 5 şüphelinin tutuklandığını ve derbi maçlarında somut manipülasyon verisine henüz rastlanmadığını açıkladı. Bakan Akın Gürlek'ten “Hakemler Dosyası” açıklaması: 5 şüpheli tutuklandı, MASAK raporları, HTS ve WhatsApp yazışmaları inceleniyor Giriş Tarihi: 06 Ekim 2026 13:14 Güncelleme Tarihi: 06 Ekim 2026 13:15 Facebook X NSosyal Linki Kopyala Yazı Boyutu Takvim'i Google'a ekleyin, doğru kaynaktan haberi alın! Adalet Bakanı Akın Gürlek, Türk futbolundaki “Hakemler Dosyası” soruşturmasına ilişkin son durumu açıkladı. Gürlek, 5 şüphelinin tutuklandığını, 2 kişi hakkında adli kontrol kararı verildiğini ve soruşturma kapsamında MASAK raporları, HTS kayıtları ile WhatsApp yazışmalarının incelendiğini söyledi. Hasan Demir Takvim.com.tr Güncel Kahramanmaraş'ta acı olay: Kavganın ortasında kalan polis yaşamını yitirdi 09.10.2026 Cuma Küçükçekmece'de eğlence mekanında silahlı saldırı! O anlar kamerada 08.10.2026 Perşembe Atilla Taş’ın kızı Sezen Taş hayatını kaybetti! Olay mahallinden ilk görüntüler 08.10.2026 Perşembe Bolu Mudurnu’da tır ile pikabın kafa kafaya çarpıştığı kazadan ilk görüntüler | Ahmet Cerrah hayatını kaybetti 08.10.2026 Perşembe Bakan Akın Gürlek'ten “Hakemler Dosyası” açıklaması: 5 şüpheli tutuklandı, MASAK raporları, HTS ve WhatsApp yazışmaları inceleniyor Adalet Bakanı Akın Gürlek, Türk futbolundaki “Hakemler Dosyası” soruşturmasına ilişkin son durumu açıkladı.",browser_full_article,https://www.takvim.com.tr/video/guncel/akin-gurlekten-hakemler-dosyasi-aciklamasi-masak-hts-ve-whatsapp-yazismalari-inceleniyor,Kahramanmaraş | Bolu | İstanbul,Mudurnu | Küçükçekmece,,,,,,firma yok | faaliyet/tesis yok,,,,maps araması yapılmadı,,,102.25,78
2026-10-07 06:07:11,MASAK,Kara Para / MASAK / Bahis,MASAK düzenlemelerinde ve parasal eşiklerde yapılan önemli değişikliğin detayları,MASAK düzenlemelerinde ve parasal eşiklerde yapılan önemli değişikliğin detayları Patronlar Dünyası,https://news.google.com/rss/articles/CBMitAFBVV95cUxOMzNvU1gwVkh4S3VEMVZlam9XMkw2bzlId3g1Y2laMHBWZUVGb0dac05uM2xfZ0hiQjF2bXUyUEJmazNKVHY4clVCNDAyTDRtR2xjMGJkT3BwdnhSc0h3Q2hVTHhjd0o2dTRoc2VXbTF1MEtKMXNENzZNVThZa1lBRkZjVUt0NWNTcWM4SldGQ0dhblpFWEpBNUd6dEZEZ0VVU0t5VEpOY1hyalJDOERuZUQ1Rkg?oc=5,masak,,"MASAK düzenlemelerinde ve parasal eşiklerde yapılan önemli değişikliğin detayları Suç gelirlerinin aklanması ve terörün finansmanıyla mücadelede uygulanan parasal eşikler iki katına çıkarıldı. Genel işlemlerde kimlik tespiti eşiği 185 bin TL’den 370 bin TL’ye, elektronik transferler ile kripto varlık işlemlerindeki bazı eşikler 15 bin TL’den 30 bin TL’ye yükseltildi. 07.10.2026 06:07 • Güncelleme: 07.10.2026 06:16 #MASAK#Düzenleme#Para transferi Haberi paylaşın Yazı Boyutu: 16px 32px Yazdır Deniz DALLI 7 Ekim 2026 tarihli ve 33393 sayılı Resmî Gazete’de yayımlanan 11845 sayılı Cumhurbaşkanı Kararı, finansal sistemin geniş bir bölümünü ilgilendiren MASAK düzenlemelerinde önemli değişiklikler yaptı. Suç Gelirlerinin Aklanmasının ve Terörün Finansmanının Önlenmesine Dair Tedbirler Hakkında Yönetmeliğin beş ayrı maddesi değiştirildi. Düzenleme yayımlandığı gün yürürlüğe girdi. 185 BİN TL, 370 BİN TL OLDU İlk değişiklik kimlik tespitinde. Yönetmeliğin 5’inci maddesi kapsamında işlem tutarı veya birbiriyle bağlantılı birden fazla işlemin toplam tutarına bağlı genel kimlik tespiti eşiği 185 bin TL’den 370 bin TL’ye yükseltildi. Kripto varlık hizmet sağlayıcıları için aynı maddede bulunan özel eşik ise 15 bin TL’den 30 bin TL’ye çıkarıldı. Elektronik transferlerde işlem tutarı veya bağlantılı işlemlerin toplamına ilişkin kimlik tespiti eşiği de 15 bin TL’den 30 bin TL’ye yükseldi. 370 BİN TL’NİN ALTI “SERBEST” DEĞİL Yeni düzenlemenin en kritik noktası ise rakamların ne anlama gelmediği. 370 bin TL, MASAK’ın işlemleri izlemesi ya da şüpheli işlemlerin bildirilmesi için getirilmiş yeni bir alt sınır değil. Sürekli iş ilişkisi kurulması, şüpheli işlem bildirimini gerektiren bir durum bulunması veya daha önce elde edilen müşteri kimlik bilgilerinin yeterliliği ve doğruluğu konusunda şüphe oluşması halinde tutardan bağımsız kimlik tespiti yükümlülüğü devam ediyor. Şüpheli işlem bildirimlerinde de parasal alt sınır bulunmuyor TRANSFERDE 30 BİN TL SINIRI Değişikliğin ikinci önemli ayağı para transferleri. Yurt içi ve yurt dışı elektronik transfer mesajlarında 15 bin TL olarak uygulanan eşik 30 bin TL’ye yükseltildi. 30 bin TL ve üzerindeki transferlerde göndericinin adı veya unvanı, hesap numarası ya da işlem referansı ile mevzuatta belirtilen ilave tanımlayıcı bilgilerden en az birinin mesajda bulunması ve gönderici bilgilerinin teyit edilmesi gerekiyor. Ancak 30 bin TL’nin altındaki transferler de “bilgisiz transfer” haline gelmedi. Bu işlemlerde gönderici ve alıcının adı veya unvanı ile hesap numarası ya da işlem referansı gibi temel bilgilerin transfer mesajında bulunması yükümlülüğü devam ediyor. KRİPTODA DA 30 BİN TL Aynı değişiklik kripto varlık transferlerine de uygulandı. Kripto varlık transfer mesajlarındaki 15 bin TL’lik eşik 30 bin TL’ye yükseltildi. 30 bin TL ve üzerindeki işlemlerde göndericiye ilişkin daha geniş bilgi ve teyit yükümlülükleri uygulanacak. Ancak 30 bin TL’nin altındaki kripto transferlerinde de gönderici ve alıcıya ilişkin temel bilgiler ile cüzdan adresi veya işlem referansının mesajda bulunmasına ilişkin yükümlülük ortadan kalkmadı. Kayıtlı olmayan cüzdanlara yönelik mevcut kurallar da yürürlükte kalmaya devam ediyor. İMZA YERİNE DİJİTAL DOĞRULAMA Bankalar ve diğer finansal kuruluşların günlük operasyonlarını doğrudan ilgilendiren bir başka değişiklik ise imza örneğinde yapıldı. Daha önce kimliği tespit edilmiş müşterinin internet veya mobil hizmet kanallarından doğrulanması ya da kuruluşta kayıtlı ve daha önce doğrulanmış cep telefonuna gönderilen tek kullanımlık SMS koduyla yeterli güvenlik doğrulaması yapılması halinde imza örneği alınmayabilecek. Ancak sistemin işlemin niteliğine ve riskine uygun olması, müşterinin kimliği konusunda yeterli güvence sağlaması ve yetkisiz kişilerin işlem yapmasını önleyecek tedbirleri içermesi gerekiyor. Dolayısıyla düzenleme ilk kez müşteri olan kişinin kimlik kontrolünün kaldırılması anlamına gelmiyor. MASAK DENETİMLERİNDE DE YENİ DÖNEM 11845 sayılı düzenlemede parasal eşiklerin gölgesinde kalan bir değişiklik daha bulunuyor. Yönetmeliğin 38’inci maddesine eklenen hükümle belirli yükümlüler bakımından yalnızca “yükümlülük uyum denetimi raporu” hazırlanacak. Denetim sırasında ihlal tespit edilirse ihlal aynı rapora yazılacak ve bu rapor ayrıca “yükümlülük ihlali inceleme raporu” yerine de geçecek. Böylece kapsama giren yükümlüler açısından uyum denetimi ile ihlal tespitinin raporlama süreci tek raporda birleştiriliyor. NEDEN ŞİMDİ? Yeni eşiklerin tamamının tam iki katına çıkarılması dikkat çekiyor. Genel işlem eşiği 185 bin TL’den 370 bin TL’ye; elektronik transfer ve kripto varlık tarafındaki 15 bin TL’lik eşikler ise 30 bin TL’ye yükseldi. 2023’te yapılan önceki artışta da parasal sınırlar enflasyon ve yeniden değerleme oranındaki gelişmeler dikkate alınarak güncellenmişti. Ancak 7 Ekim tarihli yeni kararın metninde bugünkü artışın gerekçesine ilişkin ayrıca bir açıklama bulunmuyor. Bu nedenle düzenlemeyi devam eden fon soruşturmasıyla ilişkilendirmek veya “MASAK denetimleri gevşetildi” sonucuna varmak için mevcut karar metninde dayanak yok. Aksine şüpheli işlem bildiriminin tutardan bağımsız olması ilkesi aynen devam ediyor. Yeni düzenlemenin somut sonucu; bankalardan aracı kurumlara, ödeme kuruluşlarından kripto varlık hizmet sağlayıcılarına kadar finansal sistemdeki çok sayıda kuruluşun kimlik tespiti, transfer mesajları, dijital doğrulama ve uyum süreçlerini bugünden itibaren yeni eşiklere göre yürütmesi olacak. patronlardunyasi.com Dolar 49,343 0,11% Euro 55,3133 0,15% Sterlin 65,275 -0,04% Bitcoin 4.055.458 0,71% BİST-100 12.252,26 0,32% Gram Altın 6.626,242 1,16% Gümüş 60,17 1,68% Faiz 39,26 -0,25% Yazı Boyutu: 16px 32px Yazdır Deniz DALLI 7 Ekim 2026 tarihli ve 33393 sayılı Resmî Gazete’de yayımlanan 11845 sayılı Cumhurbaşkanı Kararı, finansal sistemin geniş bir bölümünü ilgilendiren MASAK düzenlemelerinde önemli değişiklikler yaptı. Suç Gelirlerinin Aklanmasının ve Terörün Finansmanının Önlenmesine Dair Tedbirler Hakkında Yönetmeliğin beş ayrı maddesi değiştirildi. Düzenleme yayımlandığı gün yürürlüğe girdi. 185 BİN TL, 370 BİN TL OLDU İlk değişiklik kimlik tespitinde. Yönetmeliğin 5’inci maddesi kapsamında işlem tutarı veya birbiriyle bağlantılı birden fazla işlemin toplam tutarına bağlı genel kimlik tespiti eşiği 185 bin TL’den 370 bin TL’ye yükseltildi. Kripto varlık hizmet sağlayıcıları için aynı maddede bulunan özel eşik ise 15 bin TL’den 30 bin TL’ye çıkarıldı. Elektronik transferlerde işlem tutarı veya bağlantılı işlemlerin toplamına ilişkin kimlik tespiti eşiği de 15 bin TL’den 30 bin TL’ye yükseldi. 370 BİN TL’NİN ALTI “SERBEST” DEĞİL Yeni düzenlemenin en kritik noktası ise rakamların ne anlama gelmediği. 370 bin TL, MASAK’ın işlemleri izlemesi ya da şüpheli işlemlerin bildirilmesi için getirilmiş yeni bir alt sınır değil. Sürekli iş ilişkisi kurulması, şüpheli işlem bildirimini gerektiren bir durum bulunması veya daha önce elde edilen müşteri kimlik bilgilerinin yeterliliği ve doğruluğu konusunda şüphe oluşması halinde tutardan bağımsız kimlik tespiti yükümlülüğü devam ediyor. Şüpheli işlem bildirimlerinde de parasal alt sınır bulunmuyor TRANSFERDE 30 BİN TL SINIRI Değişikliğin ikinci önemli ayağı para transferleri. Yurt içi ve yurt dışı elektronik transfer mesajlarında 15 bin TL olarak uygulanan eşik 30 bin TL’ye yükseltildi. 30 bin TL ve üzerindeki transferlerde göndericinin adı veya unvanı, hesap numarası ya da işlem referansı ile mevzuatta belirtilen ilave tanımlayıcı bilgilerden en az birinin mesajda bulunması ve gönderici bilgilerinin teyit edilmesi gerekiyor. Ancak 30 bin TL’nin altındaki transferler de “bilgisiz transfer” haline gelmedi. Bu işlemlerde gönderici ve alıcının adı veya unvanı ile hesap numarası ya da işlem referansı gibi temel bilgilerin transfer mesajında bulunması yükümlülüğü devam ediyor. KRİPTODA DA 30 BİN TL Aynı değişiklik kripto varlık transferlerine de uygulandı. Kripto varlık transfer mesajlarındaki 15 bin TL’lik eşik 30 bin TL’ye yükseltildi. 30 bin TL ve üzerindeki işlemlerde göndericiye ilişkin daha geniş bilgi ve teyit yükümlülükleri uygulanacak. Ancak 30 bin TL’nin altındaki kripto transferlerinde de gönderici ve alıcıya ilişkin temel bilgiler ile cüzdan adresi veya işlem referansının mesajda bulunmasına ilişkin yükümlülük ortadan kalkmadı. Kayıtlı olmayan cüzdanlara yönelik mevcut kurallar da yürürlükte kalmaya devam ediyor. İMZA YERİNE DİJİTAL DOĞRULAMA Bankalar ve diğer finansal kuruluşların günlük operasyonlarını doğrudan ilgilendiren bir başka değişiklik ise imza örneğinde yapıldı. Daha önce kimliği tespit edilmiş müşterinin internet veya mobil hizmet kanallarından doğrulanması ya da kuruluşta kayıtlı ve daha önce doğrulanmış cep telefonuna gönderilen tek kullanımlık SMS koduyla yeterli güvenlik doğrulaması yapılması halinde imza örneği alınmayabilecek. Ancak sistemin işlemin niteliğine ve riskine uygun olması, müşterinin kimliği konusunda yeterli güvence sağlaması ve yetkisiz kişilerin işlem yapmasını önleyecek tedbirleri içermesi gerekiyor. Dolayısıyla düzenleme ilk kez müşteri olan kişinin kimlik kontrolünün kaldırılması anlamına gelmiyor. MASAK DENETİMLERİNDE DE YENİ DÖNEM 11845 sayılı düzenlemede parasal eşiklerin gölgesinde kalan bir değişiklik daha bulunuyor. Yönetmeliğin 38’inci maddesine eklenen hükümle belirli yükümlüler bakımından yalnızca “yükümlülük uyum denetimi raporu” hazırlanacak. Denetim sırasında ihlal tespit edilirse ihlal aynı rapora yazılacak ve bu rapor ayrıca “yükümlülük ihlali inceleme raporu” yerine de geçecek. Böylece kapsama giren yükümlüler açısından uyum denetimi ile ihlal tespitinin raporlama süreci tek raporda birleştiriliyor. NEDEN ŞİMDİ? Yeni eşiklerin tamamının tam iki katına çıkarılması dikkat çekiyor. Genel işlem eşiği 185 bin TL’den 370 bin TL’ye; elektronik transfer ve kripto varlık tarafındaki 15 bin TL’lik eşikler ise 30 bin TL’ye yükseldi. 2023’te yapılan önceki artışta da parasal sınırlar enflasyon ve yeniden değerleme oranındaki gelişmeler dikkate alınarak güncellenmişti. Ancak 7 Ekim tarihli yeni kararın metninde bugünkü artışın gerekçesine ilişkin ayrıca bir açıklama bulunmuyor. Bu nedenle düzenlemeyi devam eden fon soruşturmasıyla ilişkilendirmek veya “MASAK denetimleri gevşetildi” sonucuna varmak için mevcut karar metninde dayanak yok. Aksine şüpheli işlem bildiriminin tutardan bağımsız olması ilkesi aynen devam ediyor. Yeni düzenlemenin somut sonucu; bankalardan aracı kurumlara, ödeme kuruluşlarından kripto varlık hizmet sağlayıcılarına kadar finansal sistemdeki çok sayıda kuruluşun kimlik tespiti, transfer mesajları, dijital doğrulama ve uyum süreçlerini bugünden itibaren yeni eşiklere göre yürütmesi olacak. patronlardunyasi.com Deniz DALLI 7 Ekim 2026 tarihli ve 33393 sayılı Resmî Gazete’de yayımlanan 11845 sayılı Cumhurbaşkanı Kararı, finansal sistemin geniş bir bölümünü ilgilendiren MASAK düzenlemelerinde önemli değişiklikler yaptı. Suç Gelirlerinin Aklanmasının ve Terörün Finansmanının Önlenmesine Dair Tedbirler Hakkında Yönetmeliğin beş ayrı maddesi değiştirildi. Düzenleme yayımlandığı gün yürürlüğe girdi. 185 BİN TL, 370 BİN TL OLDU İlk değişiklik kimlik tespitinde. Yönetmeliğin 5’inci maddesi kapsamında işlem tutarı veya birbiriyle bağlantılı birden fazla işlemin toplam tutarına bağlı genel kimlik tespiti eşiği 185 bin TL’den 370 bin TL’ye yükseltildi. Kripto varlık hizmet sağlayıcıları için aynı maddede bulunan özel eşik ise 15 bin TL’den 30 bin TL’ye çıkarıldı. Elektronik transferlerde işlem tutarı veya bağlantılı işlemlerin toplamına ilişkin kimlik tespiti eşiği de 15 bin TL’den 30 bin TL’ye yükseldi. 370 BİN TL’NİN ALTI “SERBEST” DEĞİL Yeni düzenlemenin en kritik noktası ise rakamların ne anlama gelmediği. 370 bin TL, MASAK’ın işlemleri izlemesi ya da şüpheli işlemlerin bildirilmesi için getirilmiş yeni bir alt sınır değil. Sürekli iş ilişkisi kurulması, şüpheli işlem bildirimini gerektiren bir durum bulunması veya daha önce elde edilen müşteri kimlik bilgilerinin yeterliliği ve doğruluğu konusunda şüphe oluşması halinde tutardan bağımsız kimlik tespiti yükümlülüğü devam ediyor. Şüpheli işlem bildirimlerinde de parasal alt sınır bulunmuyor TRANSFERDE 30 BİN TL SINIRI Değişikliğin ikinci önemli ayağı para transferleri. Yurt içi ve yurt dışı elektronik transfer mesajlarında 15 bin TL olarak uygulanan eşik 30 bin TL’ye yükseltildi. 30 bin TL ve üzerindeki transferlerde göndericinin adı veya unvanı, hesap numarası ya da işlem referansı ile mevzuatta belirtilen ilave tanımlayıcı bilgilerden en az birinin mesajda bulunması ve gönderici bilgilerinin teyit edilmesi gerekiyor. Ancak 30 bin TL’nin altındaki transferler de “bilgisiz transfer” haline gelmedi. Bu işlemlerde gönderici ve alıcının adı veya unvanı ile hesap numarası ya da işlem referansı gibi temel bilgilerin transfer mesajında bulunması yükümlülüğü devam ediyor. KRİPTODA DA 30 BİN TL Aynı değişiklik kripto varlık transferlerine de uygulandı. Kripto varlık transfer mesajlarındaki 15 bin TL’lik eşik 30 bin TL’ye yükseltildi. 30 bin TL ve üzerindeki işlemlerde göndericiye ilişkin daha geniş bilgi ve teyit yükümlülükleri uygulanacak. Ancak 30 bin TL’nin altındaki kripto transferlerinde de gönderici ve alıcıya ilişkin temel bilgiler ile cüzdan adresi veya işlem referansının mesajda bulunmasına ilişkin yükümlülük ortadan kalkmadı. Kayıtlı olmayan cüzdanlara yönelik mevcut kurallar da yürürlükte kalmaya devam ediyor. İMZA YERİNE DİJİTAL DOĞRULAMA Bankalar ve diğer finansal kuruluşların günlük operasyonlarını doğrudan ilgilendiren bir başka değişiklik ise imza örneğinde yapıldı. Daha önce kimliği tespit edilmiş müşterinin internet veya mobil hizmet kanallarından doğrulanması ya da kuruluşta kayıtlı ve daha önce doğrulanmış cep telefonuna gönderilen tek kullanımlık SMS koduyla yeterli güvenlik doğrulaması yapılması halinde imza örneği alınmayabilecek. Ancak sistemin işlemin niteliğine ve riskine uygun olması, müşterinin kimliği konusunda yeterli güvence sağlaması ve yetkisiz kişilerin işlem yapmasını önleyecek tedbirleri içermesi gerekiyor. Dolayısıyla düzenleme ilk kez müşteri olan kişinin kimlik kontrolünün kaldırılması anlamına gelmiyor. MASAK DENETİMLERİNDE DE YENİ DÖNEM 11845 sayılı düzenlemede parasal eşiklerin gölgesinde kalan bir değişiklik daha bulunuyor. Yönetmeliğin 38’inci maddesine eklenen hükümle belirli yükümlüler bakımından yalnızca “yükümlülük uyum denetimi raporu” hazırlanacak. Denetim sırasında ihlal tespit edilirse ihlal aynı rapora yazılacak ve bu rapor ayrıca “yükümlülük ihlali inceleme raporu” yerine de geçecek. Böylece kapsama giren yükümlüler açısından uyum denetimi ile ihlal tespitinin raporlama süreci tek raporda birleştiriliyor. NEDEN ŞİMDİ? Yeni eşiklerin tamamının tam iki katına çıkarılması dikkat çekiyor. Genel işlem eşiği 185 bin TL’den 370 bin TL’ye; elektronik transfer ve kripto varlık tarafındaki 15 bin TL’lik eşikler ise 30 bin TL’ye yükseldi. 2023’te yapılan önceki artışta da parasal sınırlar enflasyon ve yeniden değerleme oranındaki gelişmeler dikkate alınarak güncellenmişti. Ancak 7 Ekim tarihli yeni kararın metninde bugünkü artışın gerekçesine ilişkin ayrıca bir açıklama bulunmuyor. Bu nedenle düzenlemeyi devam eden fon soruşturmasıyla ilişkilendirmek veya “MASAK denetimleri gevşetildi” sonucuna varmak için mevcut karar metninde dayanak yok. Aksine şüpheli işlem bildiriminin tutardan bağımsız olması ilkesi aynen devam ediyor. Yeni düzenlemenin somut sonucu; bankalardan aracı kurumlara, ödeme kuruluşlarından kripto varlık hizmet sağlayıcılarına kadar finansal sistemdeki çok sayıda kuruluşun kimlik tespiti, transfer mesajları, dijital doğrulama ve uyum süreçlerini bugünden itibaren yeni eşiklere göre yürütmesi olacak. patronlardunyasi.com MASAK düzenlemelerinde ve parasal eşiklerde yapılan önemli değişikliğin detayları Suç gelirlerinin aklanması ve terörün finansmanıyla mücadelede uygulanan parasal eşikler iki katına çıkarıldı. Genel işlemlerde kimlik tespiti eşiği 185 bin TL’den 370 bin TL’ye, elektronik transferler ile kripto varlık işlemlerindeki bazı eşikler 15 bin TL’den 30 bin TL’ye yükseltildi. 7 Ekim 2026 tarihli ve 33393 sayılı Resmî Gazete’de yayımlanan 11845 sayılı Cumhurbaşkanı Kararı, finansal sistemin geniş bir bölümünü ilgilendiren MASAK düzenlemelerinde önemli değişiklikler yaptı. Suç Gelirlerinin Aklanmasının ve Terörün Finansmanının Önlenmesine Dair Tedbirler Hakkında Yönetmeliğin beş ayrı maddesi değiştirildi. Düzenleme yayımlandığı gün yürürlüğe girdi. 185 BİN TL, 370 BİN TL OLDU İlk değişiklik kimlik tespitinde. Yönetmeliğin 5’inci maddesi kapsamında işlem tutarı veya birbiriyle bağlantılı birden fazla işlemin toplam tutarına bağlı genel kimlik tespiti eşiği 185 bin TL’den 370 bin TL’ye yükseltildi. Kripto varlık hizmet sağlayıcıları için aynı maddede bulunan özel eşik ise 15 bin TL’den 30 bin TL’ye çıkarıldı. Elektronik transferlerde işlem tutarı veya bağlantılı işlemlerin toplamına ilişkin kimlik tespiti eşiği de 15 bin TL’den 30 bin TL’ye yükseldi. 370 BİN TL’NİN ALTI “SERBEST” DEĞİL Yeni düzenlemenin en kritik noktası ise rakamların ne anlama gelmediği. 370 bin TL, MASAK’ın işlemleri izlemesi ya da şüpheli işlemlerin bildirilmesi için getirilmiş yeni bir alt sınır değil. Sürekli iş ilişkisi kurulması, şüpheli işlem bildirimini gerektiren bir durum bulunması veya daha önce elde edilen müşteri kimlik bilgilerinin yeterliliği ve doğruluğu konusunda şüphe oluşması halinde tutardan bağımsız kimlik tespiti yükümlülüğü devam ediyor. Şüpheli işlem bildirimlerinde de parasal alt sınır bulunmuyor TRANSFERDE 30 BİN TL SINIRI Değişikliğin ikinci önemli ayağı para transferleri. Yurt içi ve yurt dışı elektronik transfer mesajlarında 15 bin TL olarak uygulanan eşik 30 bin TL’ye yükseltildi. 30 bin TL ve üzerindeki transferlerde göndericinin adı veya unvanı, hesap numarası ya da işlem referansı ile mevzuatta belirtilen ilave tanımlayıcı bilgilerden en az birinin mesajda bulunması ve gönderici bilgilerinin teyit edilmesi gerekiyor. Ancak 30 bin TL’nin altındaki transferler de “bilgisiz transfer” haline gelmedi. Bu işlemlerde gönderici ve alıcının adı veya unvanı ile hesap numarası ya da işlem referansı gibi temel bilgilerin transfer mesajında bulunması yükümlülüğü devam ediyor. Aynı değişiklik kripto varlık transferlerine de uygulandı. Kripto varlık transfer mesajlarındaki 15 bin TL’lik eşik 30 bin TL’ye yükseltildi. 30 bin TL ve üzerindeki işlemlerde göndericiye ilişkin daha geniş bilgi ve teyit yükümlülükleri uygulanacak. Ancak 30 bin TL’nin altındaki kripto transferlerinde de gönderici ve alıcıya ilişkin temel bilgiler ile cüzdan adresi veya işlem referansının mesajda bulunmasına ilişkin yükümlülük ortadan kalkmadı. Kayıtlı olmayan cüzdanlara yönelik mevcut kurallar da yürürlükte kalmaya devam ediyor. İMZA YERİNE DİJİTAL DOĞRULAMA Bankalar ve diğer finansal kuruluşların günlük operasyonlarını doğrudan ilgilendiren bir başka değişiklik ise imza örneğinde yapıldı. Daha önce kimliği tespit edilmiş müşterinin internet veya mobil hizmet kanallarından doğrulanması ya da kuruluşta kayıtlı ve daha önce doğrulanmış cep telefonuna gönderilen tek kullanımlık SMS koduyla yeterli güvenlik doğrulaması yapılması halinde imza örneği alınmayabilecek. Ancak sistemin işlemin niteliğine ve riskine uygun olması, müşterinin kimliği konusunda yeterli güvence sağlaması ve yetkisiz kişilerin işlem yapmasını önleyecek tedbirleri içermesi gerekiyor. Dolayısıyla düzenleme ilk kez müşteri olan kişinin kimlik kontrolünün kaldırılması anlamına gelmiyor. MASAK DENETİMLERİNDE DE YENİ DÖNEM 11845 sayılı düzenlemede parasal eşiklerin gölgesinde kalan bir değişiklik daha bulunuyor. Yönetmeliğin 38’inci maddesine eklenen hükümle belirli yükümlüler bakımından yalnızca “yükümlülük uyum denetimi raporu” hazırlanacak. Denetim sırasında ihlal tespit edilirse ihlal aynı rapora yazılacak ve bu rapor ayrıca “yükümlülük ihlali inceleme raporu” yerine de geçecek. Böylece kapsama giren yükümlüler açısından uyum denetimi ile ihlal tespitinin raporlama süreci tek raporda birleştiriliyor. Yeni eşiklerin tamamının tam iki katına çıkarılması dikkat çekiyor. Genel işlem eşiği 185 bin TL’den 370 bin TL’ye; elektronik transfer ve kripto varlık tarafındaki 15 bin TL’lik eşikler ise 30 bin TL’ye yükseldi. 2023’te yapılan önceki artışta da parasal sınırlar enflasyon ve yeniden değerleme oranındaki gelişmeler dikkate alınarak güncellenmişti. Ancak 7 Ekim tarihli yeni kararın metninde bugünkü artışın gerekçesine ilişkin ayrıca bir açıklama bulunmuyor. Bu nedenle düzenlemeyi devam eden fon soruşturmasıyla ilişkilendirmek veya “MASAK denetimleri gevşetildi” sonucuna varmak için mevcut karar metninde dayanak yok. Aksine şüpheli işlem bildiriminin tutardan bağımsız olması ilkesi aynen devam ediyor. Yeni düzenlemenin somut sonucu; bankalardan aracı kurumlara, ödeme kuruluşlarından kripto varlık hizmet sağlayıcılarına kadar finansal sistemdeki çok sayıda kuruluşun kimlik tespiti, transfer mesajları, dijital doğrulama ve uyum süreçlerini bugünden itibaren yeni eşiklere göre yürütmesi olacak. Türkiye’nin en büyük moda perakende zincirlerinden DeFacto, 2 kadın markasını birden alıyor. Kubur kardeşlerin kurduğu, toplamda 36 mağazası bulunan Manuka ve Fresh Scarf, DeFacto’nun bünyesine geçiyor. Hazine ve Maliye Bakanı Mehmet Şimşek, tasfiye kapsamındaki 17 fonda tasfiyelerin tamamlandığını ve 43 bin yatırımcıya ödemelerin yapıldığını belirtti. PATRONLAR DÜNYASI 2004 yılında kuruldu. İş dünyası, patronlar, finans ve genel ekonomi haberciliği alanında özgün yayıncılık yapmaktadır.","MASAK düzenlemelerinde ve parasal eşiklerde yapılan önemli değişikliğin detayları MASAK düzenlemelerinde ve parasal eşiklerde yapılan önemli değişikliğin detayları Patronlar Dünyası MASAK düzenlemelerinde ve parasal eşiklerde yapılan önemli değişikliğin detayları Suç gelirlerinin aklanması ve terörün finansmanıyla mücadelede uygulanan parasal eşikler iki katına çıkarıldı. Genel işlemlerde kimlik tespiti eşiği 185 bin TL’den 370 bin TL’ye, elektronik transferler ile kripto varlık işlemlerindeki bazı eşikler 15 bin TL’den 30 bin TL’ye yükseltildi. 07.10.2026 06:07 • Güncelleme: 07.10.2026 06:16 #MASAK#Düzenleme#Para transferi Haberi paylaşın Yazı Boyutu: 16px 32px Yazdır Deniz DALLI 7 Ekim 2026 tarihli ve 33393 sayılı Resmî Gazete’de yayımlanan 11845 sayılı Cumhurbaşkanı Kararı, finansal sistemin geniş bir bölümünü ilgilendiren MASAK düzenlemelerinde önemli değişiklikler yaptı. Suç Gelirlerinin Aklanmasının ve Terörün Finansmanının Önlenmesine Dair Tedbirler Hakkında Yönetmeliğin beş ayrı maddesi değiştirildi. Düzenleme yayımlandığı gün yürürlüğe girdi. 185 BİN TL, 370 BİN TL OLDU İlk değişiklik kimlik tespitinde. Yönetmeliğin 5’inci maddesi kapsamında işlem tutarı veya birbiriyle bağlantılı birden fazla işlemin toplam tutarına bağlı genel kimlik tespiti eşiği 185 bin TL’den 370 bin TL’ye yükseltildi. Kripto varlık hizmet sağlayıcıları için aynı maddede bulunan özel eşik ise 15 bin TL’den 30 bin TL’ye çıkarıldı. Elektronik transferlerde işlem tutarı veya bağlantılı işlemlerin toplamına ilişkin kimlik tespiti eşiği de 15 bin TL’den 30 bin TL’ye yükseldi. 370 BİN TL’NİN ALTI “SERBEST” DEĞİL Yeni düzenlemenin en kritik noktası ise rakamların ne anlama gelmediği. 370 bin TL, MASAK’ın işlemleri izlemesi ya da şüpheli işlemlerin bildirilmesi için getirilmiş yeni bir alt sınır değil. Sürekli iş ilişkisi kurulması, şüpheli işlem bildirimini gerektiren bir durum bulunması veya daha önce elde edilen müşteri kimlik bilgilerinin yeterliliği ve doğruluğu konusunda şüphe oluşması halinde tutardan bağımsız kimlik tespiti yükümlülüğü devam ediyor. Şüpheli işlem bildirimlerinde de parasal alt sınır bulunmuyor TRANSFERDE 30 BİN TL SINIRI Değişikliğin ikinci önemli ayağı para transferleri. 30 bin TL ve üzerindeki transferlerde göndericinin adı veya unvanı, hesap numarası ya da işlem referansı ile mevzuatta belirtilen ilave tanımlayıcı bilgilerden en az birinin mesajda bulunması ve gönderici bilgilerinin teyit edilmesi gerekiyor. Bu işlemlerde gönderici ve alıcının adı veya unvanı ile hesap numarası ya da işlem referansı gibi temel bilgilerin transfer mesajında bulunması yükümlülüğü devam ediyor. Ancak 30 bin TL’nin altındaki kripto transferlerinde de gönderici ve alıcıya ilişkin temel bilgiler ile cüzdan adresi veya işlem referansının mesajda bulunmasına ilişkin yükümlülük ortadan kalkmadı. Daha önce kimliği tespit edilmiş müşterinin internet veya mobil hizmet kanallarından doğrulanması ya da kuruluşta kayıtlı ve daha önce doğrulanmış cep telefonuna gönderilen tek kullanımlık SMS koduyla yeterli güvenlik doğrulaması yapılması halinde imza örneği alınmayabilecek. Ancak sistemin işlemin niteliğine ve riskine uygun olması, müşterinin kimliği konusunda yeterli güvence sağlaması ve yetkisiz kişilerin işlem yapmasını önleyecek tedbirleri içermesi gerekiyor. Dolayısıyla düzenleme ilk kez müşteri olan kişinin kimlik kontrolünün kaldırılması anlamına gelmiyor. MASAK DENETİMLERİNDE DE YENİ DÖNEM 11845 sayılı düzenlemede parasal eşiklerin gölgesinde kalan bir değişiklik daha bulunuyor. Denetim sırasında ihlal tespit edilirse ihlal aynı rapora yazılacak ve bu rapor ayrıca “yükümlülük ihlali inceleme raporu” yerine de geçecek. Böylece kapsama giren yükümlüler açısından uyum denetimi ile ihlal tespitinin raporlama süreci tek raporda birleştiriliyor. Yeni eşiklerin tamamının tam iki katına çıkarılması dikkat çekiyor. 2023’te yapılan önceki artışta da parasal sınırlar enflasyon ve yeniden değerleme oranındaki gelişmeler dikkate alınarak güncellenmişti. Bu nedenle düzenlemeyi devam eden fon soruşturmasıyla ilişkilendirmek veya “MASAK denetimleri gevşetildi” sonucuna varmak için mevcut karar metninde dayanak yok. Aksine şüpheli işlem bildiriminin tutardan bağımsız olması ilkesi aynen devam ediyor. patronlardunyasi.com Dolar 49,343 0,11% Euro 55,3133 0,15% Sterlin 65,275 -0,04% Bitcoin 4.055.458 0,71% BİST-100 12.252,26 0,32% Gram Altın 6.626,242 1,16% Gümüş 60,17 1,68% Faiz 39,26 -0,25% Yazı Boyutu: 16px 32px Yazdır Deniz DALLI 7 Ekim 2026 tarihli ve 33393 sayılı Resmî Gazete’de yayımlanan 11845 sayılı Cumhurbaşkanı Kararı, finansal sistemin geniş bir bölümünü ilgilendiren MASAK düzenlemelerinde önemli değişiklikler yaptı. patronlardunyasi.com Deniz DALLI 7 Ekim 2026 tarihli ve 33393 sayılı Resmî Gazete’de yayımlanan 11845 sayılı Cumhurbaşkanı Kararı, finansal sistemin geniş bir bölümünü ilgilendiren MASAK düzenlemelerinde önemli değişiklikler yaptı. patronlardunyasi.com MASAK düzenlemelerinde ve parasal eşiklerde yapılan önemli değişikliğin detayları Suç gelirlerinin aklanması ve terörün finansmanıyla mücadelede uygulanan parasal eşikler iki katına çıkarıldı. 7 Ekim 2026 tarihli ve 33393 sayılı Resmî Gazete’de yayımlanan 11845 sayılı Cumhurbaşkanı Kararı, finansal sistemin geniş bir bölümünü ilgilendiren MASAK düzenlemelerinde önemli değişiklikler yaptı. Türkiye’nin en büyük moda perakende zincirlerinden DeFacto, 2 kadın markasını birden alıyor. Kubur kardeşlerin kurduğu, toplamda 36 mağazası bulunan Manuka ve Fresh Scarf, DeFacto’nun bünyesine geçiyor. Hazine ve Maliye Bakanı Mehmet Şimşek, tasfiye kapsamındaki 17 fonda tasfiyelerin tamamlandığını ve 43 bin yatırımcıya ödemelerin yapıldığını belirtti. PATRONLAR DÜNYASI 2004 yılında kuruldu. İş dünyası, patronlar, finans ve genel ekonomi haberciliği alanında özgün yayıncılık yapmaktadır.",browser_full_article_dom,https://news.google.com/rss/articles/CBMitAFBVV95cUxOMzNvU1gwVkh4S3VEMVZlam9XMkw2bzlId3g1Y2laMHBWZUVGb0dac05uM2xfZ0hiQjF2bXUyUEJmazNKVHY4clVCNDAyTDRtR2xjMGJkT3BwdnhSc0h3Q2hVTHhjd0o2dTRoc2VXbTF1MEtKMXNENzZNVThZa1lBRkZjVUt0NWNTcWM4SldGQ0dhblpFWEpBNUd6dEZEZ0VVU0t5VEpOY1hyalJDOERuZUQ1Rkg?oc=5&hl=tr&gl=TR&ceid=TR:tr,,,,,,,,il yok | ilçe yok | firma yok | faaliyet/tesis yok,,,,maps araması yapılmadı,,,96.25,79
2026-10-02 22:50:06,MASAK,Kara Para / MASAK / Bahis,MASAK eski Başkan Yardımcısı Başak'tan fon krizi yorumu: Sermaye piyasası tarihinin en tahrip edici organize olayı,MASAK eski Başkan Yardımcısı Başak'tan fon krizi yorumu: Sermaye piyasası tarihinin en tahrip edici organize olayı dokuz8HABER,https://news.google.com/rss/articles/CBMi0gFBVV95cUxNN3BvWE12M3Mwb2JlMHJfSXpTUDdZSjBDS3VjSkpyejI0NV9nSlZyMzR0UWJGSWdpLUJpUnlQMmlEMzZFR3VSdWRCOC1tdFViWks5cjFEeEhHdTNtMEZGbm9tQ0NFb01nOVlWRDJ4UzdJRTNlRkVvV0ZpRHByYk9WUktrbGV2TzJSUmstTGxwTWtWYS1TSDBsWEkwZzEtXzlPLWZXTm5keXBKM1lTRHZtMkJBb051RmR0b19YRjd0NFVpQUd0cE9xWFlOU0VnTzdEUkHSAdgBQVVfeXFMT3JJR2xlU1hyZU9LNmtxVlN6SUdFOTIwcWU5QU54VUxDWC13MkxSTVVDYk9PNEV2VzViZUpoQnFjS1dNbk5LcnZwOENiTmdma2VRNWtodE9YSkR2NEkxR0d1dFlYaTRDR0Z1NjM5SnBuOXE2OS1ldXdEdVpGU29ZMlBOTFVDYmxQNDFmMkVRQXVseXBJZ1Y3eHlrU1BHODIySEIyTGNUa25ZT0JzM0JzNThXeXhUZHF3bHlXUVlydTBndnlaN2s0RmxzVWtVbUdZbEpvWHdpb1d2?oc=5,masak,,MASAK eski Başkan Yardımcısı Başak'tan fon krizi yorumu: Sermaye piyasası tarihinin en tahrip edici organize olayı dokuz8HABER,MASAK eski Başkan Yardımcısı Başak'tan fon krizi yorumu: Sermaye piyasası tarihinin en tahrip edici organize olayı MASAK eski Başkan Yardımcısı Başak'tan fon krizi yorumu: Sermaye piyasası tarihinin en tahrip edici organize olayı dokuz8HABER MASAK eski Başkan Yardımcısı Başak'tan fon krizi yorumu: Sermaye piyasası tarihinin en tahrip edici organize olayı dokuz8HABER,browser_failed,https://news.google.com/rss/articles/CBMi0gFBVV95cUxNN3BvWE12M3Mwb2JlMHJfSXpTUDdZSjBDS3VjSkpyejI0NV9nSlZyMzR0UWJGSWdpLUJpUnlQMmlEMzZFR3VSdWRCOC1tdFViWks5cjFEeEhHdTNtMEZGbm9tQ0NFb01nOVlWRDJ4UzdJRTNlRkVvV0ZpRHByYk9WUktrbGV2TzJSUmstTGxwTWtWYS1TSDBsWEkwZzEtXzlPLWZXTm5keXBKM1lTRHZtMkJBb051RmR0b19YRjd0NFVpQUd0cE9xWFlOU0VnTzdEUkHSAdgBQVVfeXFMT3JJR2xlU1hyZU9LNmtxVlN6SUdFOTIwcWU5QU54VUxDWC13MkxSTVVDYk9PNEV2VzViZUpoQnFjS1dNbk5LcnZwOENiTmdma2VRNWtodE9YSkR2NEkxR0d1dFlYaTRDR0Z1NjM5SnBuOXE2OS1ldXdEdVpGU29ZMlBOTFVDYmxQNDFmMkVRQXVseXBJZ1Y3eHlrU1BHODIySEIyTGNUa25ZT0JzM0JzNThXeXhUZHF3bHlXUVlydTBndnlaN2s0RmxzVWtVbUdZbEpvWHdpb1d2?oc=5&hl=tr&gl=TR&ceid=TR:tr,,,,,,,,il yok | ilçe yok | firma yok | faaliyet/tesis yok,,,,maps araması yapılmadı,,,105.76,80
2026-10-05 12:42:00,MASAK,Kara Para / MASAK / Bahis,Yasin Kol’un MASAK raporunda dikkat çeken detaylar,Yasin Kol’un MASAK raporunda dikkat çeken detaylar Kibris Gerçek,https://news.google.com/rss/articles/CBMihAFBVV95cUxNT05LNUR1Z2xISkRnMkR3VENSYVNhSnNRSnZUTnhRYWg4OE02SnBRSHpiYzk5QUE2MkhsV2tNZ3Nod3lKTGFVbXIyQWk5cm9YdWY5aGM5VUg2NGZpRzNqRVBOajF2Z2lCWWFGcHZDQ2htZ1BpLU1QZWlSR2cxSUU4V1Y5ekk?oc=5,masak,,"MHK soruşturmasında Yasin Kol’un hesaplarına ilişkin raporda 41 farklı IBAN ile aynı maçlarda görev yaptığı hakemlerle maç tarihleri çevresinde gerçekleşen 50 transfer dikkat çekti. MHK soruşturmasında Yasin Kol’un hesaplarına ilişkin raporda 41 farklı IBAN ile aynı maçlarda görev yaptığı hakemlerle maç tarihleri çevresinde gerçekleşen 50 transfer dikkat çekti. MHK soruşturmasında Yasin Kol’un hesaplarına ilişkin raporda 41 farklı IBAN ile aynı maçlarda görev yaptığı hakemlerle maç tarihleri çevresinde gerçekleşen 50 transfer dikkat çekti. Yasin Kol’un MASAK raporunda dikkat çeken detaylar MHK soruşturmasında Yasin Kol’un hesaplarına ilişkin raporda 41 farklı IBAN ile aynı maçlarda görev yaptığı hakemlerle maç tarihleri çevresinde gerçekleşen 50 transfer dikkat çekti. 05.10.2026 - 15:42 Yayınlanma — Paylaşım 2 Dk Okunma Süresi Paylaş Linkedin Pinterest Telegram Yazdır Kopyala A - A + Paylaş Linkedin Pinterest Telegram Yazdır Kopyala A - A + İstanbul Cumhuriyet Başsavcılığı tarafından yürütülen MHK soruşturması kapsamında gözaltına alınan üst klasman hakemi Yasin Kol’un banka hesapları ve para hareketlerine ilişkin raporda dikkat çeken tespitlere yer verildi. Emniyetin MASAK ham verileri üzerinden yaptığı ilk hesaplamada, Kol’un hesaplarında 2012-2026 yılları arasında 5 bin 978 işlemde yaklaşık 135 milyon TL’lik hareket bulunduğu değerlendirilirken, bilirkişi mükerrer kayıtları ayıkladı. Buna göre tekil transferlerin toplam tutarı 84 milyon 181 bin 512 TL olarak hesaplandı. 11 BANKADA 50 HESAP, 41 FARKLI IBAN Rapora göre Yasin Kol adına 11 bankada 50 hesap kaydı ve 41 farklı IBAN tespit edildi. Toplam para hareketinin 34 milyon 558 bin TL’sinin Kol’un kendi hesapları arasındaki işlemlerden, yaklaşık 49 milyon 481 bin TL’sinin ise üçüncü kişilerle gerçekleştirilen transferlerden oluştuğu belirtildi. Kendi hesapları arasındaki işlemler çıkarıldığında Kol’un 187 farklı kişiden 25 milyon 301 bin 671 TL aldığı, 407 kişiye ise 24 milyon 179 bin 269 TL gönderdiği kaydedildi. AYNI MAÇTA GÖREV YAPTIĞI HAKEMLERLE 50 İŞLEM Rapordaki en dikkat çekici tespitlerden biri, Kol ile aynı karşılaşmalarda görev yapan hakemlerle gerçekleştirilen para transferleri oldu. Kol ile en az bir maçta birlikte görev yaptığı isimlerle eşleşen 64 banka karşı tarafı tespit edilirken, bu kişilerden Kol’a 218 bin 668 TL geldiği, Kol’dan aynı isimlere ise 853 bin 472 TL gönderildiği belirtildi. Maç takvimiyle banka işlemlerinin karşılaştırılması sonucunda 50 işlemin ortak maçın üç gün öncesi ile iki gün sonrasındaki zaman diliminde gerçekleştiği tespit edildi. Bu işlemlerin 47’sinin Kol’dan diğer hakemlere yapılan ödemeler olduğu , 47 ödemenin 44’ünde Kol’un maçın hakemi, para gönderilen kişilerin ise yardımcı veya dördüncü hakem olduğu kaydedildi. Rapora göre 40 transfer maç başladıktan sonra gerçekleştirildi. Bilirkişi tarafından farklı tarihler üzerinden yapılan kontrol testlerinde benzer yoğunluğa rastlanmadığı ve söz konusu dağılımın rastlantısal görünmediği değerlendirilirken, ödemelerin nedeninin yalnızca banka kayıtları üzerinden belirlenemediğinin de altı çizildi. YASA DIŞI BAHİS KAYDI BULUNAN İSİMLERLE PARA HAREKETLERİ Raporda, 7258 sayılı Kanun kapsamında olay kaydı bulunan üç isimle gerçekleştirilen para hareketleri de incelendi. Kol’dan söz konusu üç kişiye 32 işlemde toplam 425 bin 200 TL gönderildiği, bu kişilerden Kol’a ise 87 bin 688 TL geldiği belirtildi. Dosya kayıtlarında bu kişilerden birinin tanık, ikisinin ise şüpheli sıfatıyla yer aldığı aktarıldı. Hülya Avşar Cup’ta heyecan sürüyor: Günün kazananları belli oldu İçeriği Görüntüle KOL: “BAHİS OYNAMADIM” Yasin Kol’un emniyet ifadesinde bazı para hareketlerini borç, tadilat, araç alışverişi, yemek ve ulaşım giderleri ile kişisel ilişkiler üzerinden açıkladığı, bazı işlemleri ise hatırlamadığını söylediği belirtildi. Kol ayrıca yasa dışı bahis sitesine üyeliğinin bulunmadığını ve bahis oynamadığını ifade etti. Emniyet tutanağında para hareketleri üzerinden Kol’un yasa dışı bahis oynadığı yönünde kanaat oluştuğu belirtilirken, bilirkişi raporunda banka işlem açıklamalarında “bahis”, “iddaa”, “kupon” veya “casino” gibi ifadelerin bulunmadığı kaydedildi. Bilirkişi ayrıca, incelenen para trafiğinin tek başına tipik bir “havuz hesap” görünümü ortaya koymadığına dikkat çekti. Editörün Seçtiği Brad Pitt ve Ines de Ramon’dan ABD Açık’ta romantik anlar Editörün Seçtiği GİRNE TURİZM LİMANI YÜKÜ TAŞIYAMIYOR! Editörün Seçtiği TBMM’de KKTC İçin Yeni İsim Tartışması Bunlar da ilg",Yasin Kol’un MASAK raporunda dikkat çeken detaylar Yasin Kol’un MASAK raporunda dikkat çeken detaylar Kibris Gerçek MHK soruşturmasında Yasin Kol’un hesaplarına ilişkin raporda 41 farklı IBAN ile aynı maçlarda görev yaptığı hakemlerle maç tarihleri çevresinde gerçekleşen 50 transfer dikkat çekti. Yasin Kol’un MASAK raporunda dikkat çeken detaylar MHK soruşturmasında Yasin Kol’un hesaplarına ilişkin raporda 41 farklı IBAN ile aynı maçlarda görev yaptığı hakemlerle maç tarihleri çevresinde gerçekleşen 50 transfer dikkat çekti. 05.10.2026 - 15:42 Yayınlanma —,browser_full_article,https://www.kibrisgercek.com/yasin-kolun-masak-raporunda-dikkat-ceken-detaylar,,,,,,,,il yok | ilçe yok | firma yok | faaliyet/tesis yok,,,,maps araması yapılmadı,,,64.0,81
2026-10-04 10:07:23,MASAK,Kara Para / MASAK / Bahis,Tıbbi cihaz kiralama vaadiyle dolandırıcılık soruşturması: MASAK kayıtlarında 831 milyon liralık işlem hacmi çıktı,Tıbbi cihaz kiralama vaadiyle dolandırıcılık soruşturması: MASAK kayıtlarında 831 milyon liralık işlem hacmi çıktı Son Dakika,https://news.google.com/rss/articles/CBMioAFBVV95cUxQeVk3ekxScm4yMTh1UElSVWtYNUM0bnBYRGlQVkpwQmJkV3czaENvbDU5YV9md0VXSUh2RWNraDd4eEpzdVBYXzJoNEJsVnJ4M0NTNHlhT0F2RTdnS2tZa2xneVlOU3FpRGJJZU56QlFBWENfbmg2NUN5SUxsWm1RME1HUnJPWFVtTEVTeExia1l6d1l1NlA1bkRlNVpmMVlS0gGcAUFVX3lxTFBpWEpDRWItcWMwTEJvNFRJWWlsd0RwYmpTRzlHRW9Jei15V0tQSzVzUXVRN0ptNVVKUkJkMk93bC1hLXFxb0xzRXJoUnBiUzByN3FNa1dndjRJTFhqcTJXMjBVdUZ3LUNreXlwNktieGRjMXZCY2ZEdEFPWjhMMm0wQk80b0l0bW1Vc3FQclFQTUNQNWE5TTk4R2puaw?oc=5,masak,,Tıbbi cihaz kiralama vaadiyle dolandırıcılık soruşturması: MASAK kayıtlarında 831 milyon liralık işlem hacmi çıktı Son Dakika,Tıbbi cihaz kiralama vaadiyle dolandırıcılık soruşturması: MASAK kayıtlarında 831 milyon liralık işlem hacmi çıktı Tıbbi cihaz kiralama vaadiyle dolandırıcılık soruşturması: MASAK kayıtlarında 831 milyon liralık işlem hacmi çıktı Son Dakika Tıbbi cihaz kiralama vaadiyle dolandırıcılık soruşturması: MASAK kayıtlarında 831 milyon liralık işlem hacmi çıktı Son Dakika,browser_failed,https://news.google.com/rss/articles/CBMioAFBVV95cUxQeVk3ekxScm4yMTh1UElSVWtYNUM0bnBYRGlQVkpwQmJkV3czaENvbDU5YV9md0VXSUh2RWNraDd4eEpzdVBYXzJoNEJsVnJ4M0NTNHlhT0F2RTdnS2tZa2xneVlOU3FpRGJJZU56QlFBWENfbmg2NUN5SUxsWm1RME1HUnJPWFVtTEVTeExia1l6d1l1NlA1bkRlNVpmMVlS0gGcAUFVX3lxTFBpWEpDRWItcWMwTEJvNFRJWWlsd0RwYmpTRzlHRW9Jei15V0tQSzVzUXVRN0ptNVVKUkJkMk93bC1hLXFxb0xzRXJoUnBiUzByN3FNa1dndjRJTFhqcTJXMjBVdUZ3LUNreXlwNktieGRjMXZCY2ZEdEFPWjhMMm0wQk80b0l0bW1Vc3FQclFQTUNQNWE5TTk4R2puaw?oc=5&hl=tr&gl=TR&ceid=TR:tr,,,,,,,,il yok | ilçe yok | firma yok | faaliyet/tesis yok,,,,maps araması yapılmadı,,,95.5,82
2026-10-08 07:35:00,yasadışı bahis,Kara Para / MASAK / Bahis,Milyonluk yasa dışı bahis çetesine MASAK darbesi: Bingöl merkezli 9 gözaltı,Milyonluk yasa dışı bahis çetesine MASAK darbesi: Bingöl merkezli 9 gözaltı Yeni Birlik,https://news.google.com/rss/articles/CBMixAFBVV95cUxNLW9zOWwyZDdUVjlETVlBTmdES2VsX21GY2IwTEZGREV0bDRpNS1EMENobkZrTWNNSExhSUVtb0RHUTlmRy1jZzJHNTJ2ekJDMDMxdkpOaDNxNHFKZ01QbUxSRFpvdzhOSkhjeGtIdVBqeW5QYS0zSUFWWUFoSUh0VS1oRmdPdldRMldrczM2eDRGNVhXUzVZMmduMm1VTS02azhWN2lFc21lb0ZqaXl5Vm8yWm9NbDJ5R2tIdlV6bllsYmJv?oc=5,masak,,Milyonluk yasa dışı bahis çetesine MASAK darbesi: Bingöl merkezli 9 gözaltı Yeni Birlik,Milyonluk yasa dışı bahis çetesine MASAK darbesi: Bingöl merkezli 9 gözaltı Milyonluk yasa dışı bahis çetesine MASAK darbesi: Bingöl merkezli 9 gözaltı Yeni Birlik Milyonluk yasa dışı bahis çetesine MASAK darbesi: Bingöl merkezli 9 gözaltı Yeni Birlik,browser_failed,https://news.google.com/rss/articles/CBMixAFBVV95cUxNLW9zOWwyZDdUVjlETVlBTmdES2VsX21GY2IwTEZGREV0bDRpNS1EMENobkZrTWNNSExhSUVtb0RHUTlmRy1jZzJHNTJ2ekJDMDMxdkpOaDNxNHFKZ01QbUxSRFpvdzhOSkhjeGtIdVBqeW5QYS0zSUFWWUFoSUh0VS1oRmdPdldRMldrczM2eDRGNVhXUzVZMmduMm1VTS02azhWN2lFc21lb0ZqaXl5Vm8yWm9NbDJ5R2tIdlV6bllsYmJv?oc=5&hl=tr&gl=TR&ceid=TR:tr,Bingöl,,,,,,,ilçe yok | firma yok | faaliyet/tesis yok,,,,maps araması yapılmadı,,,86.12,83
2026-10-05 07:47:00,yasa dışı bahis,Diğer,Padua: ADM halka açık kumar oyunlarını denetledi: beş yasadışı makineye el konuldu ve toplam 50.000 € para cezası kesildi.,Padua: ADM halka açık kumar oyunlarını denetledi: beş yasadışı makineye el konuldu ve toplam 50.000 € para cezası kesildi. PressGiochi,https://news.google.com/rss/articles/CBMi1gFBVV95cUxPcjVoRlhYNUo3aHl3OXVxTUhXZXR1R0ZOOVpfdG96QWxLSHVqcmRrcUtJcDVWbzRVaWFYcU1QVnpJSzVqQlBmZGJhU1BJdVAwcjRDSnp1cEs4UkdreUM4WlZRNG9JMHJ2QlIxTmJuQmxtT3Q0OXhkQjlqUGFSVW5PTjN2ZlhJVHFoZ1ZBaVZjbFJ2THc5ZDhrQlBNZU5RNWRHb0lYN2hUY0hsVDVOMDRnU3hWN1FWM05MQTdfYWU3RGpHLTBHX2RCWXpXZjFmY20zRVgyVUxR?oc=5,el konuldu,,Padua: ADM halka açık kumar oyunlarını denetledi: beş yasadışı makineye el konuldu ve toplam 50.000 € para cezası kesildi. PressGiochi,Padua: ADM halka açık kumar oyunlarını denetledi: beş yasadışı makineye el konuldu ve toplam 50.000 € para cezası kesildi. Padua: ADM halka açık kumar oyunlarını denetledi: beş yasadışı makineye el konuldu ve toplam 50.000 € para cezası kesildi. PressGiochi Padua: ADM halka açık kumar oyunlarını denetledi: beş yasadışı makineye el konuldu ve toplam 50.000 € para cezası kesildi.,browser_failed,https://news.google.com/rss/articles/CBMi1gFBVV95cUxPcjVoRlhYNUo3aHl3OXVxTUhXZXR1R0ZOOVpfdG96QWxLSHVqcmRrcUtJcDVWbzRVaWFYcU1QVnpJSzVqQlBmZGJhU1BJdVAwcjRDSnp1cEs4UkdreUM4WlZRNG9JMHJ2QlIxTmJuQmxtT3Q0OXhkQjlqUGFSVW5PTjN2ZlhJVHFoZ1ZBaVZjbFJ2THc5ZDhrQlBNZU5RNWRHb0lYN2hUY0hsVDVOMDRnU3hWN1FWM05MQTdfYWU3RGpHLTBHX2RCWXpXZjFmY20zRVgyVUxR?oc=5&hl=tr&gl=TR&ceid=TR:tr,,,,,,,,il yok | ilçe yok | firma yok | faaliyet/tesis yok,,,,maps araması yapılmadı,,,111.84,84
2026-10-05 20:14:47,MASAK raporu,Kara Para / MASAK / Bahis,Hakem Yasin Kol'un MASAK raporları ortaya çıktı: 135 milyonluk işlem hacmi tespit edildi,Hakem Yasin Kol'un MASAK raporları ortaya çıktı: 135 milyonluk işlem hacmi tespit edildi Bundle,https://news.google.com/rss/articles/CBMi7AFBVV95cUxNa2xoaHRIRWVRTU9Ub042VHdSZzlJM0NBa3JKdUk1TnZSdGowYWRyamFHSUN2VVA4aFViOWF6ZkgzTUsxcUZWOW1aUDVIR1ZUd2tkVWktcEJtZWlUeEptSzZaS2lOWEJMRzJFZ0dObGlrb1E0dXYxV0ZCZUhfdFRFWVFxZER0WEs1ZnVBeFdlTlRkREtIVVYyZDZWMHpHVTZleGEydGJFSmxjSjkzdXgwQ0FFTHRHa0ltYU9nM1dLNjgwdG9pbFFsMjg0N0ZGV3dNNEVqSGY1OGxYZmtmNXNUZFE5SWFCcUZmclFnVA?oc=5,masak,,Hakem Yasin Kol'un MASAK raporları ortaya çıktı: 135 milyonluk işlem hacmi tespit edildi Sputnik Türkiye . 4 Gün Önce Hakem Yasin Kol'un MASAK raporları ortaya Hakem Yasin Kol'un MASAK raporları ortaya çıktı: 135 milyonluk işlem hacmi tespit edildi Sputnik Türkiye . 4 Gün Önce Hakem Yasin Kol'un MASAK raporları ortaya Hakem Yasin Kol'un MASAK raporları ortaya çıktı: 135 milyonluk işlem hacmi tespit edildi Sputnik Türkiye . 4 Gün Önce Hakem Yasin Kol'un MASAK raporları ortaya,Hakem Yasin Kol'un MASAK raporları ortaya çıktı: 135 milyonluk işlem hacmi tespit edildi Hakem Yasin Kol'un MASAK raporları ortaya çıktı: 135 milyonluk işlem hacmi tespit edildi Bundle Hakem Yasin Kol'un MASAK raporları ortaya çıktı: 135 milyonluk işlem hacmi tespit edildi Sputnik Türkiye . 4 Gün Önce Hakem Yasin Kol'un MASAK raporları ortaya Hakem Yasin Kol'un MASAK raporları ortaya çıktı: 135 milyonluk işlem hacmi tespit edildi Sputnik Türkiye . 4 Gün Önce Hakem Yasin Kol'un MASAK raporları ortaya,browser_full_article,https://www.bundle.app/tr/gundem/hakem-yasin-kolun-masak-raporlari-ortaya-cikti-135-milyonluk-islem-hacmi-tespit-edildi-02f02371-1f10-556b-9424-46580dcb9620,,,,,,,,il yok | ilçe yok | firma yok | faaliyet/tesis yok,,,,maps araması yapılmadı,,,88.54,85
2026-10-05 12:22:00,MASAK raporu,Kara Para / MASAK / Bahis,Vanspor-Antalyaspor Maçının Hakemiyle İlgili MASAK Raporu Ortaya Çıktı,Vanspor-Antalyaspor Maçının Hakemiyle İlgili MASAK Raporu Ortaya Çıktı Van Haber Gazetesi,https://news.google.com/rss/articles/CBMipgFBVV95cUxQanVHU3Q3V3MtQ0RwRGhMRnZpTUxPU2ZoTS1RTXNFRGN4SThrMGVpVWpLYkVVMXBCYVZBUjByR2Q2WXV2Wkx0WkVnY3N5ZHY4R0V4bFVmS3ZyZ3BCOTdTMDBkN1hycTJmTmdRVTQ1emU1R2gybHVfNWhlU21aa0M2QnpFalVxSHZ6bGhBMklUX3lTcDhwREZYTm9YanF0QzNxbWRGNDVR?oc=5,masak,,"Artı Değer Vanspor FK’nın 20 Eylül 2026’da Antalyaspor’a 3-0 mağlup olduğu karşılaşmada VAR hakemi olarak görev yapan Süper Lig hakemi Yasin Kol hakkında hazırlanan MASAK raporunun ayrıntıları ortaya çıktı. Artı Değer Vanspor FK’nın 20 Eylül 2026’da Antalyaspor’a 3-0 mağlup olduğu karşılaşmada VAR hakemi olarak görev yapan Süper Lig hakemi Yasin Kol hakkında hazırlanan MASAK raporunun ayrıntıları ortaya çıktı. Artı Değer Vanspor FK’nın 20 Eylül 2026’da Antalyaspor’a 3-0 mağlup olduğu karşılaşmada VAR hakemi olarak görev yapan Süper Lig hakemi Yasin Kol hakkında hazırlanan MASAK raporunun ayrıntıları ortaya çıktı. Spor Ekonomi Gündem Van Vanspor-Antalyaspor Maçının Hakemiyle İlgili MASAK Raporu Ortaya Çıktı Artı Değer Vanspor FK’nın 20 Eylül 2026’da Antalyaspor’a 3-0 mağlup olduğu karşılaşmada VAR hakemi olarak görev yapan Süper Lig hakemi Yasin Kol hakkında hazırlanan MASAK raporunun ayrıntıları ortaya çıktı. ZEYNEP BOZKURT SAY Editör 05.10.2026 - 15:22 Yayınlanma — Paylaşım 2 Dk Okunma Süresi Paylaş Linkedin Pinterest Telegram Yazdır Kopyala A - A + Paylaş Linkedin Pinterest Telegram Yazdır Kopyala A - A + İstanbul Cumhuriyet Başsavcılığı tarafından yürütülen ve kamuoyunda “hakemler dosyası” olarak bilinen yasa dışı bahis soruşturması kapsamında gözaltına alınan Yasin Kol, daha sonra adliyeye sevk edildi. Soruşturma kapsamında Kol hakkında Mali Suçları Araştırma Kurulu (MASAK) tarafından hazırlanan inceleme tutanağında, 2012-2026 yılları arasındaki finansal hareketlerine ilişkin dikkat çekici rakamlar yer aldı. MASAK RAPORUNDA 135 MİLYON TL’LİK İŞLEM HACMİ Rapora göre Yasin Kol’un hesaplarında söz konusu dönemde 5 bin 978 işlem gerçekleştirildi. Bu işlemlerde hesaplardan toplam 72,1 milyon lira çıkış, hesaplara ise 62,5 milyon lira giriş olduğu belirlendi. Böylece incelenen dönemde toplam işlem hacminin yaklaşık 135 milyon lira seviyesine ulaştığı aktarıldı. Raporda ayrıca finansal hareketliliğin özellikle 2020 sonrasında belirgin şekilde arttığı, 2024-2026 döneminde ise bu artışın hız kazandığı belirtildi. 2026 yılına ilişkin kayıtlarda yaklaşık 22,3 milyon liralık para girişine karşılık 40,8 milyon liralık çıkış bulunduğu ifade edildi. VANSPOR MAÇINDA VAR GÖREVİNDEYDİ Yasin Kol’un adı Vanspor açısından da dikkat çekiyor. Kol, 20 Eylül 2026 tarihinde oynanan Antalyaspor-Artı Değer Vanspor FK karşılaşmasında VAR hakemi olarak görev yaptı. Antalyaspor’un 3-0 galibiyetiyle tamamlanan karşılaşmanın ardından Kol’un daha sonra yürütülen soruşturma kapsamında gözaltına alınması, Vanspor taraftarlarının da gelişmeye dikkat kesilmesine neden oldu. YASİN KOL HAKKINDA HANGİ İDDİALAR BULUNUYOR? Soruşturma kapsamında Yasin Kol hakkında yasa dışı bahis, resmi belgede sahtecilik ve görevi kötüye kullanma suçlamalarının bulunduğu bildirildi. Ayrıca soruşturma dosyasında Kol’un görev aldığı karşılaşmalardaki hakem atamalarıyla ilgili çeşitli iddiaların da incelendiği aktarıldı. Ancak soruşturma kapsamında hazırlanan rapor ve yöneltilen suçlamalar, tek başına Kol’un suçlu olduğu anlamına gelmiyor. Yargı sürecinin sonucunun beklenmesi gerekiyor. Adana 01 FK-12 Bingölspor maçı saat kaçta, hangi kanalda? İçeriği Görüntüle HAKEMLER SORUŞTURMASI GENİŞLİYOR İstanbul Cumhuriyet Başsavcılığı koordinesinde sürdürülen soruşturma kapsamında daha önce MHK Başkanı Ferhat Gündoğdu ile bazı hakem, gözlemci ve futbol hakemliği yapılanmalarında görev alan isimler hakkında da işlem yapılmıştı. Soruşturma kapsamında bazı şüpheliler tutuklanırken, bazı isimler hakkında adli kontrol tedbirleri uygulanmıştı. Son olarak Yasin Kol ve Süper Lig yardımcı hakemi Göktuğ Hazar Erel’in de soruşturma kapsamında gözaltına alındığı bildirilmişti. Muhabir: EROL YİĞİT Editör Hakkında ZEYNEP BOZKURT SAY Bunlar da ilginizi",Vanspor-Antalyaspor Maçının Hakemiyle İlgili MASAK Raporu Ortaya Çıktı Vanspor-Antalyaspor Maçının Hakemiyle İlgili MASAK Raporu Ortaya Çıktı Van Haber Gazetesi Artı Değer Vanspor FK’nın 20 Eylül 2026’da Antalyaspor’a 3-0 mağlup olduğu karşılaşmada VAR hakemi olarak görev yapan Süper Lig hakemi Yasin Kol hakkında hazırlanan MASAK raporunun ayrıntıları ortaya çıktı. Spor Ekonomi Gündem Van Vanspor-Antalyaspor Maçının Hakemiyle İlgili MASAK Raporu Ortaya Çıktı Artı Değer Vanspor FK’nın 20 Eylül 2026’da Antalyaspor’a 3-0 mağlup olduğu karşılaşmada VAR hakemi olarak görev yapan Süper Lig hakemi Yasin Kol hakkında hazırlanan MASAK raporunun ayrıntıları ortaya çıktı. ZEYNEP BOZKURT SAY Editör 05.10.2026 - 15:22 Yayınlanma — P,browser_full_article,https://www.vanhabergazetesi.com/vanspor-antalyaspor-macinin-hakemiyle-ilgili-masak-raporu-ortaya-cikti,,,,,,,,il yok | ilçe yok | firma yok | faaliyet/tesis yok,,,,maps araması yapılmadı,,,88.25,86
2026-10-02 17:50:02,MASAK raporu,Kara Para / MASAK / Bahis,"Ferhat Gündoğdu emniyet ifadesi ortaya çıktı mı, hakemler dosyasında ne dedi, sınav soruları ve MASAK raporu detayı ne?","Ferhat Gündoğdu emniyet ifadesi ortaya çıktı mı, hakemler dosyasında ne dedi, sınav soruları ve MASAK raporu detayı ne? Yeni Birlik",https://news.google.com/rss/articles/CBMi8gFBVV95cUxQU19VQkxyYzVSVGFEOERFZ25nN1Q1OGhlU2RlNjVBNkVKN01ONHVrUXBuNTQyUzBkVkpsbUxVNE4zUkFWeEh2bGNxR3Nua0lRU2lkVy1Mc3BxTF9DSFN1cVloc010c1VBSFVtSW9JQURmakxwcTBqbHZWc1hnWF9NSjNEVDBQMVRkRXNJQ2VlV1RiSnhvb3N1ZU4tbmsxcVJKVWowcDlkdmVSMEJvQkdxOG1yRjdCTlpLRGdNRWZGdkd6MDBNWFN3TjItOTBVSEZxS0lmejRXWjhYUGhXd3lBOFFSeGR3U1VYLTNzM21FYmV6UQ?oc=5,masak,,"Ferhat Gündoğdu emniyet ifadesi detayları belli oldu! Hakemler dosyası soruşturmasında Ferhat Gündoğdu ne söyledi, sınav soruları iddiasına ne yanıt verdi, MASAK para hareketleri ve HTS açıklaması ne? Tüm detaylar haberimizde. Ferhat Gündoğdu emniyet ifadesi detayları belli oldu! Hakemler dosyası soruşturmasında Ferhat Gündoğdu ne söyledi, sınav soruları iddiasına ne yanıt verdi, MASAK para hareketleri ve HTS açıklaması ne? Tüm detaylar haberimizde. Ferhat Gündoğdu emniyet ifadesi detayları belli oldu! Hakemler dosyası soruşturmasında Ferhat Gündoğdu ne söyledi, sınav soruları iddiasına ne yanıt verdi, MASAK para hareketleri ve HTS açıklaması ne? Tüm detaylar haberimizde.","Ferhat Gündoğdu emniyet ifadesi ortaya çıktı mı, hakemler dosyasında ne dedi, sınav soruları ve MASAK raporu detayı ne? Ferhat Gündoğdu emniyet ifadesi ortaya çıktı mı, hakemler dosyasında ne dedi, sınav soruları ve MASAK raporu detayı ne? Yeni Birlik Ferhat Gündoğdu emniyet ifadesi detayları belli oldu! Hakemler dosyası soruşturmasında Ferhat Gündoğdu ne söyledi, sınav soruları iddiasına ne yanıt verdi, MASAK para hareketleri ve HTS açıklaması ne?",browser_full_article,https://www.gazetebirlik.com/gundem/ferhat-gundogdu-emniyet-ifadesi-ortaya-cikti-mi-hakemler-dosyasinda-ne-dedi-sinav-sorulari-ve-masak-raporu-detayi-ne/1107140,,,,,,,,il yok | ilçe yok | firma yok | faaliyet/tesis yok,,,,maps araması yapılmadı,,,115.05,87
2026-10-08 20:14:47,dolandırıcılık,Dolandırıcılık / Sahtecilik,İzmir'de aynı taşınmazı birden fazla kişiye satarak dolandırıcılık yaptığı iddia edilen inşaat firmasına operasyon,İzmir'de aynı taşınmazı birden fazla kişiye satarak dolandırıcılık yaptığı iddia edilen inşaat firmasına operasyon Hürriyet,https://news.google.com/rss/articles/CBMiqAFBVV95cUxNV1VVYVY4VjdsNWdMTzhULUsxMlhUb0Z4cmxPYkZMVmpJMkRidmVMcTdTQnNGRS1SWnpOZ3dkZUVTd3dJdnV3UDBBcGZUNzJ3M24xelQtZ1pnS1duVDd0V01PODZ5WVctTjhIQnZmTUl3MkhvbFRqNV9IWHJMbnY2SXMzd1I0YjVHdFFnZXFiWWRrckcyOGNQSk1YOWZmenhrOFVySFYzSjQ?oc=5,"firma, inşaat",şirket / firma,İzmir'de aynı taşınmazı birden fazla kişiye satarak dolandırıcılık yaptığı iddia edilen inşaat firmasına operasyon Hürriyet,İzmir'de aynı taşınmazı birden fazla kişiye satarak dolandırıcılık yaptığı iddia edilen inşaat firmasına operasyon İzmir'de aynı taşınmazı birden fazla kişiye satarak dolandırıcılık yaptığı iddia edilen inşaat firmasına operasyon Hürriyet İzmir'de aynı taşınmazı birden fazla kişiye satarak dolandırıcılık yaptığı iddia edilen inşaat firmasına operasyon Hürriyet,browser_failed,https://news.google.com/rss/articles/CBMiqAFBVV95cUxNV1VVYVY4VjdsNWdMTzhULUsxMlhUb0Z4cmxPYkZMVmpJMkRidmVMcTdTQnNGRS1SWnpOZ3dkZUVTd3dJdnV3UDBBcGZUNzJ3M24xelQtZ1pnS1duVDd0V01PODZ5WVctTjhIQnZmTUl3MkhvbFRqNV9IWHJMbnY2SXMzd1I0YjVHdFFnZXFiWWRrckcyOGNQSk1YOWZmenhrOFVySFYzSjQ?oc=5&hl=tr&gl=TR&ceid=TR:tr,İzmir,,,,,,,ilçe yok | firma yok | faaliyet/tesis yok,,,,maps araması yapılmadı,,,114.98,88
2026-10-08 16:03:52,nitelikli dolandırıcılık,Dolandırıcılık / Sahtecilik,155 milyon TL'lik dolandırıcılık soruşturması: Yurt dışına kaçan 2 şirket yöneticisi yakalandı,155 milyon TL'lik dolandırıcılık soruşturması: Yurt dışına kaçan 2 şirket yöneticisi yakalandı Ödemiş Haber,https://news.google.com/rss/articles/CBMizwFBVV95cUxOT21WT2xSNXFidk9FZFBEbHI1OFg1cFFUSWZmdE9SblhWNU9tR0NEWXpGRk5GNHJDM1VVYWFCSW5qTDVCLWhnRVhaeGJmTUhOSkNCdnRhVkltWW50Zy1DODdDUEJCdXhzMlEtVFphcVlUalBNaW1RV3A2ZUFEZmxNZFFVQ05NN0FsaHpsRW5lNERnWUwzRDNieTFmYnRJelJPZTZwWWNya3ZidmU2M3ozS191eWxySHhPSjgzcWtsWXVNWTZhczB1QlM0SllJWjTSAdQBQVVfeXFMTWE3d24tN2hFaFpLLU83aFhkWVFkSUpYd0Jybk0zZmZjd2ZBLXdHTDZ3bzlicUgyNXJnVTF1MlJPUjZlZXBkdXlyN0p3a0RCU2dvOERsaG8xRUdJM205cS1vemNTcDhFeFlWalh2X3Y0ODh3QTU5ZzRManRHSm5IbHhHck91TTFlQ0cydDFyQVZvb2VCZU9GdG1CSGE3OXlDVmM4dWdITDQ3R0x1SkdmdVF3MVhlUWJib0ZJVVRHUTM1dGVsdE81N3B5cjlvZWh3bUw2ZEI?oc=5,şirket,şirket / firma,"www.kucukmenderes.com.tr Güvenlik doğrulaması yapılıyor Bu web sitesi, kötü niyetli botlara karşı korunmak için bir güvenlik hizmeti kullanıyor. Web sitesi bir bot olmadığınızı doğrularken bu sayfa görüntülenir. Doğrulama başarılı. www.kucukmenderes.com.tr adresinin yanıt vermesi bekleniyor Güvenlik doğrulaması yapılıyor Doğrulama başarılı. www.kucukmenderes.com.tr adresinin yanıt vermesi bekleniyor Bu web sitesi, kötü niyetli botlara karşı korunmak için bir güvenlik hizmeti kullanıyor. Web sitesi bir bot olmadığınızı doğrularken bu sayfa görüntülenir.","155 milyon TL'lik dolandırıcılık soruşturması: Yurt dışına kaçan 2 şirket yöneticisi yakalandı 155 milyon TL'lik dolandırıcılık soruşturması: Yurt dışına kaçan 2 şirket yöneticisi yakalandı Ödemiş Haber www.kucukmenderes.com.tr Güvenlik doğrulaması yapılıyor Bu web sitesi, kötü niyetli botlara karşı korunmak için bir güvenlik hizmeti kullanıyor. Web sitesi bir bot olmadığınızı doğrularken bu sayfa görüntülenir. www.kucukmenderes.com.tr adresinin yanıt vermesi bekleniyor Güvenlik doğrulaması yapılıyor Doğrulama başarılı. www.kucukmenderes.com.tr adresinin yanıt vermesi bekleniyor Bu web sitesi, kötü niyetli botlara karşı korunmak için bir güvenlik hizmeti kullanıyor.",browser_full_article,https://www.kucukmenderes.com.tr/155-milyon-tl-lik-dolandiricilik-sorusturmasi-yurt-disina-kacan-2-sirket-yoneticisi-yakalandi/177360/,,,,,,,,il yok | ilçe yok | firma yok | faaliyet/tesis yok,,,,maps araması yapılmadı,,,95.33,89
2026-10-06 23:14:47,mali kriz,Banka / Finansal Kuruluş,Filistin: İsrail'in geçici bankacılık kararları ekonomimizi ciddi risklerle karşı karşıya bırakıyor,Filistin: İsrail'in geçici bankacılık kararları ekonomimizi ciddi risklerle karşı karşıya bırakıyor Anadolu Ajansı,https://news.google.com/rss/articles/CBMi0gFBVV95cUxPVkQ3YVVubU9aTE5UbHh1WWZva0cxOFZuR1VtTWJJb0NOUThoejJlQ1NVdkF2M293Y1JUSk52NkJsZWxqVjU4dko5Q1lhMU1CRVBTME81b0syYzU2VWM2ZkM0b18tU2FhYUZscU5VaW9uSHl3U1c2enZxMUJkMmZpLS10ZmFtWEVYbU02OThDa0Z5cURVVHZ1V05IYldaS1Q2dzg0LWR3WXc0elFndVNvdElvZ19aWkJ3ekhoN0NUbUVMR29PdTJRWV93b2RPNFlWQkE?oc=5,"banka, bankacılık",finansal kuruluş,Filistin: İsrail'in geçici bankacılık kararları ekonomimizi ciddi risklerle karşı karşıya bırakıyor Anadolu Ajansı,Filistin: İsrail'in geçici bankacılık kararları ekonomimizi ciddi risklerle karşı karşıya bırakıyor Filistin: İsrail'in geçici bankacılık kararları ekonomimizi ciddi risklerle karşı karşıya bırakıyor Anadolu Ajansı Filistin: İsrail'in geçici bankacılık kararları ekonomimizi ciddi risklerle karşı karşıya bırakıyor Anadolu Ajansı,browser_failed,https://news.google.com/rss/articles/CBMi0gFBVV95cUxPVkQ3YVVubU9aTE5UbHh1WWZva0cxOFZuR1VtTWJJb0NOUThoejJlQ1NVdkF2M293Y1JUSk52NkJsZWxqVjU4dko5Q1lhMU1CRVBTME81b0syYzU2VWM2ZkM0b18tU2FhYUZscU5VaW9uSHl3U1c2enZxMUJkMmZpLS10ZmFtWEVYbU02OThDa0Z5cURVVHZ1V05IYldaS1Q2dzg0LWR3WXc0elFndVNvdElvZ19aWkJ3ekhoN0NUbUVMR29PdTJRWV93b2RPNFlWQkE?oc=5&hl=tr&gl=TR&ceid=TR:tr,,,,,,,,il yok | ilçe yok | firma yok | faaliyet/tesis yok,,,,maps araması yapılmadı,,,85.14,90
2026-10-09 06:36:10,mali kriz,Banka / Finansal Kuruluş,Avrupa tahvil piyasalarında kriz endişesi: Gözler Avrupa Merkez Bankası’na çevrildi,Avrupa tahvil piyasalarında kriz endişesi: Gözler Avrupa Merkez Bankası’na çevrildi ekotürk,https://news.google.com/rss/articles/CBMiwAFBVV95cUxQQVNtRVlLcE9SMDZ6NzNfX1J1TkgxY1pJM1EtUi1KM0lmUFFQMnFVSURzb1FqVlR1OFBDZkFZRDVlaFRUb21mMTVrWGN5UGdjeWNUclRNUGZwWGZWeW82UTB2SHR3RlZCWmVfSGM2MlhXa2x1Zmo3eklqb0VCcWg1bURRTjcyU0p2a2hHdnlFR21ibWhieGZoQ3QyWHdNdHRlMG1pQ1Mydjk4c1JhRHFmOWQtejJrV2dPUjhuczc3OWw?oc=5,banka,finansal kuruluş,Avrupa tahvil piyasalarında kriz endişesi: Gözler Avrupa Merkez Bankası’na çevrildi ekotürk,Avrupa tahvil piyasalarında kriz endişesi: Gözler Avrupa Merkez Bankası’na çevrildi Avrupa tahvil piyasalarında kriz endişesi: Gözler Avrupa Merkez Bankası’na çevrildi ekotürk Avrupa tahvil piyasalarında kriz endişesi: Gözler Avrupa Merkez Bankası’na çevrildi ekotürk,browser_failed,https://news.google.com/rss/articles/CBMiwAFBVV95cUxQQVNtRVlLcE9SMDZ6NzNfX1J1TkgxY1pJM1EtUi1KM0lmUFFQMnFVSURzb1FqVlR1OFBDZkFZRDVlaFRUb21mMTVrWGN5UGdjeWNUclRNUGZwWGZWeW82UTB2SHR3RlZCWmVfSGM2MlhXa2x1Zmo3eklqb0VCcWg1bURRTjcyU0p2a2hHdnlFR21ibWhieGZoQ3QyWHdNdHRlMG1pQ1Mydjk4c1JhRHFmOWQtejJrV2dPUjhuczc3OWw?oc=5&hl=tr&gl=TR&ceid=TR:tr,,,,,,,,il yok | ilçe yok | firma yok | faaliyet/tesis yok,,,,maps araması yapılmadı,,,71.16,91
2026-10-08 07:44:00,mali kriz,Banka / Finansal Kuruluş,"Karaca'dan Merkez Bankası'na Fon Soygunu Tepkisi: ""Kafalarını Kuma Gömdüler""","Karaca'dan Merkez Bankası'na Fon Soygunu Tepkisi: ""Kafalarını Kuma Gömdüler"" drttv.com",https://news.google.com/rss/articles/CBMimAFBVV95cUxOTHUtbGNOOWx3cjdXNkdDbjdodm9TR1NPRXJPODBhMGs1R20xS3g0bGRDQkdWLVo2NnZ6TUdqdi1UdXdpVXZRYUlnZ1FrU1RCVjktQldqTkpqUmtBSndUbUNJNUpsLXJEWkpkZG1TVEFpbEZ1dEJrbXcwS0d1Zk9ZVlNFSWRaTFdZcldXYWlnNk1EalpFZG15RA?oc=5,banka,finansal kuruluş,"CHP Denizli Milletvekili Gülizar Biçer Karaca, TBMM Plan ve Bütçe Komisyonu'nda Merkez Bankası'nın sunumuna tepki gösterdi. Karaca; ""Tarihin en büyük fon soygunu karşısında kafalarını kuma gömmeyi tercih ettiler"" dedi. CHP Denizli Milletvekili Gülizar Biçer Karaca, TBMM Plan ve Bütçe Komisyonu'nda Merkez Bankası'nın sunumuna tepki gösterdi. Karaca; ""Tarihin en büyük fon soygunu karşısında kafalarını kuma gömmeyi tercih ettiler"" dedi. CHP Denizli Milletvekili Gülizar Biçer Karaca, TBMM Plan ve Bütçe Komisyonu'nda Merkez Bankası'nın sunumuna tepki gösterdi. Karaca; ""Tarihin en büyük fon soygunu karşısında kafalarını kuma gömmeyi tercih ettiler"" dedi. Karaca'dan Merkez Bankası'na Fon Soygunu Tepkisi: ""Kafalarını Kuma Gömdüler"" CHP Denizli Milletvekili Gülizar Biçer Karaca, TBMM Plan ve Bütçe Komisyonu'nda Merkez Bankası'nın sunumuna tepki gösterdi. Karaca; ""Tarihin en büyük fon soygunu karşısında kafalarını kuma gömmeyi tercih ettiler"" dedi. 08.10.2026 - 10:44 Yayınlanma 1 Dk Okunma Süresi Paylaş Linkedin Pinterest Telegram Yazdır Kopyala A - A + Paylaş Linkedin Pinterest Telegram Yazdır Kopyala A - A + Akaryakıt fiyatları tercihi etkiledi İçeriği Görüntüle Denizli Haber - Türkiye Büyük Millet Meclisi (TBMM) 28. Dönem 5. Yasama Yılı'nın ilk Plan ve Bütçe Komisyonu toplantısı, Türkiye Cumhuriyet Merkez Bankası’nın (TCMB) sunumuyla başladı.. Toplantıda, küresel ekonomi, para politikası ve finansal koşullar ele alındı. Ancak toplantıya, son dönemin en çok konuşulan fon krizi damga vurdu. CHP Denizli Milletvekili Gülizar Biçer Karaca, toplantı sonrası yaptığı açıklamada, Merkez Bankası yönetiminin güncel finansal krizler ve fon dolandırıcılığı iddiaları karşısındaki tutumunu sert bir dille eleştirdi. ""TEK KELİMEDÜYMADIK "" Toplantıda Merkez Bankası Başkanı Fatih Karahan ve bürokratların sunum yaptığını belirten Karaca, yaşanan büyük finansal kriz hakkında herhangi bir açıklama yapılmadığını vurguladı. Karaca; “Türkiye Cumhuriyet Merkez Bankası’nın küresel ekonomi, makroekonomik görünüm, para politikası ve finansal koşullara ilişkin sunumunun gerçekleştirildiği toplantıda; ne Merkez Bankası Başkanı Sayın Fatih Karahan’dan ne de bürokratlarından bu büyük finansal kriz hakkında tek kelime işittik” dedi. “TARİH BUNU DA NOT ETTİ” Milyonlarca vatandaşın birikimlerinin bir şebekesi tarafından hedef alındığını savunan Gülizar Biçer Karaca, görev ve sorumlulukların yerine getirilmediğini öne sürdü. Yaşananları milletin vicdanına havale ettiklerini belirten Karaca, “Binlerce vatandaşımız parası bir dolandırıcılık şebekesi tarafından çalınırken görev ve sorumluluklarının gereğini yerine getirmeyenler, bugün de kafalarını kuma gömmeyi tercih ettiler. Tarih bunu da not etti! Biz de bunu milletimizin vicdanına havale ediyoruz"" dedi. Kaynak: HABER MERKEZİ Bunla","Karaca'dan Merkez Bankası'na Fon Soygunu Tepkisi: ""Kafalarını Kuma Gömdüler"" Karaca'dan Merkez Bankası'na Fon Soygunu Tepkisi: ""Kafalarını Kuma Gömdüler"" drttv.com CHP Denizli Milletvekili Gülizar Biçer Karaca, TBMM Plan ve Bütçe Komisyonu'nda Merkez Bankası'nın sunumuna tepki gösterdi. Karaca; ""Tarihin en büyük fon soygunu karşısında kafalarını kuma gömmeyi tercih ettiler"" dedi. Karaca'dan Merkez Bankası'na Fon Soygunu Tepkisi: ""Kafalarını Kuma Gömdüler"" CHP Denizli Milletvekili Gülizar Biçer Karaca, TBMM Plan ve Bütçe Komisyonu'nda Merkez Bankası'nın sunumuna tepki gösterdi. 08.10.2026 - 10:44 Yayınlanma 1 Dk Okunma Süresi",browser_full_article,https://www.drttv.com/karacadan-merkez-bankasina-fon-soygunu-tepkisi-kafalarini-kuma-gomduler,,,,,,,,il yok | ilçe yok | firma yok | faaliyet/tesis yok,,,,maps araması yapılmadı,,,80.5,92
2026-10-02 19:48:49,ödeme güçlüğü,Operasyon / Soruşturma / Suç,Malatya'da organize suç operasyonu: tefecilik ve organ ticareti iddiasıyla 13 gözaltı,Malatya'da organize suç operasyonu: tefecilik ve organ ticareti iddiasıyla 13 gözaltı Aksiyon.com.TR,https://news.google.com/rss/articles/CBMiugFBVV95cUxPaEctVUVROEM2VlFySWRJbHM0SHdjeTUyUXVTNllCaWo2c1EtYXJrOTE4STBjTVNxVk5MSHkxSVJsZXJVdzBtLXI2QVFKUW5yTlFhZk1nRUJIUGQ3X0FVZVNiMWdxU1MwZUNSZHZmNFI5ZHZYSkN4dXF2RVh2YUl1TXUwQXRDMENIUndxZGprekdjd1NjckxLa1JiUnhuZjZMbEgzZmdqYmczMmhWaGVIQmhGLUZDdTgwZVHSAb8BQVVfeXFMTjhzOUhwb3NlUUxwYUpKaFBWeEZvenBXZVVLekxNd29kdVlfamNyYUJLUjFzQ280TFROWm4tLWdlbjdIam8zV0lfeFFjSUJOU1hpQVEzZjRsUFI0cWJtbUp3U0x0T3RtQ251ekJmWl9GUVhiZjlSVFo3Z3BNdVlTUGNjcWd3SDFqR2t2eS1RRUxfVWFUUTdfa21pTE44SWdkOXpMWjhKOWtvZTAwYnZ2SUpZenU1bVJGQlRHd0hRQUU?oc=5,ticaret,,"Malatya'da projeli operasyonda tefecilik, organ ve doku ticareti ile yağma iddiasıyla 13 şüpheli gözaltına alındı; çok sayıda senet ve silah ele geçirildi. Malatya'da projeli operasyonda tefecilik, organ ve doku ticareti ile yağma iddiasıyla 13 şüpheli gözaltına alındı; çok sayıda senet ve silah ele geçirildi. Malatya'da projeli operasyonda tefecilik, organ ve doku ticareti ile yağma iddiasıyla 13 şüpheli gözaltına alındı; çok sayıda senet ve silah ele geçirildi. operasyonun kapsamı: Malatya'da Cumhuriyet Başsavcılığı koordinesinde Kaçakçılık ve Organize Suçlarla Mücadele Şube Müdürlüğü ekiplerince yürütülen projeli çalışma kapsamında tefecilik, organ ve doku ticareti ile yağma suçlarının önlenmesine yönelik soruşturma başlatıldı. Çalışmada, şüphelilerin faiz karşılığında para verip kişilere senet imzalattıkları; alacakların tahsili amacıyla tehdit ve cebir kullandıkları belirlendi. Ayrıca ödeme güçlüğü yaşayan bazı kişilere organ nakli konusunda baskı uygulandığı tespit edildi. ele geçirilen deliller ve gözaltılar: Ekiplerin 18 adrese düzenlediği operasyonlarda 19 milyon 905 bin TL değerinde senet, çok sayıda bedeli yazılmamış senet ve satış sözleşmesi, 2 ruhsatsız tabanca , 1 ruhsatsız tüfek , 85 fişek , 58 çeşitli kesici alet ve 36 gram skunk ele geçirildi. Operasyonda 13 şüpheli yakalanarak gözaltına alındı. Şüpheliler hakkında başlatılan adli işlemlerin sürdüğü bildirildi. MALATYA’DA TEFECİLİK VE YAĞMA OPERASYONU: 13 GÖZALTI 1 Samsun’da kavşağa kırmızı ışıkta giren tırın iki araca çarpma anı kamerada Samsun’da kavşağa kırmızı ışıkta giren tırın iki araca çarpma anı kamerada 2 Dicle’de okullar için kapsamlı güvenlik değerlendirmesi Dicle’de okullar için kapsamlı güvenlik değerlendirmesi 3 Yüreğir'de iş yeri hedef alındı; inşaat ofisinin duvarlarına 11 kurşun isabet etti Yüreğir'de iş yeri hedef alındı; inşaat ofisinin duvarlarına 11 kurşun isabet etti 4 Bayrampaşa'da caddede duran araca pusu: 7 kilo altın ve yüklü para çalındı Bayrampaşa'da caddede duran araca pusu: 7 kilo altın ve yüklü para çalındı 5 Motosikletini park edip indiği sırada suvun çarptığı kurye yaralandı Motosikletini park edip indiği sırada suvun çarptığı kurye yaralandı 6 Şehir girişindeki rutin kontrolde 594 uyuşturucu hap bulundu Şehir girişindeki rutin kontrolde 594 uyuşturucu hap bulundu 7 Eski eşinin yaşadığı evi ateşe veren zanlı tutuklandı Eski eşinin yaşadığı evi ateşe veren zanlı tutuklandı Malatya'da organize suç operasyonu: tefecilik ve organ ticareti iddiasıyla 13 gözaltı Malatya'da projeli operasyonda tefecilik, organ ve doku ticareti ile yağma iddiasıyla 13 şüpheli gözaltına alındı; çok sayıda senet ve silah ele geçirildi. Malatya'da Cumhuriyet Başsavcılığı koordinesinde Kaçakçılık ve Organize Suçlarla Mücadele Şube Müdürlüğü ekiplerince yürütülen projeli çalışma kapsamında tefecilik, organ ve doku ticareti ile yağma suçlarının önlenmesine yönelik soruşturma başlatıldı. Çalışmada, şüphelilerin faiz karşılığında para verip kişilere senet imzalattıkları; alacakların tahsili amacıyla tehdit ve cebir kullandıkları belirlendi. Ayrıca ödeme güçlüğü yaşayan bazı kişilere organ nakli konusunda baskı uygulandığı tespit edildi. Ekiplerin 18 adrese düzenlediği operasyonlarda 19 milyon 905 bin TL değerinde senet, çok sayıda bedeli yazılmamış senet ve satış sözleşmesi, 2 ruhsatsız tabanca , 1 ruhsatsız tüfek , 85 fişek , 58 çeşitli kesici alet ve 36 gram skunk ele geçirildi. Operasyonda 13 şüpheli yakalanarak gözaltına alındı. Şüpheliler hakkında başlatılan adli işlemlerin sürdüğü bildirildi. MALATYA’DA TEFECİLİK VE YAĞMA OPERASYONU: 13 GÖZALTI Ben Hüseyin Aydın, 34 yaşındayım, İstanbul'dayım. aksiyon.com.tr'nin Gündem ekibinde adliye ve hukuk muhabiriyim. Karmaşık dava dosyalarını alıp, herkesin anlayacağı şekilde sadeleştirmek benim işim. Detaylara çok önem veririm, titiz çalışırım. 1 Ocak'ta İstanbul'da Toplu Taşıma Ücretsiz: İBB Metro, Metrobüs ve Otobüs Ek Seferlerini Açıkladı Market poşeti fiyatı 2026'da 1 TL oldu — 1 Ocak 2026'da yürürlüğe giren tarife Resmi Gazete'de yayımlandı: 66 meslekte Mesleki Yeterlilik Belgesi zorunluluğu 29 Aralık İstanbul'da Okullar Tatil mi? Valilik ve Meteoroloji Açıklamaları 2026 Zorunlu Trafik Sigortası: SEDDK Teminat Limitlerini ve Çoklu Araç Tarifesini Yeniden Belirledi Taşacak Bu Deniz 13. bölüm neden yok? TRT 1, 2 Ocak yayın planını değiştirdi Emekliye 60.000 TL'ye Kadar Paketler: Bankaların Güncel Promosyon ve Ek Avantajları 29 Aralık: Van, Zonguldak, Karabük, Bolu ve Düzce'de okullar tatil — Üniversiteler ne durumda? 2026 Ehliyet, Pasaport ve Kimlik Kartı Harçları Resmileşti: Yeni Tarifeler ve Geçerlilik Tarihi İstanbul'da simit fiyatları fiilen yükseldi: Resmi tarife 15 TL, satışlar 20-25 TL'ye çıktı 26-27 Aralık Hava Durumu: İstanbul, Ankara ve Yalova için Kar Tahminleri 2026 Sosyal Destek Zamları: Evde Bakım, 65 Yaş ve Engelli Maaşlarında Yeni Tahminler","Malatya'da organize suç operasyonu: tefecilik ve organ ticareti iddiasıyla 13 gözaltı Malatya'da organize suç operasyonu: tefecilik ve organ ticareti iddiasıyla 13 gözaltı Aksiyon.com.TR Malatya'da projeli operasyonda tefecilik, organ ve doku ticareti ile yağma iddiasıyla 13 şüpheli gözaltına alındı; çok sayıda senet ve silah ele geçirildi. operasyonun kapsamı: Malatya'da Cumhuriyet Başsavcılığı koordinesinde Kaçakçılık ve Organize Suçlarla Mücadele Şube Müdürlüğü ekiplerince yürütülen projeli çalışma kapsamında tefecilik, organ ve doku ticareti ile yağma suçlarının önlenmesine yönelik soruşturma başlatıldı. Çalışmada, şüphelilerin faiz karşılığında para verip kişilere senet imzalattıkları; alacakların tahsili amacıyla tehdit ve cebir kullandıkları belirlendi. Ayrıca ödeme güçlüğü yaşayan bazı kişilere organ nakli konusunda baskı uygulandığı tespit edildi. ele geçirilen deliller ve gözaltılar: Ekiplerin 18 adrese düzenlediği operasyonlarda 19 milyon 905 bin TL değerinde senet, çok sayıda bedeli yazılmamış senet ve satış sözleşmesi, 2 ruhsatsız tabanca , 1 ruhsatsız tüfek , 85 fişek , 58 çeşitli kesici alet ve 36 gram skunk ele geçirildi. Operasyonda 13 şüpheli yakalanarak gözaltına alındı. Şüpheliler hakkında başlatılan adli işlemlerin sürdüğü bildirildi. MALATYA’DA TEFECİLİK VE YAĞMA OPERASYONU: 13 GÖZALTI 1 Samsun’da kavşağa kırmızı ışıkta giren tırın iki araca çarpma anı kamerada Samsun’da kavşağa kırmızı ışıkta giren tırın iki araca çarpma anı kamerada 2 Dicle’de okullar için kapsamlı güvenlik değerlendirmesi Dicle’de okullar için kapsamlı güvenlik değerlendirmesi 3 Yüreğir'de iş yeri hedef alındı; inşaat ofisinin duvarlarına 11 kurşun isabet etti Yüreğir'de iş yeri hedef alındı; inşaat ofisinin duvarlarına 11 kurşun isabet etti 4 Bayrampaşa'da caddede duran araca pusu: 7 kilo altın ve yüklü para çalındı Bayrampaşa'da caddede duran araca pusu: 7 kilo altın ve yüklü para çalındı 5 Motosikletini park edip indiği sırada suvun çarptığı kurye yaralandı Motosikletini park edip indiği sırada suvun çarptığı kurye yaralandı 6 Şehir girişindeki rutin kontrolde 594 uyuşturucu hap bulundu Şehir girişindeki rutin kontrolde 594 uyuşturucu hap bulundu 7 Eski eşinin yaşadığı evi ateşe veren zanlı tutuklandı Eski eşinin yaşadığı evi ateşe veren zanlı tutuklandı Malatya'da organize suç operasyonu: tefecilik ve organ ticareti iddiasıyla 13 gözaltı Malatya'da projeli operasyonda tefecilik, organ ve doku ticareti ile yağma iddiasıyla 13 şüpheli gözaltına alındı; çok sayıda senet ve silah ele geçirildi. Malatya'da Cumhuriyet Başsavcılığı koordinesinde Kaçakçılık ve Organize Suçlarla Mücadele Şube Müdürlüğü ekiplerince yürütülen projeli çalışma kapsamında tefecilik, organ ve doku ticareti ile yağma suçlarının önlenmesine yönelik soruşturma başlatıldı. Ekiplerin 18 adrese düzenlediği operasyonlarda 19 milyon 905 bin TL değerinde senet, çok sayıda bedeli yazılmamış senet ve satış sözleşmesi, 2 ruhsatsız tabanca , 1 ruhsatsız tüfek , 85 fişek , 58 çeşitli kesici alet ve 36 gram skunk ele geçirildi. MALATYA’DA TEFECİLİK VE YAĞMA OPERASYONU: 13 GÖZALTI Ben Hüseyin Aydın, 34 yaşındayım, İstanbul'dayım. Karmaşık dava dosyalarını alıp, herkesin anlayacağı şekilde sadeleştirmek benim işim. 1 Ocak'ta İstanbul'da Toplu Taşıma Ücretsiz: İBB Metro, Metrobüs ve Otobüs Ek Seferlerini Açıkladı Market poşeti fiyatı 2026'da 1 TL oldu — 1 Ocak 2026'da yürürlüğe giren tarife Resmi Gazete'de yayımlandı: 66 meslekte Mesleki Yeterlilik Belgesi zorunluluğu 29 Aralık İstanbul'da Okullar Tatil mi? Valilik ve Meteoroloji Açıklamaları 2026 Zorunlu Trafik Sigortası: SEDDK Teminat Limitlerini ve Çoklu Araç Tarifesini Yeniden Belirledi Taşacak Bu Deniz 13. 2026 Ehliyet, Pasaport ve Kimlik Kartı Harçları Resmileşti: Yeni Tarifeler ve Geçerlilik Tarihi İstanbul'da simit fiyatları fiilen yükseldi: Resmi tarife 15 TL, satışlar 20-25 TL'ye çıktı 26-27 Aralık Hava Durumu: İstanbul, Ankara ve Yalova için Kar Tahminleri 2026 Sosyal Destek Zamları: Evde Bakım, 65 Yaş ve Engelli Maaşlarında Yeni Tahminler",browser_full_article,https://www.aksiyon.com.tr/malatya-da-organize-suc-operasyonu-tefecilik-ve-organ-ticareti-iddiasiyla-13-gozalti-366949,İstanbul | Malatya | Samsun | Adana | Diyarbakır,Yüreğir | Dicle | Bayrampaşa,,,,,,firma yok | faaliyet/tesis yok,,,,maps araması yapılmadı,,,126.5,93
2026-10-07 09:41:01,borç krizi,Banka / Finansal Kuruluş,Küresel borç yükü için IMF ve Dünya Bankası'ndan yeni arayış haberi,Küresel borç yükü için IMF ve Dünya Bankası'ndan yeni arayış haberi Finans Gündem,https://news.google.com/rss/articles/CBMiqAFBVV95cUxNblduRGY4LU01TTlrLU9MRGVNRmk5Z29YdE5tV25rM2ljUzNnZEQzeGVDWWxudjA1U01JSmxNZFZXS0R2M2dYcE1taEM3V1BrWWxac0xrRnBpb3RzNG5teHJtRWlWallINnlTNXltWEdla2Q1N25CV3ZtZldnYzdhSmw2MG05c1lhM2xIMnpxeDJsakZIUDJMWDhydGJhRFpPWlFNRElaaVk?oc=5,banka,finansal kuruluş,Küresel borç yükü için IMF ve Dünya Bankası'ndan yeni arayış haberi Finans Gündem,Küresel borç yükü için IMF ve Dünya Bankası'ndan yeni arayış haberi Küresel borç yükü için IMF ve Dünya Bankası'ndan yeni arayış haberi Finans Gündem Küresel borç yükü için IMF ve Dünya Bankası'ndan yeni arayış haberi Finans Gündem,browser_failed,https://news.google.com/rss/articles/CBMiqAFBVV95cUxNblduRGY4LU01TTlrLU9MRGVNRmk5Z29YdE5tV25rM2ljUzNnZEQzeGVDWWxudjA1U01JSmxNZFZXS0R2M2dYcE1taEM3V1BrWWxac0xrRnBpb3RzNG5teHJtRWlWallINnlTNXltWEdla2Q1N25CV3ZtZldnYzdhSmw2MG05c1lhM2xIMnpxeDJsakZIUDJMWDhydGJhRFpPWlFNRElaaVk?oc=5&hl=tr&gl=TR&ceid=TR:tr,,,,,,,,il yok | ilçe yok | firma yok | faaliyet/tesis yok,,,,maps araması yapılmadı,,,60.56,94
2026-10-06 18:26:23,borç krizi,İflas / Konkordato / Mali Sorun,"Tedbir Kaldırıldı, Şirket Temerrüde Düştü: Hayati Yazıcı’nın Oğlunun Şirketinde Borç Krizi","Tedbir Kaldırıldı, Şirket Temerrüde Düştü: Hayati Yazıcı’nın Oğlunun Şirketinde Borç Krizi Samanyolu Haber",https://news.google.com/rss/articles/CBMixAFBVV95cUxNNFcxZG5BN0pEZ1BCQXlURC1JaFFITFhLLUN1b190QVFWdXo0bDc5NUZwRDRfU01kb192MU9pZ0IwSktDM2cyZlhFTllCUl9mbnZPaWpodUp2SUlPX29xaDFiUllYOXNkN3VBMnpzdVl6N3pnRTRtOXMwUjZGWUlLV1VNZXNiWl93Ymg1WVBIVm91NHlsdDVPUHowLVJXUk0tVjBZWGp2STJxVDVKLWhhYndlNENVZS1QZjNycmRpVjFGWlFn?oc=5,şirket,şirket / firma,"Samanyolu Haber: Son Dakika ve En Son Haberler Samanyolu Haber: Son Dakika ve En Son Haberler Samanyolu Haber: Son Dakika ve En Son Haberler AKP Genel Başkan Yardımcısı Hayati Yazıcı’nın oğlu Mustafa Yazıcı’nın tek pay sahibi olduğu Adil Varlık Yönetim A.Ş., vadesi gelen borçlanma aracının ödeme yükümlülüğünü yerine getiremedi. Merkezi Kayıt Kuruluşu (MKK), şirketin 6 Ekim 2026 tarihli anapara itfa ve kupon ödemesini takas sistemine aktarmaması nedeniyle gerçekleştirilemediğini duyurdu. Şirketin temerrüde düşmesi, Mustafa Yazıcı hakkında yürütülen soruşturma kapsamında verilen malvarlığı tedbirinin saatler içinde kaldırılması tartışmalarının hemen ardından geldi. MKK’dan temerrüt duyurusu MKK’nın Kamuyu Aydınlatma Platformu’nda (KAP) yayımladığı bildirime göre, Adil Varlık Yönetim A.Ş. tarafından ihraç edilen TRFADLVE2612 ISIN kodlu özel sektör borçlanma aracının 6 Ekim 2026 tarihli itfa ve kupon ödemesi gerçekleştirilemedi. Bildirimde, ihraççı şirketin yükümlü olduğu ödeme tutarını takas sistemine aktarmadığı belirtildi. Bu durum, şirketin vadesi gelen borçlanma aracı kapsamındaki ödeme yükümlülüğünü yerine getirememesi anlamına geliyor. Şirketin tamamı Mustafa Yazıcı’ya ait Temerrüt duyurusuna konu olan Adil Varlık Yönetim A.Ş., Mustafa Yazıcı’nın tek pay sahibi olduğu şirket olarak faaliyet gösteriyor. Şirketin resmi faaliyet raporlarına göre 500 milyon lira sermayeli Adil Varlık Yönetim’de Mustafa Yazıcı, Yönetim Kurulu Başkan Vekili olarak görev yapıyor. Yönetim Kurulu Başkanlığı görevinde ise intihar eden Ali Emre Ballı bulunuyordu. Tedbir kararı saatler içinde kaldırılmıştı Adil Varlık Yönetim’in temerrüde düşmesi, Mustafa Yazıcı hakkında geçtiğimiz günlerde alınan malvarlığı tedbirini de yeniden gündeme getirdi. İstanbul Cumhuriyet Başsavcılığı Aklama Suçları Soruşturma Bürosu tarafından sermaye piyasalarındaki fon manipülasyonu iddialarına ilişkin yürütülen soruşturma kapsamında Mustafa Yazıcı’nın da aralarında bulunduğu bazı isimler hakkında malvarlığına yönelik tedbir kararı alınmıştı. Ancak kararın ardından tedbirin kısa süre içerisinde kaldırıldığı kamuoyuna yansımıştı. Tedbirin kaldırılması, soruşturmanın seyri ve kararın gerekçesi açısından tartışmalara neden olmuştu. Adil Varlık Yönetim’in vadesi gelen borçlanma aracının ödemesini gerçekleştirememesi ise söz konusu gelişmenin ardından dikkat çekti. Hayati Yazıcı: “Zerre kuşkum yok” Hayati Yazıcı ise oğlunun ticari faaliyetleriyle ilgili daha önce yaptığı açıklamada, Mustafa Yazıcı’nın işlemlerinin hukuka ve ahlaka uygunluğu konusunda herhangi bir şüphesi olmadığını söylemişti. Yazıcı, “Oğlumun ticari eylem ve işlemlerinin legaliteye ve ahlakiliğe uygunluğu konusunda zerre kuşkum yoktur” ifadelerini kullanmış, gerçeklerin ortaya çıkmasından çekinmediğini ancak oğluna yönelik bir “itibar suikastine” izin vermeyeceğini belirtmişti. Adil Varlık Yönetim’in MKK tarafından duyurulan ödeme temerrüdünün neden kaynaklandığı ve şirketin vadesi gelen yükümlülüğünü ne zaman yerine getireceği merak konusu oldu. Tedbir Kaldırıldı, Şirket Temerrüde Düştü: Hayati Yazıcı’nın Oğlunun Şirketinde Borç Krizi Bu haberler de ilginizi çekebilir AKP Genel Başkan Yardımcısı Hayati Yazıcı’nın oğlu Mustafa Yazıcı’nın tek pay sahibi olduğu Adil Varlık Yönetim A.Ş., vadesi gelen borçlanma aracının ödeme yükümlülüğünü yerine getiremedi. Merkezi Kayıt Kuruluşu (MKK), şirketin 6 Ekim 2026 tarihli anapara itfa ve kupon ödemesini takas sistemine aktarmaması nedeniyle gerçekleştirilemediğini duyurdu. Şirketin temerrüde düşmesi, Mustafa Yazıcı hakkında yürütülen soruşturma kapsamında verilen malvarlığı tedbirinin saatler içinde kaldırılması tartışmalarının hemen ardından geldi. MKK’dan temerrüt duyurusu MKK’nın Kamuyu Aydınlatma Platformu’nda (KAP) yayımladığı bildirime göre, Adil Varlık Yönetim A.Ş. tarafından ihraç edilen TRFADLVE2612 ISIN kodlu özel sektör borçlanma aracının 6 Ekim 2026 tarihli itfa ve kupon ödemesi gerçekleştirilemedi. Bildirimde, ihraççı şirketin yükümlü olduğu ödeme tutarını takas sistemine aktarmadığı belirtildi. Bu durum, şirketin vadesi gelen borçlanma aracı kapsamındaki ödeme yükümlülüğünü yerine getirememesi anlamına geliyor. Şirketin tamamı Mustafa Yazıcı’ya ait Temerrüt duyurusuna konu olan Adil Varlık Yönetim A.Ş., Mustafa Yazıcı’nın tek pay sahibi olduğu şirket olarak faaliyet gösteriyor. Şirketin resmi faaliyet raporlarına göre 500 milyon lira sermayeli Adil Varlık Yönetim’de Mustafa Yazıcı, Yönetim Kurulu Başkan Vekili olarak görev yapıyor. Yönetim Kurulu Başkanlığı görevinde ise intihar eden Ali Emre Ballı bulunuyordu. Tedbir kararı saatler içinde kaldırılmıştı Adil Varlık Yönetim’in temerrüde düşmesi, Mustafa Yazıcı hakkında geçtiğimiz günlerde alınan malvarlığı tedbirini de yeniden gündeme getirdi. İstanbul Cumhuriyet Başsavcılığı Aklama Suçları Soruşturma Bürosu tarafından sermaye piyasalarındaki fon manipülasyonu iddialarına ilişkin yürütülen soruşturma kapsamında Mustafa Yazıcı’nın da aralarında bulunduğu bazı isimler hakkında malvarlığına yönelik tedbir kararı alınmıştı. Ancak kararın ardından tedbirin kısa süre içerisinde kaldırıldığı kamuoyuna yansımıştı. Tedbirin kaldırılması, soruşturmanın seyri ve kararın gerekçesi açısından tartışmalara neden olmuştu. Adil Varlık Yönetim’in vadesi gelen borçlanma aracının ödemesini gerçekleştirememesi ise söz konusu gelişmenin ardından dikkat çekti. Hayati Yazıcı: “Zerre kuşkum yok” Hayati Yazıcı ise oğlunun ticari faaliyetleriyle ilgili daha önce yaptığı açıklamada, Mustafa Yazıcı’nın işlemlerinin hukuka ve ahlaka uygunluğu konusunda herhangi bir şüphesi olmadığını söylemişti. Yazıcı, “Oğlumun ticari eylem ve işlemlerinin legaliteye ve ahlakiliğe uygunluğu konusunda zerre kuşkum yoktur” ifadelerini kullanmış, gerçeklerin ortaya çıkmasından çekinmediğini ancak oğluna yönelik bir “itibar suikastine” izin vermeyeceğini belirtmişti. Adil Varlık Yönetim’in MKK tarafından duyurulan ödeme temerrüdünün neden kaynaklandığı ve şirketin vadesi gelen yükümlülüğünü ne zaman yerine getireceği merak konusu oldu.","Tedbir Kaldırıldı, Şirket Temerrüde Düştü: Hayati Yazıcı’nın Oğlunun Şirketinde Borç Krizi Tedbir Kaldırıldı, Şirket Temerrüde Düştü: Hayati Yazıcı’nın Oğlunun Şirketinde Borç Krizi Samanyolu Haber Samanyolu Haber: Son Dakika ve En Son Haberler Samanyolu Haber: Son Dakika ve En Son Haberler Samanyolu Haber: Son Dakika ve En Son Haberler AKP Genel Başkan Yardımcısı Hayati Yazıcı’nın oğlu Mustafa Yazıcı’nın tek pay sahibi olduğu Adil Varlık Yönetim A.Ş., vadesi gelen borçlanma aracının ödeme yükümlülüğünü yerine getiremedi. Merkezi Kayıt Kuruluşu (MKK), şirketin 6 Ekim 2026 tarihli anapara itfa ve kupon ödemesini takas sistemine aktarmaması nedeniyle gerçekleştirilemediğini duyurdu. Şirketin temerrüde düşmesi, Mustafa Yazıcı hakkında yürütülen soruşturma kapsamında verilen malvarlığı tedbirinin saatler içinde kaldırılması tartışmalarının hemen ardından geldi. MKK’dan temerrüt duyurusu MKK’nın Kamuyu Aydınlatma Platformu’nda (KAP) yayımladığı bildirime göre, Adil Varlık Yönetim A.Ş. tarafından ihraç edilen TRFADLVE2612 ISIN kodlu özel sektör borçlanma aracının 6 Ekim 2026 tarihli itfa ve kupon ödemesi gerçekleştirilemedi. Bildirimde, ihraççı şirketin yükümlü olduğu ödeme tutarını takas sistemine aktarmadığı belirtildi. Bu durum, şirketin vadesi gelen borçlanma aracı kapsamındaki ödeme yükümlülüğünü yerine getirememesi anlamına geliyor. Şirketin tamamı Mustafa Yazıcı’ya ait Temerrüt duyurusuna konu olan Adil Varlık Yönetim A.Ş., Mustafa Yazıcı’nın tek pay sahibi olduğu şirket olarak faaliyet gösteriyor. Şirketin resmi faaliyet raporlarına göre 500 milyon lira sermayeli Adil Varlık Yönetim’de Mustafa Yazıcı, Yönetim Kurulu Başkan Vekili olarak görev yapıyor. Yönetim Kurulu Başkanlığı görevinde ise intihar eden Ali Emre Ballı bulunuyordu. Tedbir kararı saatler içinde kaldırılmıştı Adil Varlık Yönetim’in temerrüde düşmesi, Mustafa Yazıcı hakkında geçtiğimiz günlerde alınan malvarlığı tedbirini de yeniden gündeme getirdi. İstanbul Cumhuriyet Başsavcılığı Aklama Suçları Soruşturma Bürosu tarafından sermaye piyasalarındaki fon manipülasyonu iddialarına ilişkin yürütülen soruşturma kapsamında Mustafa Yazıcı’nın da aralarında bulunduğu bazı isimler hakkında malvarlığına yönelik tedbir kararı alınmıştı. Ancak kararın ardından tedbirin kısa süre içerisinde kaldırıldığı kamuoyuna yansımıştı. Tedbirin kaldırılması, soruşturmanın seyri ve kararın gerekçesi açısından tartışmalara neden olmuştu. Hayati Yazıcı: “Zerre kuşkum yok” Hayati Yazıcı ise oğlunun ticari faaliyetleriyle ilgili daha önce yaptığı açıklamada, Mustafa Yazıcı’nın işlemlerinin hukuka ve ahlaka uygunluğu konusunda herhangi bir şüphesi olmadığını söylemişti. Yazıcı, “Oğlumun ticari eylem ve işlemlerinin legaliteye ve ahlakiliğe uygunluğu konusunda zerre kuşkum yoktur” ifadelerini kullanmış, gerçeklerin ortaya çıkmasından çekinmediğini ancak oğluna yönelik bir “itibar suikastine” izin vermeyeceğini belirtmişti. Adil Varlık Yönetim’in MKK tarafından duyurulan ödeme temerrüdünün neden kaynaklandığı ve şirketin vadesi gelen yükümlülüğünü ne zaman yerine getireceği merak konusu oldu. Tedbir Kaldırıldı, Şirket Temerrüde Düştü: Hayati Yazıcı’nın Oğlunun Şirketinde Borç Krizi Bu haberler de ilginizi çekebilir AKP Genel Başkan Yardımcısı Hayati Yazıcı’nın oğlu Mustafa Yazıcı’nın tek pay sahibi olduğu Adil Varlık Yönetim A.Ş., vadesi gelen borçlanma aracının ödeme yükümlülüğünü yerine getiremedi.",browser_full_article,https://www.samanyoluhaber.com/tedbir-kaldirildi-sirket-temerrude-dustu-hayati-yazicinin-oglunun-sirketinde-borc-krizi/1493580,İstanbul,,,,,Adil Varlık Yönetim A.Ş,Adil Varlık Yönetim A.Ş:81:body | Adil Varlık Yönetim A.Ş:raw_legal,ilçe yok | faaliyet/tesis yok,Adil Varlık Yönetim A.Ş İstanbul Türkiye,Adil varlık yönetim,Adil varlık yönetim,firma adı + güvenli maps adayı var,100.0,,204.7,95
2026-10-07 07:53:47,borç krizi,İflas / Konkordato / Mali Sorun,Euro ciddi baskı altında: Fransa'nın borç krizi ve enerji şoku Avrupa para birimini sarsıyor.,Euro ciddi baskı altında: Fransa'nın borç krizi ve enerji şoku Avrupa para birimini sarsıyor. Слободен печат,https://news.google.com/rss/articles/CBMiwAFBVV95cUxOVW9COVFJQW9MbDg5Um9oamxzbXo1LU5lZ29rd2NPZjdNenB1dWtjU1BEMU4tMnlveXVJbVNyWkd6NkFzT3g1VmhrRXB5OGZfdFBJMjd3dktKc2w2V2dpTlFPTnFueTBfbkZ3WjlHSHN4LXkzT1ROZ3kyUWl5NmVVS0MtazB0NEVnQjhIcFo0T3JVclp5Uy1FMTNJRGltSTV4VHUyZFBFM29aYW9HSldKb1RYNG9xTUJ2RFdMeXlOcTA?oc=5,enerji,,"www.slobodenpecat.mk Güvenlik doğrulaması yapılıyor Bu web sitesi, kötü niyetli botlara karşı korunmak için bir güvenlik hizmeti kullanıyor. Web sitesi bir bot olmadığınızı doğrularken bu sayfa görüntülenir. Doğrulama başarılı. www.slobodenpecat.mk adresinin yanıt vermesi bekleniyor Güvenlik doğrulaması yapılıyor Doğrulama başarılı. www.slobodenpecat.mk adresinin yanıt vermesi bekleniyor Bu web sitesi, kötü niyetli botlara karşı korunmak için bir güvenlik hizmeti kullanıyor. Web sitesi bir bot olmadığınızı doğrularken bu sayfa görüntülenir.","Euro ciddi baskı altında: Fransa'nın borç krizi ve enerji şoku Avrupa para birimini sarsıyor. Euro ciddi baskı altında: Fransa'nın borç krizi ve enerji şoku Avrupa para birimini sarsıyor. Слободен печат www.slobodenpecat.mk Güvenlik doğrulaması yapılıyor Bu web sitesi, kötü niyetli botlara karşı korunmak için bir güvenlik hizmeti kullanıyor. Web sitesi bir bot olmadığınızı doğrularken bu sayfa görüntülenir. www.slobodenpecat.mk adresinin yanıt vermesi bekleniyor Güvenlik doğrulaması yapılıyor Doğrulama başarılı. www.slobodenpecat.mk adresinin yanıt vermesi bekleniyor Bu web sitesi, kötü niyetli botlara karşı korunmak için bir güvenlik hizmeti kullanıyor.",browser_full_article,https://www.slobodenpecat.mk/tr/evroto-pod-silen-pritisok-francuskiot-dolg-i-energetskiot-shok-ja-tresat-evropskata-valuta/,,,,,,,,il yok | ilçe yok | firma yok | faaliyet/tesis yok,,,,maps araması yapılmadı,,,94.96,96
2026-10-02 12:41:00,sahtecilik,Dolandırıcılık / Sahtecilik,'Gıda Dedektifi'nin oyunu ortaya çıktı: 8 milyon TL vurgun ve belgede sahtecilik iddiası,'Gıda Dedektifi'nin oyunu ortaya çıktı: 8 milyon TL vurgun ve belgede sahtecilik iddiası Haber 7,https://news.google.com/rss/articles/CBMiyAFBVV95cUxOVFhaUHhldTh4WmxfQ3gtYjVjZ2hTT3FYWlBmR1V2Um0wNGFkQWpxU1RwM1RyRmN1RDJfZ0d1OUJ4ZUhRbjFobFdNNTBpQVBHZXRubnYyWWgzT082Skc4Z3kxYUY4RmFRX182SXFvdW1heEJvZHNiY0RCMEc1VzJHTGRvbjk5WVREQ2VzbDZFNXVNNlA2UWtnMFd4V2llbFBZRmF5b1Bnbm9oQ3BEeTJsYVVDY3kzSzBzSEFkdHhsbTZyR25obEJoaNIB0AFBVV95cUxOZXBrSlJqTEtwY25ZNUk0eTB4TWNhX2dTYk0yQzZ5LWlDbm1vZHBXVXZ2YjFOd3BzRVpOZ3RlaWJXdndBb2tPYS01V0c3S2g5ZVY2QVBxRDQzT1RxdEF2X1BmVEFrdzltbkNYbEx6dVlidHR4dGt2elE4dDdvemlIMjYzQ3lHN0ZBZGdpVWIwWlJaRU4wbnA4dXdwcXRIRUxuSnc2UlhuNW5lbTUyQUt1cl9WZFp6SjI5b3RKZFFyaVhMd2oySDVtNHg1cUlmUmpF?oc=5,gıda,,'Gıda Dedektifi'nin oyunu ortaya çıktı: 8 milyon TL vurgun ve belgede sahtecilik iddiası Haber 7,'Gıda Dedektifi'nin oyunu ortaya çıktı: 8 milyon TL vurgun ve belgede sahtecilik iddiası 'Gıda Dedektifi'nin oyunu ortaya çıktı: 8 milyon TL vurgun ve belgede sahtecilik iddiası Haber 7 'Gıda Dedektifi'nin oyunu ortaya çıktı: 8 milyon TL vurgun ve belgede sahtecilik iddiası Haber 7,browser_timeout,https://news.google.com/rss/articles/CBMiyAFBVV95cUxOVFhaUHhldTh4WmxfQ3gtYjVjZ2hTT3FYWlBmR1V2Um0wNGFkQWpxU1RwM1RyRmN1RDJfZ0d1OUJ4ZUhRbjFobFdNNTBpQVBHZXRubnYyWWgzT082Skc4Z3kxYUY4RmFRX182SXFvdW1heEJvZHNiY0RCMEc1VzJHTGRvbjk5WVREQ2VzbDZFNXVNNlA2UWtnMFd4V2llbFBZRmF5b1Bnbm9oQ3BEeTJsYVVDY3kzSzBzSEFkdHhsbTZyR25obEJoaNIB0AFBVV95cUxOZXBrSlJqTEtwY25ZNUk0eTB4TWNhX2dTYk0yQzZ5LWlDbm1vZHBXVXZ2YjFOd3BzRVpOZ3RlaWJXdndBb2tPYS01V0c3S2g5ZVY2QVBxRDQzT1RxdEF2X1BmVEFrdzltbkNYbEx6dVlidHR4dGt2elE4dDdvemlIMjYzQ3lHN0ZBZGdpVWIwWlJaRU4wbnA4dXdwcXRIRUxuSnc2UlhuNW5lbTUyQUt1cl9WZFp6SjI5b3RKZFFyaVhMd2oySDVtNHg1cUlmUmpF?oc=5&hl=en-US&gl=US&ceid=US:en,,,,,,,,il yok | ilçe yok | firma yok | faaliyet/tesis yok,,,,maps araması yapılmadı,,,84.96,97
2026-10-02 11:44:17,sahtecilik,Dolandırıcılık / Sahtecilik,Türkiye genelinde dev gıda operasyonu: 61 milyon liralık sahtecilik engellendi,Türkiye genelinde dev gıda operasyonu: 61 milyon liralık sahtecilik engellendi Muhalif,https://news.google.com/rss/articles/CBMiugFBVV95cUxQcGFORnZTRFFybm9VSG93dGgzejVoWWJ2ZTUzR3FnMzBxSVlPSU80bWFTaHB2Mk5BRDRuT20zM2w3Q25sU0hNVUhKOTQ4RGFVUTRFSlN5aVA3dDl6bTJkWU5FRnZIczd4dWpZQy1xM0ctUkl0Uk1vMllob2N5NV9BQVk0X05pOUJSbTNlRVBLVEpod05aSjlZR0Rwd083bFp4YWE2dlhRa0NTVFRBOHV4Xy1hVVhLb3pCYVE?oc=5,gıda,,Türkiye genelinde dev gıda operasyonu: 61 milyon liralık sahtecilik engellendi Muhalif,Türkiye genelinde dev gıda operasyonu: 61 milyon liralık sahtecilik engellendi Türkiye genelinde dev gıda operasyonu: 61 milyon liralık sahtecilik engellendi Muhalif Türkiye genelinde dev gıda operasyonu: 61 milyon liralık sahtecilik engellendi Muhalif,browser_failed,https://news.google.com/rss/articles/CBMiugFBVV95cUxQcGFORnZTRFFybm9VSG93dGgzejVoWWJ2ZTUzR3FnMzBxSVlPSU80bWFTaHB2Mk5BRDRuT20zM2w3Q25sU0hNVUhKOTQ4RGFVUTRFSlN5aVA3dDl6bTJkWU5FRnZIczd4dWpZQy1xM0ctUkl0Uk1vMllob2N5NV9BQVk0X05pOUJSbTNlRVBLVEpod05aSjlZR0Rwd083bFp4YWE2dlhRa0NTVFRBOHV4Xy1hVVhLb3pCYVE?oc=5&hl=tr&gl=TR&ceid=TR:tr,,,,,,,,il yok | ilçe yok | firma yok | faaliyet/tesis yok,,,,maps araması yapılmadı,,,77.36,98
2026-10-07 13:39:22,dolandırıcılık,Dolandırıcılık / Sahtecilik,Kocaeli’de yeni dolandırıcılık yöntemi: Ali Sağlık’ın sesini taklit ediyorlar,Kocaeli’de yeni dolandırıcılık yöntemi: Ali Sağlık’ın sesini taklit ediyorlar Kocaeli Barış Gazetesi,https://news.google.com/rss/articles/CBMiygFBVV95cUxQMGYySjdJcTctQXNKckJoOHdwS016STN6czNoWV9jRnJhTjJVRXNTQVI4bGVNSU5OWW9OMVg1UURQYk5vT0xxUmVTODNpUG05R0xFLXdkNUNEM3E5X0dkMExvb3VmanpXTDhseVNEb1NlUXFOS29URms4eTlfYTFTYnowbUxyMmozOTVGZUs3aW96cnpTaUI1eU5KQXhFdEs2T1R5Y1Naa2lLQmpjeE5lNzVGREM2MUlFN1RkSU51eEF4d0ZZQVFOQXRR0gHKAUFVX3lxTFAwZjJKN0lxNy1Bc0pyQmg4d3BLTXpJM3pzM2hZX2NGcmFOMlVFc1NBUjhsZU1JTk5Zb04xWDVRRFBiTm9PTHFSZVM4M2lQbTlHTEUtd2Q1Q0QzcTlfR2QwTG9vdWZqeldMOGx5U0RvU2VRcU5Lb1RGazh5OV9hMVNiejBtTHIyajM5NUZlSzdpb3pyelNpQjV5TkpBeEV0SzZPVHljU1praUtCamN4TmU3NUZEQzYxSUU3VGRJTnV4QXh3RllBUU5BdFE?oc=5,sağlık,,"www.kocaelibarisgazetesi.com Güvenlik doğrulaması yapılıyor Bu web sitesi, kötü niyetli botlara karşı korunmak için bir güvenlik hizmeti kullanıyor. Web sitesi bir bot olmadığınızı doğrularken bu sayfa görüntülenir. Doğrulama başarılı. www.kocaelibarisgazetesi.com adresinin yanıt vermesi bekleniyor www.kocaelibarisgazetesi.com Güvenlik doğrulaması yapılıyor Doğrulama başarılı. www.kocaelibarisgazetesi.com adresinin yanıt vermesi bekleniyor Bu web sitesi, kötü niyetli botlara karşı korunmak için bir güvenlik hizmeti kullanıyor. Web sitesi bir bot olmadığınızı doğrularken bu sayfa görüntülenir.","Kocaeli’de yeni dolandırıcılık yöntemi: Ali Sağlık’ın sesini taklit ediyorlar Kocaeli’de yeni dolandırıcılık yöntemi: Ali Sağlık’ın sesini taklit ediyorlar Kocaeli Barış Gazetesi www.kocaelibarisgazetesi.com Güvenlik doğrulaması yapılıyor Bu web sitesi, kötü niyetli botlara karşı korunmak için bir güvenlik hizmeti kullanıyor. Web sitesi bir bot olmadığınızı doğrularken bu sayfa görüntülenir. www.kocaelibarisgazetesi.com adresinin yanıt vermesi bekleniyor www.kocaelibarisgazetesi.com Güvenlik doğrulaması yapılıyor Doğrulama başarılı.",browser_full_article,https://www.kocaelibarisgazetesi.com/amp/gundem/kocaelide-yeni-dolandiricilik-yontemi-ali-saglikin-sesini-taklit-ediyorlar-h161522,Kocaeli,,,,,Ali Sağlık,Ali Sağlık:292:body+summary+title,ilçe yok | faaliyet/tesis yok,Ali Sağlık Kocaeli Türkiye,Kocaeli İl Sağlık Müdürlüğü | Es Ortak Sağlık Güvenlik Birimi,Kocaeli İl Sağlık Müdürlüğü,firma adı + güvenli maps adayı var,75.0 | 75.0,İSU Genel Müdürlüğü | VM Medical Park Kocaeli Hastanesi,201.49,99
2026-10-07 07:52:18,dolandırıcılık,Dolandırıcılık / Sahtecilik,Sahte banka havalesi işlemleri kullanarak dolandırıcılık yapmak ve para çalmak.,Sahte banka havalesi işlemleri kullanarak dolandırıcılık yapmak ve para çalmak. Vietnam.vn,https://news.google.com/rss/articles/CBMiigFBVV95cUxOY3dseDE5Q3I5dUdXNkJVajhESUJjR3p0VllKb1pVeXgzX25mSklLa1lCUG0zQmRjOGpsOTdYbEhWSDkxOXNISnVyakhrUUpZMjEyQ29aWUNHRzVJeXJMclNwZzZrLVlpd09zMjBYelkyNl9Hd2RTOU5KWl9hRXdTWUJkR0xGX2dabHc?oc=5,banka,finansal kuruluş,Sahte banka havalesi işlemleri kullanarak dolandırıcılık yapmak ve para çalmak. Vietnam.vn,Sahte banka havalesi işlemleri kullanarak dolandırıcılık yapmak ve para çalmak. Sahte banka havalesi işlemleri kullanarak dolandırıcılık yapmak ve para çalmak. Vietnam.vn Sahte banka havalesi işlemleri kullanarak dolandırıcılık yapmak ve para çalmak.,browser_failed,https://news.google.com/rss/articles/CBMiigFBVV95cUxOY3dseDE5Q3I5dUdXNkJVajhESUJjR3p0VllKb1pVeXgzX25mSklLa1lCUG0zQmRjOGpsOTdYbEhWSDkxOXNISnVyakhrUUpZMjEyQ29aWUNHRzVJeXJMclNwZzZrLVlpd09zMjBYelkyNl9Hd2RTOU5KWl9hRXdTWUJkR0xGX2dabHc?oc=5&hl=tr&gl=TR&ceid=TR:tr,,,,,,,,il yok | ilçe yok | firma yok | faaliyet/tesis yok,,,,maps araması yapılmadı,,,68.9,100
2026-10-05 09:47:00,zimmet,Banka / Finansal Kuruluş,Seçil Erzan'dan önce o vardı! 13 yıllık büyük kaçış son buldu! 1.8 milyon dolarla kaybolan bankacı ABD'de yakalandı,Seçil Erzan'dan önce o vardı! 13 yıllık büyük kaçış son buldu! 1.8 milyon dolarla kaybolan bankacı ABD'de yakalandı Haber Hürriyeti,https://news.google.com/rss/articles/CBMi7AFBVV95cUxQd0tDRVR1VUlJU2l0aXlqNElKYmppR1ZaSVY0dEpxaVZXLW91VXNJWTBfLTNNMVNiWUk0Qk82Rl9qdHV3U0QwZlRBNkIxN0tGelNhUF9HanZmMUFweEhhQnFwTWJIUTJqcXZzODZlMUVUNFphNkRkVkxUU21hdThtazFFTDlyMDRycWZfU00wMngzWGRCd3N6ajhfSVNZcmthaXdmR0QxTXZPWGpESHpJX01XSXVtNWRpYzJHSDhWaFZvSktpOGdjVXdwZjVITTBQLWRTbHpzV20xRUNROWJIUkh5MUo5eEZyd1UzTg?oc=5,banka,finansal kuruluş,"www.haberhurriyeti.com Güvenlik doğrulaması yapılıyor Bu web sitesi, kötü niyetli botlara karşı korunmak için bir güvenlik hizmeti kullanıyor. Web sitesi bir bot olmadığınızı doğrularken bu sayfa görüntülenir. Doğrulama başarılı. www.haberhurriyeti.com adresinin yanıt vermesi bekleniyor Güvenlik doğrulaması yapılıyor Doğrulama başarılı. www.haberhurriyeti.com adresinin yanıt vermesi bekleniyor Bu web sitesi, kötü niyetli botlara karşı korunmak için bir güvenlik hizmeti kullanıyor. Web sitesi bir bot olmadığınızı doğrularken bu sayfa görüntülenir.","Seçil Erzan'dan önce o vardı! 13 yıllık büyük kaçış son buldu! 1.8 milyon dolarla kaybolan bankacı ABD'de yakalandı Seçil Erzan'dan önce o vardı! 13 yıllık büyük kaçış son buldu! 1.8 milyon dolarla kaybolan bankacı ABD'de yakalandı Haber Hürriyeti www.haberhurriyeti.com Güvenlik doğrulaması yapılıyor Bu web sitesi, kötü niyetli botlara karşı korunmak için bir güvenlik hizmeti kullanıyor. Web sitesi bir bot olmadığınızı doğrularken bu sayfa görüntülenir. www.haberhurriyeti.com adresinin yanıt vermesi bekleniyor Güvenlik doğrulaması yapılıyor Doğrulama başarılı.",browser_full_article,https://www.haberhurriyeti.com/haber/28929739/secil-erzandan-once-o-vardi-13-yillik-buyuk-kacis-son-buldu-18-milyon-dolarla-kaybolan-bankaci-abdde-yakalandi,,,,,,,,il yok | ilçe yok | firma yok | faaliyet/tesis yok,,,,maps araması yapılmadı,,,101.77,101
2026-10-05 08:17:00,zimmet,Banka / Finansal Kuruluş,Türkiye'de 1.8 milyon dolar çalan bankacı ABD'de yakalandı,Türkiye'de 1.8 milyon dolar çalan bankacı ABD'de yakalandı https://www.babaocagi.com/,https://news.google.com/rss/articles/CBMijAFBVV95cUxOWEJLYUU1RzNQX1RrWEg3MzNteFhkcnpWS3V0WEJJWDVOaVZubVNOdnhOMU5STVdINEpsXzVDNnZXTGNVdVhVbDAwcHJ1aFpXZ1d4dUM3U2ZEZGQ1bWI3VVpIY0kzVzBJdllQSHVPN0g1X3dLME9jRmMxRThSSmt4UlNTeUp2N20tLVotaA?oc=5,banka,finansal kuruluş,"Özel bankada portföy yöneticisi olan Derya Dikici, Boston'da gözaltına alındı. Dikici, bankanın Güneşli Şubesi'nde görev yaparken 2009-2011 yıllarında yetkilerini kötüye kullandı ve 7 kişinin hesabından yaklaşık 1.8 milyon dolar çaldı. 2011'de hakkında nitelikli zimmet soruşturması açıldı. Dikici, soruşturmayı fark edip ABD'ye kaçtı. Nisan 2024'te Boston'da gözaltına alındı. İşte detaylar... Özel bankada portföy yöneticisi olan Derya Dikici, Boston'da gözaltına alındı. Dikici, bankanın Güneşli Şubesi'nde görev yaparken 2009-2011 yıllarında yetkilerini kötüye kullandı ve 7 kişinin hesabından yaklaşık 1.8 milyon dolar çaldı. 2011'de hakkında nitelikli zimmet soruşturması açıldı. Dikici, soruşturmayı fark edip ABD'ye kaçtı. Nisan 2024'te Boston'da gözaltına alındı. İşte detaylar... Özel bankada portföy yöneticisi olan Derya Dikici, Boston'da gözaltına alındı. Dikici, bankanın Güneşli Şubesi'nde görev yaparken 2009-2011 yıllarında yetkilerini kötüye kullandı ve 7 kişinin hesabından yaklaşık 1.8 milyon dolar çaldı. 2011'de hakkında nitelikli zimmet soruşturması açıldı. Dikici, soruşturmayı fark edip ABD'ye kaçtı. Nisan 2024'te Boston'da gözaltına alındı. İşte detaylar... Türkiye'de 1.8 milyon dolar çalan bankacı ABD'de yakalandı Özel bankada portföy yöneticisi olan Derya Dikici, Boston'da gözaltına alındı. Dikici, bankanın Güneşli Şubesi'nde görev yaparken 2009-2011 yıllarında yetkilerini kötüye kullandı ve 7 kişinin hesabından yaklaşık 1.8 milyon dolar çaldı. 2011'de hakkında nitelikli zimmet soruşturması açıldı. Dikici, soruşturmayı fark edip ABD'ye kaçtı. Nisan 2024'te Boston'da gözaltına alındı. İşte detaylar... 05.10.2026 - 11:17 Yayınlanma 05.10.2026 - 11:19 Güncelleme Paylaş Linkedin Pinterest Telegram Yazdır Kopyala A - A + Paylaş Linkedin Pinterest Telegram Yazdır Kopyala A - A + Türkiye’de bir özel bankada portföy yöneticisi olarak görev yaptığı dönemde 7 müşterinin hesabından yaklaşık 1,8 milyon dolar aktardığı iddiasıyla hakkında soruşturma yürütülen Derya Dikici, yıllar sonra ABD’de yakalandı. 2009-2011 yılları arasında gerçekleştiği belirtilen işlemler nedeniyle hakkında nitelikli zimmet soruşturması başlatılan Dikici’nin, soruşturmayı öğrendikten sonra Türkiye’den ayrılarak ABD’ye gittiği öne sürüldü. BANKA HESAPLARINDAN MİLYONLARCA DOLAR AKTARILDIĞI İDDİASI Patronlar Dünyası'nda yer alan habere göre; Dikici’nin İstanbul’daki bir özel bankanın Güneşli Şubesi’nde portföy yöneticisi olarak çalıştığı dönemde görev ve yetkilerini kötüye kullandığı iddia edildi. Soruşturma dosyasına göre Dikici’nin 2009-2011 yılları arasında 7 müşterinin hesaplarından yaklaşık 1,8 milyon doları farklı hesaplara aktardığı öne sürüldü. 2011 yılında olayla ilgili nitelikli zimmet soruşturması başlatılırken, Dikici’nin soruşturmayı fark ederek Türkiye’den ayrıldığı belirtildi. 13 YIL SONRA BOSTON’DA GÖZALTINA ALINDI Türkiye’deki soruşturmanın ardından ABD’ye gittiği belirtilen Dikici, Nisan 2024’te Boston’da gözaltına alındı. Türkiye’ye iade edilmesi amacıyla ABD’de yargı süreci başlatılan Dikici, mahkemede hakkındaki suçlamaları kabul etmedi. Dikici, bankadaki usulsüz işlemleri kendi iradesiyle gerçekleştirmediğini savundu. “PARALARI BASKI VE YÖNLENDİRMEYLE AKTARDIM” SAVUNMASI Dikici’nin mahkemeye sunduğu savunmada, söz konusu para transferlerini petrol şirketi sahibi O.A.’nın baskısı ve yönlendirmesiyle gerçekleştirdiğini öne sürdüğü belirtildi. Dikici, aktarılan paraların O.A.’nın ailesine ait hesaplara gönderildiğini iddia etti. Türkiye’den ayrılmasının nedeninin ise hakkında başlatılan zimmet soruşturması olmadığını savunan Dikici, batan paralar nedeniyle O.A.’nın ailesinden ölüm tehditleri aldığını ve bu nedenle ülkeden kaçtığını ileri sürdü. Bu iddialarını desteklemek amacıyla mahkemeye telefon kayıtları da sundu. Seda Sayan makyajsız halini paylaştı: Pozu olay oldu! İçeriği Görüntüle MAHKEME TUTUKLULUĞU KALDIRDI ABD’deki iade yargılaması sırasında sunulan yeni delillerin ardından federal mahkeme, Dikici’nin tutukluluk halinin kaldırılmasına karar verdi. Mahkeme, Dikici’nin tutukluluk yerine ev hapsinde tutulmasına hükmetti. Böylece Türkiye’de 2011 yılında başlayan soruşturma kapsamında ABD’de yakalanan Dikici hakkındaki iade süreci, mahkemeye sunulan yeni deliller ve savunmalar çerçevesinde devam ediyor. Editörün Seçtiği Banka kartı kullananlar dikkat: Paranızı doğrudan etkileyen 3 kritik detay! Editörün Seçtiği IBAN’la para gönderenler dikkat! İnceleme başlatıldı Editörün Seçtiği BDDK’dan kredi kartı limiti için 'özel' çalışma Bunlar da i","Türkiye'de 1.8 milyon dolar çalan bankacı ABD'de yakalandı Türkiye'de 1.8 milyon dolar çalan bankacı ABD'de yakalandı https://www.babaocagi.com/ Dikici, bankanın Güneşli Şubesi'nde görev yaparken 2009-2011 yıllarında yetkilerini kötüye kullandı ve 7 kişinin hesabından yaklaşık 1.8 milyon dolar çaldı. 2011'de hakkında nitelikli zimmet soruşturması açıldı. Dikici, soruşturmayı fark edip ABD'ye kaçtı. Nisan 2024'te Boston'da gözaltına alındı. Türkiye'de 1.8 milyon dolar çalan bankacı ABD'de yakalandı Özel bankada portföy yöneticisi olan Derya Dikici, Boston'da gözaltına alındı.",browser_full_article,https://www.babaocagi.com.tr/turkiyede-18-milyon-dolar-calan-bankaci-abdde-yakalandi,,,,,,,,il yok | ilçe yok | firma yok | faaliyet/tesis yok,,,,maps araması yapılmadı,,,71.25,102
2026-10-05 05:42:44,zimmet,Banka / Finansal Kuruluş,"13 yıl sonra yakalanan bankacı Derya Dikici'den itiraf: Petrolcü aileyi suçladı, 'Ölüm tehdidinden kaçtım' dedi","13 yıl sonra yakalanan bankacı Derya Dikici'den itiraf: Petrolcü aileyi suçladı, 'Ölüm tehdidinden kaçtım' dedi Notbir",https://news.google.com/rss/articles/CBMi0gFBVV95cUxPYk5LWTlYN0ZhbW0tR193bjdYTW82dThIbXVEOXV4bVo2OTJMeVFTNG9JZEdQX2hxVi1qZ2lNMVo0dDVsc1c1QnNLSFFjaGtMTEh6bG9MSVNGV3UyU2J3YUZzMFNXLWlKR2hEYVY4ck1UYnViRUVpYUNUYVF2aUktU3V5N1lBLTdoOHF0ZlVuMFBrVGlfNC1TSmx5YS1QMl84X1lPWmxsV21SQ3dFZURsZDFBZ2gwY2NxMlZhbUgxY0o1YkdESHdyYnQwa3NVUW52RlE?oc=5,banka,finansal kuruluş,"13 yıl sonra yakalanan bankacı Derya Dikici'den itiraf: Petrolcü aileyi suçladı, 'Ölüm tehdidinden kaçtım' dedi Notbir","13 yıl sonra yakalanan bankacı Derya Dikici'den itiraf: Petrolcü aileyi suçladı, 'Ölüm tehdidinden kaçtım' dedi 13 yıl sonra yakalanan bankacı Derya Dikici'den itiraf: Petrolcü aileyi suçladı, 'Ölüm tehdidinden kaçtım' dedi Notbir 13 yıl sonra yakalanan bankacı Derya Dikici'den itiraf: Petrolcü aileyi suçladı, 'Ölüm tehdidinden kaçtım' dedi Notbir",browser_failed,https://news.google.com/rss/articles/CBMi0gFBVV95cUxPYk5LWTlYN0ZhbW0tR193bjdYTW82dThIbXVEOXV4bVo2OTJMeVFTNG9JZEdQX2hxVi1qZ2lNMVo0dDVsc1c1QnNLSFFjaGtMTEh6bG9MSVNGV3UyU2J3YUZzMFNXLWlKR2hEYVY4ck1UYnViRUVpYUNUYVF2aUktU3V5N1lBLTdoOHF0ZlVuMFBrVGlfNC1TSmx5YS1QMl84X1lPWmxsV21SQ3dFZURsZDFBZ2gwY2NxMlZhbUgxY0o1YkdESHdyYnQwa3NVUW52RlE?oc=5&hl=tr&gl=TR&ceid=TR:tr,,,,,,,,il yok | ilçe yok | firma yok | faaliyet/tesis yok,,,,maps araması yapılmadı,,,92.18,103
2026-10-08 08:05:00,iflas,İflas / Konkordato / Mali Sorun,Türkiye'nin dev gıda şirketi iflas etti: 3 ay önce konkordato ilan etmişti,Türkiye'nin dev gıda şirketi iflas etti: 3 ay önce konkordato ilan etmişti Gündeme Bakış,https://news.google.com/rss/articles/CBMiowFBVV95cUxNcmFRZjN1SzYyWlFoTVFUN0k0VGZYa3NjNDRPMkJJQnVEQm9nUjlFREl0S2hySVlvb0ZrYjFTQ3BZbEpxSG0yN2NWdWJna3lESkI1Q19IMjUxT2UzdnpaQS00TlUtdkxKWmtfZTQzak1RS3BHQzNIN0VmdnhoMUo1dU1FakhOdGViMFB0NlA1aTIwQzg3eEIxQmlldzNLZUxLYjJB?oc=5,"gıda, şirket",şirket / firma,"Tarım emtiası ticaretinde faaliyet gösteren ve Türkiye’nin büyük şirketleri arasına giren Taban Gıda’nın konkordato süreci iflasla sonuçlandı. Mahkemenin talebi reddetmesinin ardından şirketin iflasına karar verilirken, geçmişte milyarlarca liralık ciroya ulaşan şirketin tasfiye süreci resmen başladı. Tarım emtiası ticaretinde faaliyet gösteren ve Türkiye’nin büyük şirketleri arasına giren Taban Gıda’nın konkordato süreci iflasla sonuçlandı. Mahkemenin talebi reddetmesinin ardından şirketin iflasına karar verilirken, geçmişte milyarlarca liralık ciroya ulaşan şirketin tasfiye süreci resmen başladı. Tarım emtiası ticaretinde faaliyet gösteren ve Türkiye’nin büyük şirketleri arasına giren Taban Gıda’nın konkordato süreci iflasla sonuçlandı. Mahkemenin talebi reddetmesinin ardından şirketin iflasına karar verilirken, geçmişte milyarlarca liralık ciroya ulaşan şirketin tasfiye süreci resmen başladı. Web sitemizden ayrılıyorsunuz Bu bağlantı sizi https://www.gundemebakis.com dışındaki bir siteye yönlendiriyor. Sayfada Kal Devam Et Türkiye'nin dev gıda şirketi iflas etti: 3 ay önce konkordato ilan etmişti Tarım emtiası ticaretinde faaliyet gösteren ve Türkiye’nin büyük şirketleri arasına giren Taban Gıda’nın konkordato süreci iflasla sonuçlandı. Mahkemenin talebi reddetmesinin ardından şirketin iflasına karar verilirken, geçmişte milyarlarca liralık ciroya ulaşan şirketin tasfiye süreci resmen başladı. KONKORDATODAN 3 AY SONRA İFLAS Taban Gıda Dış Ticaret AŞ ve Aras Demir hakkında yürütülen konkordato sürecinde karar çıktı. İstanbul 1. Asliye Ticaret Mahkemesi, şirketin kesin mühlet verilmesi yönündeki talebini reddederken geçici mühlet ve tedbirlerin kaldırılmasına karar verdi. Konkordato komiser heyetinin görevi de sona erdirildi. Mahkeme, Taban Gıda Dış Ticaret AŞ’nin iflasına hükmetti. İflasın 1 Ekim 2026 saat 13.27 itibarıyla açıldığı belirtildi. Karar, İstanbul 2. İflas Müdürlüğü tarafından 7 Ekim 2026’da ilan edildi. Tasfiye işlemleri 2026/17 sayılı dosya üzerinden yürütülecek. Taban Gıda’nın mali sıkıntıları 2026 yılının yaz aylarında gündeme geldi. İstanbul 1. Asliye Ticaret Mahkemesi, şirket ve Aras Demir hakkında 9 Temmuz 2026’dan itibaren üç aylık geçici mühlet kararı verdi. Üç aylık sürenin ardından 1 Ekim’de görülen duruşmada kesin mühlet ve konkordato talebi reddedildi. Mahkeme, Taban Gıda Dış Ticaret AŞ’nin iflasına karar verdi. 2016 yılında kurulan Taban Gıda, kısa sürede Türkiye’nin büyük şirketleri arasına girdi. 2020’de 142’nci sıraya yükselen Taban Gıda, 2021’de ise 130’uncu sıraya çıktı. Şirket 2021 yılını 4,5 milyar TL’nin üzerinde ciroyla tamamladı. Taban Gıda, 2024 Fortune 500 Türkiye sıralamasında 170’inci, Capital 500 listesinde ise 248’inci sırada yer aldı. Capital 500 verilerine göre şirketin 2023 yılı cirosu 12,5 milyar TL’yi aşarken, vergi öncesi kârı 13,3 milyon TL olarak kaydedildi. Taban Gıda, pandemi döneminde yükselen navlun maliyetleri ve küresel lojistik sorunlarının ardından deniz taşımacılığına yönelik yatırımlar da yaptı. Şirketin çatı kuruluşu Vivalon AG, 2021’de 9 milyon dolarlık yatırımla Japon yapımı 42 bin 648 DWT kapasiteli kuru yük gemisi satın aldı. Filoya daha sonra 5 milyon dolar karşılığında İtalya yapımı 7 bin 550 DWT kapasiteli ikinci kuru yük gemisi dahil edildi. Şirket ilerleyen dönemde üçüncü gemisini de filosuna kattığını duyurdu. Taban Gıda; buğday, mısır, arpa, soya, yağlı tohumlar ve yem hammaddelerinin tedariki ile transit ticaretinde faaliyet gösteriyordu. Şirket daha önce yaptığı açıklamalarda Türkiye’nin buğday ithalatının yaklaşık yüzde 20’sini gerçekleştirdiğini ve dünya buğday ticaretinin yüzde 1’inden fazlasını yönettiğini belirtmişti. Bu bağlantı sizi https://www.gundemebakis.com dışındaki bir siteye yönlendiriyor.","Türkiye'nin dev gıda şirketi iflas etti: 3 ay önce konkordato ilan etmişti Türkiye'nin dev gıda şirketi iflas etti: 3 ay önce konkordato ilan etmişti Gündeme Bakış Tarım emtiası ticaretinde faaliyet gösteren ve Türkiye’nin büyük şirketleri arasına giren Taban Gıda’nın konkordato süreci iflasla sonuçlandı. Mahkemenin talebi reddetmesinin ardından şirketin iflasına karar verilirken, geçmişte milyarlarca liralık ciroya ulaşan şirketin tasfiye süreci resmen başladı. Sayfada Kal Devam Et Türkiye'nin dev gıda şirketi iflas etti: 3 ay önce konkordato ilan etmişti Tarım emtiası ticaretinde faaliyet gösteren ve Türkiye’nin büyük şirketleri arasına giren Taban Gıda’nın konkordato süreci iflasla sonuçlandı. KONKORDATODAN 3 AY SONRA İFLAS Taban Gıda Dış Ticaret AŞ ve Aras Demir hakkında yürütülen konkordato sürecinde karar çıktı. Asliye Ticaret Mahkemesi, şirketin kesin mühlet verilmesi yönündeki talebini reddederken geçici mühlet ve tedbirlerin kaldırılmasına karar verdi. Konkordato komiser heyetinin görevi de sona erdirildi. Mahkeme, Taban Gıda Dış Ticaret AŞ’nin iflasına hükmetti. İflasın 1 Ekim 2026 saat 13.27 itibarıyla açıldığı belirtildi. İflas Müdürlüğü tarafından 7 Ekim 2026’da ilan edildi. Tasfiye işlemleri 2026/17 sayılı dosya üzerinden yürütülecek. Taban Gıda’nın mali sıkıntıları 2026 yılının yaz aylarında gündeme geldi. Asliye Ticaret Mahkemesi, şirket ve Aras Demir hakkında 9 Temmuz 2026’dan itibaren üç aylık geçici mühlet kararı verdi. Üç aylık sürenin ardından 1 Ekim’de görülen duruşmada kesin mühlet ve konkordato talebi reddedildi. Mahkeme, Taban Gıda Dış Ticaret AŞ’nin iflasına karar verdi. 2016 yılında kurulan Taban Gıda, kısa sürede Türkiye’nin büyük şirketleri arasına girdi. 2020’de 142’nci sıraya yükselen Taban Gıda, 2021’de ise 130’uncu sıraya çıktı. Şirket 2021 yılını 4,5 milyar TL’nin üzerinde ciroyla tamamladı. Taban Gıda, 2024 Fortune 500 Türkiye sıralamasında 170’inci, Capital 500 listesinde ise 248’inci sırada yer aldı. Capital 500 verilerine göre şirketin 2023 yılı cirosu 12,5 milyar TL’yi aşarken, vergi öncesi kârı 13,3 milyon TL olarak kaydedildi. Taban Gıda, pandemi döneminde yükselen navlun maliyetleri ve küresel lojistik sorunlarının ardından deniz taşımacılığına yönelik yatırımlar da yaptı. Şirketin çatı kuruluşu Vivalon AG, 2021’de 9 milyon dolarlık yatırımla Japon yapımı 42 bin 648 DWT kapasiteli kuru yük gemisi satın aldı. Filoya daha sonra 5 milyon dolar karşılığında İtalya yapımı 7 bin 550 DWT kapasiteli ikinci kuru yük gemisi dahil edildi. Şirket ilerleyen dönemde üçüncü gemisini de filosuna kattığını duyurdu. Taban Gıda; buğday, mısır, arpa, soya, yağlı tohumlar ve yem hammaddelerinin tedariki ile transit ticaretinde faaliyet gösteriyordu. Şirket daha önce yaptığı açıklamalarda Türkiye’nin buğday ithalatının yaklaşık yüzde 20’sini gerçekleştirdiğini ve dünya buğday ticaretinin yüzde 1’inden fazlasını yönettiğini belirtmişti.",browser_full_article,https://www.gundemebakis.com/turkiyenin-dev-gida-sirketi-iflas-etti-3-ay-once-konkordato-ilan-etmisti,,,,,,AY SONRA İFLAS Taban Gıda Dış Ticaret AŞ,Taban Gıda Dış Ticaret AŞ:120:body | AY SONRA İFLAS Taban Gıda Dış Ticaret AŞ:raw_legal,il yok | ilçe yok | faaliyet/tesis yok,AY SONRA İFLAS Taban Gıda Dış Ticaret AŞ Türkiye,TABAN GIDA DIŞ TİCARET A.Ş,TABAN GIDA DIŞ TİCARET A.Ş,firma adı + güvenli maps adayı var,68.29268292682927,,190.0,104
2026-10-04 10:33:00,konkordato,İflas / Konkordato / Mali Sorun,Konkordato talebi reddedildi: Dev holdinglere hizmet veren şirket iflas etti,Konkordato talebi reddedildi: Dev holdinglere hizmet veren şirket iflas etti KARAR,https://news.google.com/rss/articles/CBMisgFBVV95cUxPSkZ2RjkzcWxWODZQTGc0dHlxSml3NnhaMnVjN01TeXRqMUpKdGU1cENzMkhrNE1QRDVhelpGMGJxV3lQV1EwNGkxMDNjQTJhN3JUY0t3UHA1SnRhS29iNVhHNmtTWS02V1kwdmpBUC1TSTNVN0RVN3pTMUFOay1yVENPR2lFQ19WamJkSVBwcEcxVU44Rm9nUWd2eXg5SmRmY2dRa3NrTkFfSXFjaTNGQmx3?oc=5,"holding, şirket",şirket / firma,"İzmir'in Aliağa ilçesinde faaliyet gösteren Endmer Endüstri Merkezi Sanayi ve Ticaret Ltd. Şti. hakkında mahkemeden iflas kararı çıktı. Tüpraş, Petkim, Star Rafineri ve Opet'in yanı sıra Kırklareli'ndeki ENKA Santrali'nin projelerinde mühendislik hizmeti sunan şirketin konkordato talebi kabul edilmedi. İzmir'in Aliağa ilçesinde faaliyet gösteren Endmer Endüstri Merkezi Sanayi ve Ticaret Ltd. Şti. hakkında mahkemeden iflas kararı çıktı. Tüpraş, Petkim, Star Rafineri ve Opet'in yanı sıra Kırklareli'ndeki ENKA Santrali'nin projelerinde mühendislik hizmeti sunan şirketin konkordato talebi kabul edilmedi. İzmir'in Aliağa ilçesinde faaliyet gösteren Endmer Endüstri Merkezi Sanayi ve Ticaret Ltd. Şti. hakkında mahkemeden iflas kararı çıktı. Tüpraş, Petkim, Star Rafineri ve Opet'in yanı sıra Kırklareli'ndeki ENKA Santrali'nin projelerinde mühendislik hizmeti sunan şirketin konkordato talebi kabul edilmedi.","Konkordato talebi reddedildi: Dev holdinglere hizmet veren şirket iflas etti Konkordato talebi reddedildi: Dev holdinglere hizmet veren şirket iflas etti KARAR İzmir'in Aliağa ilçesinde faaliyet gösteren Endmer Endüstri Merkezi Sanayi ve Ticaret Ltd. Şti. hakkında mahkemeden iflas kararı çıktı. Tüpraş, Petkim, Star Rafineri ve Opet'in yanı sıra Kırklareli'ndeki ENKA Santrali'nin projelerinde mühendislik hizmeti sunan şirketin konkordato talebi kabul edilmedi.",browser_full_article,https://www.karar.com/ekonomi-haberleri/konkordato-talebi-reddedildi-dev-holdinglere-hizmet-veren-sirket-2076179,İzmir,Aliağa,,,,Endmer Endüstri Merkezi Sanayi ve Ticaret Ltd. Şti,Endmer Endüstri Merkezi Sanayi ve Ticaret Ltd. Şti:raw_legal,faaliyet/tesis yok,Endmer Endüstri Merkezi Sanayi ve Ticaret Ltd. Şti Aliağa İzmir Türkiye,ENDMER Endüstri Merkezi,ENDMER Endüstri Merkezi,firma adı + güvenli maps adayı var,100.0,,187.61,105
2026-10-04 09:38:49,iflas,İflas / Konkordato / Mali Sorun,Tüpraş ve Petkim’e hizmet veriyordu: Konkordato ilan eden şirket iflas etti,Tüpraş ve Petkim’e hizmet veriyordu: Konkordato ilan eden şirket iflas etti Odatv,https://news.google.com/rss/articles/CBMiwwFBVV95cUxQb003TDU4dVZROUVyN1B2Z0p1R3ppX1l1VHhWMzJILVpyVTFNRXlFWVlaSjZNaTdWejdicTRsUHRXLUxXbW9kS1AyQjM5cHhpLWM1RHZWWFN5TDYtSlR4MVFfczNuakdWckZYUERSQTQtY3A3WndsOEFzRURjWHFRcWpZQmNCYXhtelRwVzJyT2RGaHoybE5wV2VPSFpoSzVBVHhpNnZmLUNDcjMtOHJ5cEFKOWpMbUhjNDkwaVRlZUwwOFU?oc=5,şirket,şirket / firma,"Tüpraş, Petkim, Star Rafineri ve Opet gibi dev sanayi kuruluşlarının projelerinde görev alan Endmer’in konkordato süreci sona erdi. İzmir 3. Asliye Ticaret Mahkemesi, şirketin kesin mühlet talebini reddederek 25 Eylül itibarıyla iflasına karar verdi.","Tüpraş ve Petkim’e hizmet veriyordu: Konkordato ilan eden şirket iflas etti Tüpraş ve Petkim’e hizmet veriyordu: Konkordato ilan eden şirket iflas etti Odatv Tüpraş, Petkim, Star Rafineri ve Opet gibi dev sanayi kuruluşlarının projelerinde görev alan Endmer’in konkordato süreci sona erdi. Asliye Ticaret Mahkemesi, şirketin kesin mühlet talebini reddederek 25 Eylül itibarıyla iflasına karar verdi.",browser_full_article,https://www.odatv.com/ekonomi/tupras-ve-petkime-hizmet-veren-sirket-iflas-etti-endmerin-konkordato-sureci-sona-erdi-120165139,,,,,,,,il yok | ilçe yok | firma yok | faaliyet/tesis yok,,,,maps araması yapılmadı,,,76.25,106
2026-10-09 05:07:08,iflas,İflas / Konkordato / Mali Sorun,Fortune 500’deki Taban Gıda iflas etti,Fortune 500’deki Taban Gıda iflas etti BoldMedya,https://news.google.com/rss/articles/CBMib0FVX3lxTFBINGJUTjN3SHVEVW1pX1dPMTN5b243RkRTTDNNdzVlQXpKdEhHampFRUN4cDZNaVJsQmp2cnFBRlNPb3lPd0ZlRUhkZ1lmTXN6dzVQTnZvNFlPNGxBYXRYbWZhc1oxci1oWUVSLTdldw?oc=5,gıda,,"Türkiye’nin büyük tarım ve gıda ticareti şirketlerinden Taban Gıda için iflas kararı verildi. İstanbul 1. Asliye Ticaret Mahkemesi, şirketin kesin Fortune 500 Türkiye listesinde yer alan Taban Gıda’nın konkordato talebi reddedildi. Mahkeme şirketin iflasına karar verdi. Türkiye’nin büyük tarım ve gıda ticareti şirketlerinden Taban Gıda için iflas kararı verildi. İstanbul 1. Asliye Ticaret Mahkemesi, şirketin kesin Riyad’a füze, Yemen’e hava saldırısı Almanya’da vicdani ret başvuruları rekor kırdı İstanbul’da çöken binada ölü sayısı 5’e çıktı ABD’nin İran’a saldırı planı ortaya çıktı Ahbap soruşturmasında Ece Güner tahliye edildi Kızın kaybeden Atilla Taş’ın durumunu yakın dostu açıkladı Deniz Akkaya hakkında yakalama kararı çıkarıldı Oğlundan 2 gün sonra annesi de öldürüldü Home Ekonomi Türkiye’nin dünya markası gıda devi iflas etti 1 Ekim’de yapılan duruşmada kesin mühlet talebini değerlendiren mahkeme, konkordato talebini kabul etmedi. Daha önce verilen geçici mühlet ve tedbirler kaldırıldı, konkordato komiser heyetinin görevi sona erdi. 09/10/2026 A A A A Reset Facebook Twitter Bluesky Threads Whatsapp Türkiye’nin büyük tarım ve gıda ticareti şirketlerinden Taban Gıda için iflas kararı verildi. İstanbul 1. Asliye Ticaret Mahkemesi, şirketin kesin mühlet ve konkordato talebini reddederek Taban Gıda Dış Ticaret AŞ’nin iflasına hükmetti. İflasın 1 Ekim 2026 saat 13.27 itibarıyla açıldığı belirtildi. Karar, İstanbul 2. İflas Müdürlüğü tarafından 7 Ekim’de ilan edildi. ADVERTISEMENT KONKORDATO SÜRECİ İFLASLA BİTTİ Taban Gıda ile Aras Demir hakkında yürütülen konkordato süreci yaz aylarında başlamıştı. Mahkeme, 9 Temmuz 2026’dan itibaren üç aylık geçici mühlet kararı vermişti. 1 Ekim’de yapılan duruşmada kesin mühlet talebini değerlendiren mahkeme, konkordato talebini kabul etmedi. Daha önce verilen geçici mühlet ve tedbirler kaldırıldı, konkordato komiser heyetinin görevi sona erdi. FORTUNE 500’DE 130’UNCULUĞA KADAR ÇIKMIŞTI 2016 yılında kurulan Taban Gıda, kısa sürede Türkiye’nin büyük şirketleri arasına girdi. Şirket, Fortune 500 Türkiye listesine 2019’da 183’üncü sıradan girdi. Bu Haberler İlginizi Çekebilir Riyad’a füze, Yemen’e hava saldırısı Almanya’da vicdani ret başvuruları rekor kırdı İstanbul’da çöken binada ölü sayısı 5’e çıktı ABD’nin İran’a saldırı planı ortaya çıktı Taban Gıda, 2020’de 142’nci, 2021’de ise 130’uncu sıraya kadar yükseldi. Şirketin 2021’de 4,5 milyar TL’nin üzerinde ciro elde ettiği belirtildi. 2023 CİROSU 12,5 MİLYAR TL’Yİ AŞMIŞTI Capital verilerine göre Taban Gıda’nın 2023 yılındaki cirosu 12,5 milyar TL’yi aştı. Şirketin vergi öncesi kârı ise 13,3 milyon TL olarak kayıtlara geçti. Taban Gıda, 2024 Fortune 500 Türkiye listesinde 170’inci, Capital 500 sıralamasında ise 248’inci sırada yer aldı. MİLYONLARCA DOLARLIK GEMİ YATIRIMI YAPMIŞTI Şirket yalnızca tahıl ve yem hammaddeleri ticaretiyle faaliyet göstermedi. Pandemi sonrasında artan navlun maliyetlerinin ardından deniz taşımacılığına da yatırım yaptı. Taban Gıda’nın çatı kuruluşu Vivalon AG, 2021’de yaklaşık 9 milyon dolara 42 bin 648 DWT kapasiteli kuru yük gemisi satın aldı. Daha sonra yaklaşık 5 milyon dolarlık ikinci bir gemi daha filoya katıldı. Şirket ilerleyen dönemde üçüncü gemisini de filosuna dahil etti. Buna rağmen 2026 yazında başlayan mali sıkıntılar konkordato sürecine, ardından da iflas kararına kadar uzandı. Tags: Fortune 500 iflas konkordato Taban Gıda tarım Vivalon Share Tweet Share Share Send Son Haberler Ahbap soruşturmasında Ece Güner tahliye edildi Kızın kaybeden Atilla Taş’ın durumunu yakın dostu açıkladı Deniz Akkaya hakkında yakalama kararı çıkarıldı Oğlundan 2 gün sonra annesi de öldürüldü Home Ekonomi Türkiye’nin dünya markası gıda devi iflas etti 1 Ekim’de yapılan duruşmada kesin mühlet talebini değerlendiren mahkeme, konkordato talebini kabul etmedi. Daha önce verilen geçici mühlet ve tedbirler kaldırıldı, konkordato komiser heyetinin görevi sona erdi. 09/10/2026 A A A A Reset Facebook Twitter Bluesky Threads Whatsapp Türkiye’nin büyük tarım ve gıda ticareti şirketlerinden Taban Gıda için iflas kararı verildi. İstanbul 1. Asliye Ticaret Mahkemesi, şirketin kesin mühlet ve konkordato talebini reddederek Taban Gıda Dış Ticaret AŞ’nin iflasına hükmetti. İflasın 1 Ekim 2026 saat 13.27 itibarıyla açıldığı belirtildi. Karar, İstanbul 2. İflas Müdürlüğü tarafından 7 Ekim’de ilan edildi. ADVERTISEMENT KONKORDATO SÜRECİ İFLASLA BİTTİ Taban Gıda ile Aras Demir hakkında yürütülen konkordato süreci yaz aylarında başlamıştı. Mahkeme, 9 Temmuz 2026’dan itibaren üç aylık geçici mühlet kararı vermişti. 1 Ekim’de yapılan duruşmada kesin mühlet talebini değerlendiren mahkeme, konkordato talebini kabul etmedi. Daha önce verilen geçici mühlet ve tedbirler kaldırıldı, konkordato komiser heyetinin görevi sona erdi. FORTUNE 500’DE 130’UNCULUĞA KADAR ÇIKMIŞTI 2016 yılında kurulan Taban Gıda, kısa sürede Türkiye’nin büyük şirketleri arasına girdi. Şirket, Fortune 500 Türkiye listesine 2019’da 183’üncü sıradan girdi. Bu Haberler İlginizi Çekebilir Riyad’a füze, Yemen’e hava saldırısı Almanya’da vicdani ret başvuruları rekor kırdı İstanbul’da çöken binada ölü sayısı 5’e çıktı ABD’nin İran’a saldırı planı ortaya çıktı Taban Gıda, 2020’de 142’nci, 2021’de ise 130’uncu sıraya kadar yükseldi. Şirketin 2021’de 4,5 milyar TL’nin üzerinde ciro elde ettiği belirtildi. 2023 CİROSU 12,5 MİLYAR TL’Yİ AŞMIŞTI Capital verilerine göre Taban Gıda’nın 2023 yılındaki cirosu 12,5 milyar TL’yi aştı. Şirketin vergi öncesi kârı ise 13,3 milyon TL olarak kayıtlara geçti. Taban Gıda, 2024 Fortune 500 Türkiye listesinde 170’inci, Capital 500 sıralamasında ise 248’inci sırada yer aldı. MİLYONLARCA DOLARLIK GEMİ YATIRIMI YAPMIŞTI Şirket yalnızca tahıl ve yem hammaddeleri ticaretiyle faaliyet göstermedi. Pandemi sonrasında artan navlun maliyetlerinin ardından deniz taşımacılığına da yatırım yaptı. Taban Gıda’nın çatı kuruluşu Vivalon AG, 2021’de yaklaşık 9 milyon dolara 42 bin 648 DWT kapasiteli kuru yük gemisi satın aldı. Daha sonra yaklaşık 5 milyon dolarlık ikinci bir gemi daha filoya katıldı. Şirket ilerleyen dönemde üçüncü gemisini de filosuna dahil etti. Buna rağmen 2026 yazında başlayan mali sıkıntılar konkordato sürecine, ardından da iflas kararına kadar uzandı. Tags: Fortune 500 iflas konkordato Taban Gıda tarım Vivalon Share Tweet Share Share Send Türkiye’nin büyük tarım ve gıda ticareti şirketlerinden Taban Gıda için iflas kararı verildi. İstanbul 1. Asliye Ticaret Mahkemesi, şirketin kesin mühlet ve konkordato talebini reddederek Taban Gıda Dış Ticaret AŞ’nin iflasına hükmetti. İflasın 1 Ekim 2026 saat 13.27 itibarıyla açıldığı belirtildi. Karar, İstanbul 2. İflas Müdürlüğü tarafından 7 Ekim’de ilan edildi. ADVERTISEMENT KONKORDATO SÜRECİ İFLASLA BİTTİ Taban Gıda ile Aras Demir hakkında yürütülen konkordato süreci yaz aylarında başlamıştı. Mahkeme, 9 Temmuz 2026’dan itibaren üç aylık geçici mühlet kararı vermişti. 1 Ekim’de yapılan duruşmada kesin mühlet talebini değerlendiren mahkeme, konkordato talebini kabul etmedi. Daha önce verilen geçici mühlet ve tedbirler kaldırıldı, konkordato komiser heyetinin görevi sona erdi. FORTUNE 500’DE 130’UNCULUĞA KADAR ÇIKMIŞTI 2016 yılında kurulan Taban Gıda, kısa sürede Türkiye’nin büyük şirketleri arasına girdi. Şirket, Fortune 500 Türkiye listesine 2019’da 183’üncü sıradan girdi. Bu Haberler İlginizi Çekebilir Riyad’a füze, Yemen’e hava saldırısı Almanya’da vicdani ret başvuruları rekor kırdı İstanbul’da çöken binada ölü sayısı 5’e çıktı ABD’nin İran’a saldırı planı ortaya çıktı Taban Gıda, 2020’de 142’nci, 2021’de ise 130’uncu sıraya kadar yükseldi. Şirketin 2021’de 4,5 milyar TL’nin üzerinde ciro elde ettiği belirtildi. 2023 CİROSU 12,5 MİLYAR TL’Yİ AŞMIŞTI Capital verilerine göre Taban Gıda’nın 2023 yılındaki cirosu 12,5 milyar TL’yi aştı. Şirketin vergi öncesi kârı ise 13,3 milyon TL olarak kayıtlara geçti. Taban Gıda, 2024 Fortune 500 Türkiye listesinde 170’inci, Capital 500 sıralamasında ise 248’inci sırada yer aldı. MİLYONLARCA DOLARLIK GEMİ YATIRIMI YAPMIŞTI Şirket yalnızca tahıl ve yem hammaddeleri ticaretiyle faaliyet göstermedi. Pandemi sonrasında artan navlun maliyetlerinin ardından deniz taşımacılığına da yatırım yaptı. Taban Gıda’nın çatı kuruluşu Vivalon AG, 2021’de yaklaşık 9 milyon dolara 42 bin 648 DWT kapasiteli kuru yük gemisi satın aldı. Daha sonra yaklaşık 5 milyon dolarlık ikinci bir gemi daha filoya katıldı. Şirket ilerleyen dönemde üçüncü gemisini de filosuna dahil etti. Buna rağmen 2026 yazında başlayan mali sıkıntılar konkordato sürecine, ardından da iflas kararına kadar uzandı. Tags: Fortune 500 iflas konkordato Taban Gıda tarım Vivalon Boldmedya.com bir International Journalists Association e.V. kuruluşudur. https://www.youtube.com/boldmedya kanalından görsel içerik de üretmektedir. Bizi Takip Edin Türkiye’nin dünya markası gıda devi iflas etti 1 Ekim’de yapılan duruşmada kesin mühlet talebini değerlendiren mahkeme, konkordato talebini kabul etmedi. Daha önce verilen geçici mühlet ve tedbirler kaldırıldı, konkordato komiser heyetinin görevi sona erdi. Türkiye’nin büyük tarım ve gıda ticareti şirketlerinden Taban Gıda için iflas kararı verildi. İstanbul 1. Asliye Ticaret Mahkemesi, şirketin kesin mühlet ve konkordato talebini reddederek Taban Gıda Dış Ticaret AŞ’nin iflasına hükmetti. İflasın 1 Ekim 2026 saat 13.27 itibarıyla açıldığı belirtildi. Karar, İstanbul 2. İflas Müdürlüğü tarafından 7 Ekim’de ilan edildi. Taban Gıda ile Aras Demir hakkında yürütülen konkordato süreci yaz aylarında başlamıştı. Mahkeme, 9 Temmuz 2026’dan itibaren üç aylık geçici mühlet kararı vermişti. 2016 yılında kurulan Taban Gıda, kısa sürede Türkiye’nin büyük şirketleri arasına girdi. Şirket, Fortune 500 Türkiye listesine 2019’da 183’üncü sıradan girdi. Taban Gıda, 2020’de 142’nci, 2021’de ise 130’uncu sıraya kadar yükseldi. Şirketin 2021’de 4,5 milyar TL’nin üzerinde ciro elde ettiği belirtildi. Capital verilerine göre Taban Gıda’nın 2023 yılındaki cirosu 12,5 milyar TL’yi aştı. Şirketin vergi öncesi kârı ise 13,3 milyon TL olarak kayıtlara geçti. Taban Gıda, 2024 Fortune 500 Türkiye listesinde 170’inci, Capital 500 sıralamasında ise 248’inci sırada yer aldı. Şirket yalnızca tahıl ve yem hammaddeleri ticaretiyle faaliyet göstermedi. Pandemi sonrasında artan navlun maliyetlerinin ardından deniz taşımacılığına da yatırım yaptı. Taban Gıda’nın çatı kuruluşu Vivalon AG, 2021’de yaklaşık 9 milyon dolara 42 bin 648 DWT kapasiteli kuru yük gemisi satın aldı. Daha sonra yaklaşık 5 milyon dolarlık ikinci bir gemi daha filoya katıldı. Şirket ilerleyen dönemde üçüncü gemisini de filosuna dahil etti. Buna rağmen 2026 yazında başlayan mali sıkıntılar konkordato sürecine, ardından da iflas kararına kadar uzandı. Boldmedya.com bir International Journalists Association e.V. kuruluşudur. https://www.youtube.com/boldmedya kanalından görsel içerik de üretmektedir. © 2018 - 2022 Bold Medya - Designed by INCREASES","Fortune 500’deki Taban Gıda iflas etti Fortune 500’deki Taban Gıda iflas etti BoldMedya Türkiye’nin büyük tarım ve gıda ticareti şirketlerinden Taban Gıda için iflas kararı verildi. Asliye Ticaret Mahkemesi, şirketin kesin Fortune 500 Türkiye listesinde yer alan Taban Gıda’nın konkordato talebi reddedildi. Mahkeme şirketin iflasına karar verdi. Asliye Ticaret Mahkemesi, şirketin kesin Riyad’a füze, Yemen’e hava saldırısı Almanya’da vicdani ret başvuruları rekor kırdı İstanbul’da çöken binada ölü sayısı 5’e çıktı ABD’nin İran’a saldırı planı ortaya çıktı Ahbap soruşturmasında Ece Güner tahliye edildi Kızın kaybeden Atilla Taş’ın durumunu yakın dostu açıkladı Deniz Akkaya hakkında yakalama kararı çıkarıldı Oğlundan 2 gün sonra annesi de öldürüldü Home Ekonomi Türkiye’nin dünya markası gıda devi iflas etti 1 Ekim’de yapılan duruşmada kesin mühlet talebini değerlendiren mahkeme, konkordato talebini kabul etmedi. Daha önce verilen geçici mühlet ve tedbirler kaldırıldı, konkordato komiser heyetinin görevi sona erdi. 09/10/2026 A A A A Reset Facebook Twitter Bluesky Threads Whatsapp Türkiye’nin büyük tarım ve gıda ticareti şirketlerinden Taban Gıda için iflas kararı verildi. Asliye Ticaret Mahkemesi, şirketin kesin mühlet ve konkordato talebini reddederek Taban Gıda Dış Ticaret AŞ’nin iflasına hükmetti. İflasın 1 Ekim 2026 saat 13.27 itibarıyla açıldığı belirtildi. İflas Müdürlüğü tarafından 7 Ekim’de ilan edildi. ADVERTISEMENT KONKORDATO SÜRECİ İFLASLA BİTTİ Taban Gıda ile Aras Demir hakkında yürütülen konkordato süreci yaz aylarında başlamıştı. 1 Ekim’de yapılan duruşmada kesin mühlet talebini değerlendiren mahkeme, konkordato talebini kabul etmedi. FORTUNE 500’DE 130’UNCULUĞA KADAR ÇIKMIŞTI 2016 yılında kurulan Taban Gıda, kısa sürede Türkiye’nin büyük şirketleri arasına girdi. Şirket, Fortune 500 Türkiye listesine 2019’da 183’üncü sıradan girdi. Bu Haberler İlginizi Çekebilir Riyad’a füze, Yemen’e hava saldırısı Almanya’da vicdani ret başvuruları rekor kırdı İstanbul’da çöken binada ölü sayısı 5’e çıktı ABD’nin İran’a saldırı planı ortaya çıktı Taban Gıda, 2020’de 142’nci, 2021’de ise 130’uncu sıraya kadar yükseldi. Şirketin 2021’de 4,5 milyar TL’nin üzerinde ciro elde ettiği belirtildi. 2023 CİROSU 12,5 MİLYAR TL’Yİ AŞMIŞTI Capital verilerine göre Taban Gıda’nın 2023 yılındaki cirosu 12,5 milyar TL’yi aştı. Şirketin vergi öncesi kârı ise 13,3 milyon TL olarak kayıtlara geçti. Taban Gıda, 2024 Fortune 500 Türkiye listesinde 170’inci, Capital 500 sıralamasında ise 248’inci sırada yer aldı. MİLYONLARCA DOLARLIK GEMİ YATIRIMI YAPMIŞTI Şirket yalnızca tahıl ve yem hammaddeleri ticaretiyle faaliyet göstermedi. Pandemi sonrasında artan navlun maliyetlerinin ardından deniz taşımacılığına da yatırım yaptı. Taban Gıda’nın çatı kuruluşu Vivalon AG, 2021’de yaklaşık 9 milyon dolara 42 bin 648 DWT kapasiteli kuru yük gemisi satın aldı. Daha sonra yaklaşık 5 milyon dolarlık ikinci bir gemi daha filoya katıldı. Şirket ilerleyen dönemde üçüncü gemisini de filosuna dahil etti. Buna rağmen 2026 yazında başlayan mali sıkıntılar konkordato sürecine, ardından da iflas kararına kadar uzandı. Tags: Fortune 500 iflas konkordato Taban Gıda tarım Vivalon Share Tweet Share Share Send Son Haberler Ahbap soruşturmasında Ece Güner tahliye edildi Kızın kaybeden Atilla Taş’ın durumunu yakın dostu açıkladı Deniz Akkaya hakkında yakalama kararı çıkarıldı Oğlundan 2 gün sonra annesi de öldürüldü Home Ekonomi Türkiye’nin dünya markası gıda devi iflas etti 1 Ekim’de yapılan duruşmada kesin mühlet talebini değerlendiren mahkeme, konkordato talebini kabul etmedi. Tags: Fortune 500 iflas konkordato Taban Gıda tarım Vivalon Share Tweet Share Share Send Türkiye’nin büyük tarım ve gıda ticareti şirketlerinden Taban Gıda için iflas kararı verildi. Tags: Fortune 500 iflas konkordato Taban Gıda tarım Vivalon Boldmedya.com bir International Journalists Association e.V. Bizi Takip Edin Türkiye’nin dünya markası gıda devi iflas etti 1 Ekim’de yapılan duruşmada kesin mühlet talebini değerlendiren mahkeme, konkordato talebini kabul etmedi. Taban Gıda ile Aras Demir hakkında yürütülen konkordato süreci yaz aylarında başlamıştı. 2016 yılında kurulan Taban Gıda, kısa sürede Türkiye’nin büyük şirketleri arasına girdi. Taban Gıda, 2020’de 142’nci, 2021’de ise 130’uncu sıraya kadar yükseldi. Capital verilerine göre Taban Gıda’nın 2023 yılındaki cirosu 12,5 milyar TL’yi aştı. Şirket yalnızca tahıl ve yem hammaddeleri ticaretiyle faaliyet göstermedi. Boldmedya.com bir International Journalists Association e.V. © 2018 - 2022 Bold Medya - Designed by INCREASES",browser_full_article,https://boldmedya.com/2026/10/09/taban-gida-iflas-fortune-500/,İstanbul,,,,,Taban Gıda Dış Ticaret AŞ,Taban Gıda:292:body+summary+title | Taban Gıda Dış Ticaret AŞ:130:body | Taban Gıda Dış Ticaret AŞ:raw_legal,ilçe yok | faaliyet/tesis yok,Taban Gıda Dış Ticaret AŞ İstanbul Türkiye,TABAN GIDA DIŞ TİCARET A.Ş,TABAN GIDA DIŞ TİCARET A.Ş,firma adı + güvenli maps adayı var,100,,170.0,107
2026-10-09 11:30:00,iflas,İflas / Konkordato / Mali Sorun,Murat Cemcir'in yapım şirketi iflas etti: Mahkemeden karar çıktı,Murat Cemcir'in yapım şirketi iflas etti: Mahkemeden karar çıktı Cumhuriyet,https://news.google.com/rss/articles/CBMiqwFBVV95cUxQbkhPLTduYi14ZjFsWHR2ZnU1VkNiNjAzanZLU2dYUm9HVnBXNERyZkJOLUxGV29XNzR3NV9id2x6bmhqMWdoTFNvOE5yWGRFSlNlYzB6R2lBX2U3LWZhbE5yaDdIZzVuVl9IQ1lIYUt3aUR3T1IyZWRBdWs1ZG56VnlxR1lYaXkzZlFsbUVEVzkzdW1xczRmVXRlZ3JWbC1keFNQWlMzczJxSWs?oc=5,şirket,şirket / firma,"Oyuncu Murat Cemcir ile yönetmen ve senarist Selçuk Aydemir'in ortaklığında kurulan TR 40 33 Productions hakkında iflas kararı verildi. İstanbul 1. Asliye Ticaret Mahkemesi, “Çalgı Çengi İkimiz” ve “Ailecek Şaşkınız” gibi filmlerin yapımcılığını üstlenen şirketin 1 Ekim 2026 itibarıyla iflasının açılmasına hükmetti. Oyuncu Murat Cemcir ile yönetmen ve senarist Selçuk Aydemir'in ortaklığında kurulan TR 40 33 Productions hakkında iflas kararı verildi. İstanbul 1. Asliye Ticaret Mahkemesi, “Çalgı Çengi İkimiz” ve “Ailecek Şaşkınız” gibi filmlerin yapımcılığını üstlenen şirketin 1 Ekim 2026 itibarıyla iflasının açılmasına hükmetti. Oyuncu Murat Cemcir ile yönetmen ve senarist Selçuk Aydemir'in ortaklığında kurulan TR 40 33 Productions hakkında iflas kararı verildi. İstanbul 1. Asliye Ticaret Mahkemesi, “Çalgı Çengi İkimiz” ve “Ailecek Şaşkınız” gibi filmlerin yapımcılığını üstlenen şirketin 1 Ekim 2026 itibarıyla iflasının açılmasına hükmetti. Oyuncu Murat Cemcir 'in yönetmen ve senarist Selçuk Aydemir ile birlikte kurduğu yapım şirketi TR 40 33 Productions, yaşadığı mali sorunların ardından iflas etti. BirGün'ün haberine göre, İstanbul 1. Asliye Ticaret Mahkemesi, bir süredir ekonomik darboğazda olduğu belirtilen şirket hakkında iflas kararı verdi. MAHKEMEDEN İFLAS KARARI 2016 yılında Murat Cemcir ve Selçuk Aydemir ortaklığında kurulan TR 40 33 Film Yapım Bilişim Organizasyon Sanayi ve Ticaret Anonim Şirketi, İstanbul'un Sarıyer ilçesindeki Maslak Beybi Giz Plaza'da faaliyet gösteriyordu. İstanbul 1. Asliye Ticaret Mahkemesi'nin 2026/327 Esas sayılı dosyası üzerinden yürütülen yargılama sonucunda, şirketin 1 Ekim 2026 saat 14.48 itibarıyla iflasının açılmasına karar verildi. GİŞE BAŞARISI YAKALAYAN FİLMLERE İMZA ATMIŞTI Murat Cemcir, kendi yapım şirketini kurmadan önce rol aldığı 5 filmle toplam 20 milyonun üzerinde izleyiciye ulaşmıştı. Cemcir ve Aydemir'in 2016 yılında kurduğu şirket ise “Çalgı Çengi İkimiz” ve “Ailecek Şaşkınız” gibi gişede başarı yakalayan filmlerin yapımcılığını üstlendi. Şirketin yapımcılığını yaptığı son sinema filmi, 2022 yılında gösterime giren “Mahalleden Arkadaşlar” oldu. Son yıllarda mali sıkıntılar yaşadığı belirtilen şirketin faaliyetlerine ilişkin süreç, mahkemenin iflas kararıyla yeni bir aşamaya taşındı. Hava Durumu Namaz Vakitleri Murat Cemcir'in yapım şirketi iflas etti: Mahkemeden karar çıktı Takip Et: Paylaş: Murat","Murat Cemcir'in yapım şirketi iflas etti: Mahkemeden karar çıktı Murat Cemcir'in yapım şirketi iflas etti: Mahkemeden karar çıktı Cumhuriyet Oyuncu Murat Cemcir ile yönetmen ve senarist Selçuk Aydemir'in ortaklığında kurulan TR 40 33 Productions hakkında iflas kararı verildi. Asliye Ticaret Mahkemesi, “Çalgı Çengi İkimiz” ve “Ailecek Şaşkınız” gibi filmlerin yapımcılığını üstlenen şirketin 1 Ekim 2026 itibarıyla iflasının açılmasına hükmetti. Oyuncu Murat Cemcir 'in yönetmen ve senarist Selçuk Aydemir ile birlikte kurduğu yapım şirketi TR 40 33 Productions, yaşadığı mali sorunların ardından iflas etti. BirGün'ün haberine göre, İstanbul 1. Asliye Ticaret Mahkemesi, bir süredir ekonomik darboğazda olduğu belirtilen şirket hakkında iflas kararı verdi. MAHKEMEDEN İFLAS KARARI 2016 yılında Murat Cemcir ve Selçuk Aydemir ortaklığında kurulan TR 40 33 Film Yapım Bilişim Organizasyon Sanayi ve Ticaret Anonim Şirketi, İstanbul'un Sarıyer ilçesindeki Maslak Beybi Giz Plaza'da faaliyet gösteriyordu. Asliye Ticaret Mahkemesi'nin 2026/327 Esas sayılı dosyası üzerinden yürütülen yargılama sonucunda, şirketin 1 Ekim 2026 saat 14.48 itibarıyla iflasının açılmasına karar verildi. GİŞE BAŞARISI YAKALAYAN FİLMLERE İMZA ATMIŞTI Murat Cemcir, kendi yapım şirketini kurmadan önce rol aldığı 5 filmle toplam 20 milyonun üzerinde izleyiciye ulaşmıştı. Cemcir ve Aydemir'in 2016 yılında kurduğu şirket ise “Çalgı Çengi İkimiz” ve “Ailecek Şaşkınız” gibi gişede başarı yakalayan filmlerin yapımcılığını üstlendi. Şirketin yapımcılığını yaptığı son sinema filmi, 2022 yılında gösterime giren “Mahalleden Arkadaşlar” oldu. Son yıllarda mali sıkıntılar yaşadığı belirtilen şirketin faaliyetlerine ilişkin süreç, mahkemenin iflas kararıyla yeni bir aşamaya taşındı. Hava Durumu Namaz Vakitleri Murat Cemcir'in yapım şirketi iflas etti: Mahkemeden karar çıktı Takip Et: Paylaş: Murat",browser_full_article,https://www.cumhuriyet.com.tr/yasam/murat-cemcir-in-yapim-sirketi-iflas-etti-mahkemeden-karar-cikti-2545131,İstanbul,,Maslak,,,,,ilçe yok | firma yok | faaliyet/tesis yok,,,,maps araması yapılmadı,,,95.75,108
2026-10-09 07:52:55,iflas,İflas / Konkordato / Mali Sorun,Kayseri'de iflas eden firma hakkında yeni gelişme! Tasfiye işlemleri başlatıldı,Kayseri'de iflas eden firma hakkında yeni gelişme! Tasfiye işlemleri başlatıldı Kayseri Olay Haber,https://news.google.com/rss/articles/CBMitAFBVV95cUxNNUVTN1ZSWmNuc2xYWkdUTlpiLUhtbHdTejNJU3RvTTlhTFMtQzRVenVTamtmVWtfZ29TWVRBcnBxRExyOWs2ckF4WVBHLWMwMTFGSU9oY0RBQnRUdTFWWnllaE8xT1lDN1RTVjVPaFBIWUtaQVlsajFUSDlUUjZJdEUzVEtQRjBlYUcxUHZleWlrVkVhRlNaS1pTYUYzUlB4bGJUdUtDaERDYUV2V2JVb3FOQWE?oc=5,firma,şirket / firma,"www.kayseriolay.com Güvenlik doğrulaması yapılıyor Bu web sitesi, kötü niyetli botlara karşı korunmak için bir güvenlik hizmeti kullanıyor. Web sitesi bir bot olmadığınızı doğrularken bu sayfa görüntülenir. Doğrulama başarılı. www.kayseriolay.com adresinin yanıt vermesi bekleniyor Güvenlik doğrulaması yapılıyor Doğrulama başarılı. www.kayseriolay.com adresinin yanıt vermesi bekleniyor Bu web sitesi, kötü niyetli botlara karşı korunmak için bir güvenlik hizmeti kullanıyor. Web sitesi bir bot olmadığınızı doğrularken bu sayfa görüntülenir.","Kayseri'de iflas eden firma hakkında yeni gelişme! Tasfiye işlemleri başlatıldı Kayseri'de iflas eden firma hakkında yeni gelişme! Tasfiye işlemleri başlatıldı Kayseri Olay Haber www.kayseriolay.com Güvenlik doğrulaması yapılıyor Bu web sitesi, kötü niyetli botlara karşı korunmak için bir güvenlik hizmeti kullanıyor. Web sitesi bir bot olmadığınızı doğrularken bu sayfa görüntülenir. www.kayseriolay.com adresinin yanıt vermesi bekleniyor Güvenlik doğrulaması yapılıyor Doğrulama başarılı. www.kayseriolay.com adresinin yanıt vermesi bekleniyor Bu web sitesi, kötü niyetli botlara karşı korunmak için bir güvenlik hizmeti kullanıyor.",browser_full_article,https://www.kayseriolay.com/kayseri-de-iflas-eden-firma-hakkinda-yeni-gelisme-tasfiye-islemleri-baslatildi/195420/,Kayseri,,,,,,,ilçe yok | firma yok | faaliyet/tesis yok,,,,maps araması yapılmadı,,,95.43,109
2026-10-07 12:31:00,iflas,İflas / Konkordato / Mali Sorun,En büyük 500'e girmişti: Tarım ve gıda sektörünün dev ismi iflas etti,En büyük 500'e girmişti: Tarım ve gıda sektörünün dev ismi iflas etti Haber Hürriyeti,https://news.google.com/rss/articles/CBMiuAFBVV95cUxNWFBWeU1zalRjUVBWNUJWZTA4Y01GS1RKTHhpcm41NmNSbUNUR3M2Z0ZlTEF2eE8yZTlSUXh5b05ZbVo1ME5nYkpnWmNRZElNcjhjcjhYc1dTZVB1YXFFS2xRTkRKamhfaHdrUkdpSEJveXNFelpoa19vdHh4cWFTckJvaXJoVHhBTkhHTEJZaFlEQ3UzcXlZRWVTcW9lRzhpMUktRmFDWjdLOWFJUmR6RW5LSEFMXzhQ0gG4AUFVX3lxTE1YUFZ5TXNqVGNRUFY1QlZlMDhjTUZLVEpMeGlybjU2Y1JtQ1RHczZnRmVMQXZ4TzJlOVJReHlvTlltWjUwTmdiSmdaY1FkSU1yOGNyOFhzV1NlUHVhcUVLbFFOREpqaF9od2tSR2lIQm95c0V6WmhrX290eHhxYVNyQm9pcmhUeEFOSEdMQlloWURDdTNxeVlFZVNxb2VHOGkxSS1GYUNaN0s5YUlSZHpFbktIQUxfOFA?oc=5,gıda,,"www.haberhurriyeti.com Güvenlik doğrulaması yapılıyor Bu web sitesi, kötü niyetli botlara karşı korunmak için bir güvenlik hizmeti kullanıyor. Web sitesi bir bot olmadığınızı doğrularken bu sayfa görüntülenir. Doğrulama başarılı. www.haberhurriyeti.com adresinin yanıt vermesi bekleniyor Güvenlik doğrulaması yapılıyor Doğrulama başarılı. www.haberhurriyeti.com adresinin yanıt vermesi bekleniyor Bu web sitesi, kötü niyetli botlara karşı korunmak için bir güvenlik hizmeti kullanıyor. Web sitesi bir bot olmadığınızı doğrularken bu sayfa görüntülenir.","En büyük 500'e girmişti: Tarım ve gıda sektörünün dev ismi iflas etti En büyük 500'e girmişti: Tarım ve gıda sektörünün dev ismi iflas etti Haber Hürriyeti www.haberhurriyeti.com Güvenlik doğrulaması yapılıyor Bu web sitesi, kötü niyetli botlara karşı korunmak için bir güvenlik hizmeti kullanıyor. Web sitesi bir bot olmadığınızı doğrularken bu sayfa görüntülenir. www.haberhurriyeti.com adresinin yanıt vermesi bekleniyor Güvenlik doğrulaması yapılıyor Doğrulama başarılı.",browser_full_article,https://www.haberhurriyeti.com/amp/haber/28943481/en-buyuk-500e-girmisti-tarim-ve-gida-sektorunun-dev-ismi-iflas-etti,,,,,,,,il yok | ilçe yok | firma yok | faaliyet/tesis yok,,,,maps araması yapılmadı,,,77.27,110
2026-10-05 07:28:12,iflas,İflas / Konkordato / Mali Sorun,Tarih açıklandı: Kocaeli'de iflas eden şirketin alacaklılarına önemli duyuru,Tarih açıklandı: Kocaeli'de iflas eden şirketin alacaklılarına önemli duyuru Kocaeli Barış Gazetesi,https://news.google.com/rss/articles/CBMixAFBVV95cUxNcXlBc1NtZndHSnNLSEViNnN2aXpfck5fbkxkODBVMGxQcWlLYzdQMDFYRUlWWXVHaHRFS0hBMFJrMVZxcEVMLU4zYXZMbXVOS2FocGxZdlJOZE4zZ1d6Qk16LUZwa0pFWVNfM3FIa2xxSUp6Y2ViWFFEQzRadDFHOXV2Q1ZjSHh5NmhWaEJZX29PRDhlX3dCNVhMTUhvSG5SV190Q0RsamEzUjI2dWI0SFJUUzRsaDEyMTJQOGhHcTY0RGV40gHKAUFVX3lxTE9jZThVOEZyRGZvUTRCeGk0eU03SHdMbDd6ZjNmLUJzRlRjMmFiY1ZHQUlXeTFLcUlVZjVQa1NpRVU4WlJxcE1WM09DRkNaZTB6VG5EdnlxTkZlYUpYWGZXeGxsRDBfWjR2N3hoNGkybnRGb3BiZnZsT1ZrdjRFSnp4WElnVUZTTlk3cjc3VnktaEFMd1VFOEFsTEFKclM2cHZJZTVPRlNXdVNxS2c3X0RQWU96UkRfaDlxaEZRUEx5a0tTZF9BWnFlemc?oc=5,şirket,şirket / firma,"www.kocaelibarisgazetesi.com Güvenlik doğrulaması yapılıyor Bu web sitesi, kötü niyetli botlara karşı korunmak için bir güvenlik hizmeti kullanıyor. Web sitesi bir bot olmadığınızı doğrularken bu sayfa görüntülenir. Doğrulama başarılı. www.kocaelibarisgazetesi.com adresinin yanıt vermesi bekleniyor www.kocaelibarisgazetesi.com Güvenlik doğrulaması yapılıyor Doğrulama başarılı. www.kocaelibarisgazetesi.com adresinin yanıt vermesi bekleniyor Bu web sitesi, kötü niyetli botlara karşı korunmak için bir güvenlik hizmeti kullanıyor. Web sitesi bir bot olmadığınızı doğrularken bu sayfa görüntülenir.","Tarih açıklandı: Kocaeli'de iflas eden şirketin alacaklılarına önemli duyuru Tarih açıklandı: Kocaeli'de iflas eden şirketin alacaklılarına önemli duyuru Kocaeli Barış Gazetesi www.kocaelibarisgazetesi.com Güvenlik doğrulaması yapılıyor Bu web sitesi, kötü niyetli botlara karşı korunmak için bir güvenlik hizmeti kullanıyor. Web sitesi bir bot olmadığınızı doğrularken bu sayfa görüntülenir. www.kocaelibarisgazetesi.com adresinin yanıt vermesi bekleniyor www.kocaelibarisgazetesi.com Güvenlik doğrulaması yapılıyor Doğrulama başarılı.",browser_full_article,https://www.kocaelibarisgazetesi.com/gundem/tarih-aciklandi-kocaelide-iflas-eden-sirketin-alacaklilarina-onemli-duyuru-h161386,Kocaeli,,,,,,,ilçe yok | firma yok | faaliyet/tesis yok,,,,maps araması yapılmadı,,,94.74,111
2026-10-08 07:25:00,iflas,İflas / Konkordato / Mali Sorun,Sağlıklı yemek konseptli restoran zinciri iflas etti,Sağlıklı yemek konseptli restoran zinciri iflas etti Dünya Gazetesi,https://news.google.com/rss/articles/CBMinAFBVV95cUxQRy1hTzcya3o1aGtvRXVoZjQ4TVdmOUpPb29LNV9Od1ZGOUx1NXY1TWdoa3ZNVlI3QW45bVJyUlhnVGxLVjVzVEVoSDFjSkxBUTdIaGVteVBYYXVOVkpNblBvX3I5cjBkbXQwaHZiX0RDeFJTWFNHTC1DMUpld1FXSnV1UndQMG9OQnVGaWNxMVBLbEd4N2gzQjk1aFI?oc=5,sağlık,,"ABD'de sağlıklı yemek konseptiyle tanınan restoran zinciri True Food Kitchen, mali sıkıntılar nedeniyle yeniden yapılandırma sürecine girdi. Milyonlarca dolarlık borcu bulunan şirket, çok sayıda restoranını kapatırken faaliyetlerine devam eden şubeleri için yeni bir yol haritası belirledi. ABD'de sağlıklı yemek konseptiyle tanınan restoran zinciri True Food Kitchen, mali sıkıntılar nedeniyle yeniden yapılandırma sürecine girdi. Milyonlarca dolarlık borcu bulunan şirket, çok sayıda restoranını kapatırken faaliyetlerine devam eden şubeleri için yeni bir yol haritası belirledi. ABD'de sağlıklı yemek konseptiyle tanınan restoran zinciri True Food Kitchen, mali sıkıntılar nedeniyle yeniden yapılandırma sürecine girdi. Milyonlarca dolarlık borcu bulunan şirket, çok sayıda restoranını kapatırken faaliyetlerine devam eden şubeleri için yeni bir yol haritası belirledi. Sağlıklı yemek konseptli restoran zinciri iflas etti ABD'de sağlıklı yemek konseptiyle tanınan restoran zinciri True Food Kitchen, mali sıkıntılar nedeniyle yeniden yapılandırma sürecine girdi. Milyonlarca dolarlık borcu bulunan şirket, çok sayıda restoranını kapatırken faaliyetlerine devam eden şubeleri için yeni bir yol haritası belirledi. Mutluhan Yıldız 08 Ekim 2026 10:25 08 Ekim 2026 10:27 Whatsapp Telegram Linkedin Email Dünya'yı haber kaynağınız olarak eklemek için tıklayın! ABD merkezli restoran zinciri True Food Kitchen, artan işletme maliyetleri ve borç yükü nedeniyle iflas koruma başvurusunda bulundu. Sağlıklı beslenme konseptiyle faaliyet gösteren şirket, yeniden yapılandırma kapsamında 12 restoranını kapatma kararı aldı. TheStreet'in haberine göre, 4 Ekim 2026'da ABD İflas Kanunu'nun 11. Bölümü kapsamında mahkemeye başvuran şirket, faaliyetlerini tamamen durdurmak yerine küçülerek yoluna devam etmeyi hedefliyor. Kapatılan restoranların son hizmet günü de 4 Ekim oldu. 42 milyon dolarlık borç yükü Mahkemeye sunulan belgelerde True Food Kitchen'ın yaklaşık 42,1 milyon dolarlık finansal borcu bulunduğu belirtildi. Şirketin geçen yılki satış geliri 312 milyon dolar olurken, bir önceki yıl bu rakam 314 milyon dolar seviyesindeydi. Satışlardaki sınırlı değişime rağmen yükselen kira, işçilik ve gıda maliyetlerinin şirketin mali yapısı üzerinde baskı oluşturduğu ifade edildi. Van Horn Law Group'un kurucusu Chad Van Horn, şirketin yaşadığı sıkıntının müşteri talebindeki düşüşten ziyade yüksek işletme giderlerinden kaynaklandığını belirtti. 12 restoranın kapısına kilit vuruldu Yeniden yapılandırma süreci kapsamında ABD'nin farklı eyaletlerinde bulunan 12 restoran faaliyetlerini sonlandırdı. Kapanışlardan Kaliforniya, Florida, Illinois, Louisiana, Maryland, New Jersey, New York, Ohio ve Virginia eyaletlerindeki şubeler etkilendi. Kapatılan restoranlar arasında Los Angeles, Miami, Chicago ve New Orleans gibi büyük şehirlerde bulunan işletmeler de yer aldı. Şirketin 14 eyaletteki diğer 34 restoranı ise müşterilerine hizmet vermeye devam ediyor. Şirket satış için alıcı arıyor True Food Kitchen, mali yapısını güçlendirmek amacıyla mahkeme gözetiminde satış süreci yürütmeyi planlıyor. Şirket, bu kapsamda uzun vadeli bir yatırımcı veya alıcı bulmayı hedefliyor. Yeniden yapılandırma faaliyetlerinin finansmanı için HumanCo TFK IV tarafından yaklaşık 20 milyon dolarlık kaynak sağlanmasına yönelik taahhütte bulunuldu. Finansmanın kullanılabilmesi için mahkeme onayı gerekiyor. CEO'dan çalışanlara açıklama True Food Kitchen CEO'su Jeff Chandler, yeniden yapılandırmanın şirketin geleceğini güvence altına almak amacıyla başlatıldığını belirtti. Chandler, ""Bu süreç, işletmemizi sadeleştirmek ve en iyi yaptığımız işe, yani insanların severek tükettiği sağlıklı yemekler ve samimi misafirperverlik sunmaya odaklanmak için en doğru yol"" dedi. Kapanışlardan etkilenen çalışanlara da değinen Chandler, alınan kararların zor olduğunu ve çalışanlara sağladıkları katkılardan dolayı teşekkür ettiklerini ifade etti. Restoran sektöründe maliyet baskısı büyüyor Uzmanlara göre ABD'de restoran işletmeciliği yapan şirketler, yükselen kira ve personel giderlerinin yanı sıra tüketicilerin harcamalarında daha temkinli davranmasından da etkileniyor. Özellikle yüksek kira bedellerine sahip alışveriş merkezlerinde faaliyet gösteren restoran zincirleri, sabit giderlerini karşılamakta zorlanabiliyor. Chapter 11 kapsamında şirketler, zarar eden işletmelerini kapatarak kira sözleşmelerinden çıkabiliyor ve borçlarını yeniden yapılandırabiliyor. True Food Kitchen'ın da bu süreçten yararlanarak daha küçük bir restoran ağıyla faaliyetlerini sürdürmesi hedefleniyor. McDonald's artan maliyet ve enflasyona karşı çözüm artıyor Ekonomi Kaynak: HABER MERKEZİ Ço","Sağlıklı yemek konseptli restoran zinciri iflas etti Sağlıklı yemek konseptli restoran zinciri iflas etti Dünya Gazetesi ABD'de sağlıklı yemek konseptiyle tanınan restoran zinciri True Food Kitchen, mali sıkıntılar nedeniyle yeniden yapılandırma sürecine girdi. Milyonlarca dolarlık borcu bulunan şirket, çok sayıda restoranını kapatırken faaliyetlerine devam eden şubeleri için yeni bir yol haritası belirledi. Sağlıklı yemek konseptli restoran zinciri iflas etti ABD'de sağlıklı yemek konseptiyle tanınan restoran zinciri True Food Kitchen, mali sıkıntılar nedeniyle yeniden yapılandırma sürecine girdi. Mutluhan Yıldız 08 Ekim 2026 10:25 08 Ekim 2026 10:27 Whatsapp Telegram Linkedin Email Dünya'yı haber kaynağınız olarak eklemek için tıklayın! ABD merkezli restoran zinciri True Food Kitchen, artan işletme maliyetleri ve borç yükü nedeniyle iflas koruma başvurusunda bulundu. Sağlıklı beslenme konseptiyle faaliyet gösteren şirket, yeniden yapılandırma kapsamında 12 restoranını kapatma kararı aldı. TheStreet'in haberine göre, 4 Ekim 2026'da ABD İflas Kanunu'nun 11. Bölümü kapsamında mahkemeye başvuran şirket, faaliyetlerini tamamen durdurmak yerine küçülerek yoluna devam etmeyi hedefliyor. 42 milyon dolarlık borç yükü Mahkemeye sunulan belgelerde True Food Kitchen'ın yaklaşık 42,1 milyon dolarlık finansal borcu bulunduğu belirtildi. Şirketin geçen yılki satış geliri 312 milyon dolar olurken, bir önceki yıl bu rakam 314 milyon dolar seviyesindeydi. Satışlardaki sınırlı değişime rağmen yükselen kira, işçilik ve gıda maliyetlerinin şirketin mali yapısı üzerinde baskı oluşturduğu ifade edildi. Van Horn Law Group'un kurucusu Chad Van Horn, şirketin yaşadığı sıkıntının müşteri talebindeki düşüşten ziyade yüksek işletme giderlerinden kaynaklandığını belirtti. 12 restoranın kapısına kilit vuruldu Yeniden yapılandırma süreci kapsamında ABD'nin farklı eyaletlerinde bulunan 12 restoran faaliyetlerini sonlandırdı. Kapatılan restoranlar arasında Los Angeles, Miami, Chicago ve New Orleans gibi büyük şehirlerde bulunan işletmeler de yer aldı. Şirketin 14 eyaletteki diğer 34 restoranı ise müşterilerine hizmet vermeye devam ediyor. Şirket satış için alıcı arıyor True Food Kitchen, mali yapısını güçlendirmek amacıyla mahkeme gözetiminde satış süreci yürütmeyi planlıyor. Şirket, bu kapsamda uzun vadeli bir yatırımcı veya alıcı bulmayı hedefliyor. Yeniden yapılandırma faaliyetlerinin finansmanı için HumanCo TFK IV tarafından yaklaşık 20 milyon dolarlık kaynak sağlanmasına yönelik taahhütte bulunuldu. CEO'dan çalışanlara açıklama True Food Kitchen CEO'su Jeff Chandler, yeniden yapılandırmanın şirketin geleceğini güvence altına almak amacıyla başlatıldığını belirtti. Chandler, ""Bu süreç, işletmemizi sadeleştirmek ve en iyi yaptığımız işe, yani insanların severek tükettiği sağlıklı yemekler ve samimi misafirperverlik sunmaya odaklanmak için en doğru yol"" dedi. Kapanışlardan etkilenen çalışanlara da değinen Chandler, alınan kararların zor olduğunu ve çalışanlara sağladıkları katkılardan dolayı teşekkür ettiklerini ifade etti. Restoran sektöründe maliyet baskısı büyüyor Uzmanlara göre ABD'de restoran işletmeciliği yapan şirketler, yükselen kira ve personel giderlerinin yanı sıra tüketicilerin harcamalarında daha temkinli davranmasından da etkileniyor. Özellikle yüksek kira bedellerine sahip alışveriş merkezlerinde faaliyet gösteren restoran zincirleri, sabit giderlerini karşılamakta zorlanabiliyor. Chapter 11 kapsamında şirketler, zarar eden işletmelerini kapatarak kira sözleşmelerinden çıkabiliyor ve borçlarını yeniden yapılandırabiliyor. True Food Kitchen'ın da bu süreçten yararlanarak daha küçük bir restoran ağıyla faaliyetlerini sürdürmesi hedefleniyor.",browser_full_article,https://www.dunya.com/ekonomi/saglikli-yemek-konseptli-restoran-zinciri-iflas-etti-haberi-843086,,,,,,,,il yok | ilçe yok | firma yok | faaliyet/tesis yok,,,,maps araması yapılmadı,,,65.75,112
2026-10-07 06:56:00,iflas,İflas / Konkordato / Mali Sorun,Bursa’da bir şirket daha iflas etti! Alacaklılar için kritik tarih açıklandı...,Bursa’da bir şirket daha iflas etti! Alacaklılar için kritik tarih açıklandı... Bursa Hakimiyet,https://news.google.com/rss/articles/CBMiwAFBVV95cUxQYTdjYzBLb0lDb3l4Xy1FNXNNYXg3Z0dzSE9qbUk5cm1iOERtSm5SblFnaVEtMjBFZDJITGFoamJsQmRFTnRyZF9xN0wzTS1qbnFWSFh6amY5TDFOLW5TNTF6TDBhTldReFAzdmQwQ1VURHdHWWNnMm9zMU5aNWNEalBmY21CdDJNMVhMNzdyNS1FXzJPSzR3SG9GYmJXNHBnYmhYeFVVYS1sOHBNdmhQcUxjdS1DU3lyLWRxNUJwOGg?oc=5,şirket,şirket / firma,"Bursa’da faaliyet gösteren Nova Yön Bulma Sistemleri ve Yüzey İşlem Teknolojileri Sanayi ve Ticaret A.Ş.’nin iflasına karar verildi. Adi tasfiye kapsamında yürütülecek süreçte alacaklılara bir aylık bildirim süresi verilirken, ilk alacaklılar toplantısının 8 Aralık 2026 tarihinde yapılacağı açıklandı. Bursa’da bir şirket daha iflas etti! Alacaklılar için kritik tarih açıklandı... Bursa’da faaliyet gösteren Nova Yön Bulma Sistemleri ve Yüzey İşlem Teknolojileri Sanayi ve Ticaret A.Ş.’nin iflasına karar verildi. Adi tasfiye kapsamında yürütülecek süreçte alacaklılara bir aylık bildirim süresi verilirken, ilk alacaklılar toplantısının 8 Aralık 2026 tarihinde yapılacağı açıklandı. Bursa’da bir şirket hakkında daha iflas kararı verildi. Nova Yön Bulma Sistemleri ve Yüzey İşlem Teknolojileri Sanayi ve Ticaret Anonim Şirketi hakkında Bursa 3. Asliye Ticaret Mahkemesi tarafından verilen kararın ardından tasfiye süreci başladı. Mahkemenin 1 Eylül 2026 tarihli, 2026/58 esas ve 2026/921 karar sayılı kararıyla şirketin iflasına hükmedildi. İflasın aynı gün saat 13.44 itibarıyla açılmasına ve sürecin adi tasfiye şeklinde yürütülmesine karar verildi. ALACAKLILARA BİR AYLIK SÜRE İflas sürecinde şirketten alacağı bulunanlar ile taşınır ve taşınmaz mallar üzerinde istihkak iddiasında bulunanların, ilan tarihinden itibaren bir ay içerisinde Bursa İflas Dairesine yazılı olarak başvurması gerekiyor. Alacak ve istihkak iddialarına ilişkin senet, defter ve diğer delillerin asıllarının veya onaylı örneklerinin de sunulması istendi. Şirkete borcu bulunanların da aynı süre içerisinde kendilerini ve borçlarını bildirmeleri gerektiği belirtildi. ŞİRKETİN MALLARINI ELİNDE BULUNDURANLARA ÇAĞRI Nova Yön Bulma Sistemleri ve Yüzey İşlem Teknolojileri A.Ş.’ye ait malları herhangi bir şekilde elinde bulunduranların da kanuni hakları saklı kalmak şartıyla söz konusu malları bir aylık süre içerisinde iflas dairesinin emrine teslim etmeleri gerekiyor. İlanda, belirtilen yükümlülüklere uyulmaması halinde İcra ve İflas Kanunu kapsamında doğabilecek sonuçlara da dikkat çekildi. İLK ALACAKLILAR TOPLANTISI 8 ARALIK’TA İflas sürecindeki ilk alacaklılar toplantısı 8 Aralık 2026 tarihinde saat 13.00’te gerçekleştirilecek. Toplantı, Bursa Bölge Adliye Mahkemesinin Altınova Mahallesi 11 Eylül Bulvarı No:9, Kat:4, C Blok adresindeki A04-18 Kütüphane odasında yapılacak. Alacaklılar toplantıya kendileri katılabilecek veya yetkili bir vekil gönderebilecek. Şirketle müşterek borçlu olanlar, kefiller ve borcu üstlenenler ile bunların vekilleri de toplantıda hazır bulunabilecek.","Bursa’da bir şirket daha iflas etti! Alacaklılar için kritik tarih açıklandı... Bursa’da bir şirket daha iflas etti! Alacaklılar için kritik tarih açıklandı... Bursa Hakimiyet Bursa’da faaliyet gösteren Nova Yön Bulma Sistemleri ve Yüzey İşlem Teknolojileri Sanayi ve Ticaret A.Ş.’nin iflasına karar verildi. Adi tasfiye kapsamında yürütülecek süreçte alacaklılara bir aylık bildirim süresi verilirken, ilk alacaklılar toplantısının 8 Aralık 2026 tarihinde yapılacağı açıklandı. Bursa’da bir şirket daha iflas etti! Alacaklılar için kritik tarih açıklandı... Bursa’da bir şirket hakkında daha iflas kararı verildi. Nova Yön Bulma Sistemleri ve Yüzey İşlem Teknolojileri Sanayi ve Ticaret Anonim Şirketi hakkında Bursa 3. Asliye Ticaret Mahkemesi tarafından verilen kararın ardından tasfiye süreci başladı. Mahkemenin 1 Eylül 2026 tarihli, 2026/58 esas ve 2026/921 karar sayılı kararıyla şirketin iflasına hükmedildi. İflasın aynı gün saat 13.44 itibarıyla açılmasına ve sürecin adi tasfiye şeklinde yürütülmesine karar verildi. ALACAKLILARA BİR AYLIK SÜRE İflas sürecinde şirketten alacağı bulunanlar ile taşınır ve taşınmaz mallar üzerinde istihkak iddiasında bulunanların, ilan tarihinden itibaren bir ay içerisinde Bursa İflas Dairesine yazılı olarak başvurması gerekiyor. Alacak ve istihkak iddialarına ilişkin senet, defter ve diğer delillerin asıllarının veya onaylı örneklerinin de sunulması istendi. Şirkete borcu bulunanların da aynı süre içerisinde kendilerini ve borçlarını bildirmeleri gerektiği belirtildi. ŞİRKETİN MALLARINI ELİNDE BULUNDURANLARA ÇAĞRI Nova Yön Bulma Sistemleri ve Yüzey İşlem Teknolojileri A.Ş.’ye ait malları herhangi bir şekilde elinde bulunduranların da kanuni hakları saklı kalmak şartıyla söz konusu malları bir aylık süre içerisinde iflas dairesinin emrine teslim etmeleri gerekiyor. İlanda, belirtilen yükümlülüklere uyulmaması halinde İcra ve İflas Kanunu kapsamında doğabilecek sonuçlara da dikkat çekildi. İLK ALACAKLILAR TOPLANTISI 8 ARALIK’TA İflas sürecindeki ilk alacaklılar toplantısı 8 Aralık 2026 tarihinde saat 13.00’te gerçekleştirilecek. Toplantı, Bursa Bölge Adliye Mahkemesinin Altınova Mahallesi 11 Eylül Bulvarı No:9, Kat:4, C Blok adresindeki A04-18 Kütüphane odasında yapılacak. Alacaklılar toplantıya kendileri katılabilecek veya yetkili bir vekil gönderebilecek. Şirketle müşterek borçlu olanlar, kefiller ve borcu üstlenenler ile bunların vekilleri de toplantıda hazır bulunabilecek.",browser_full_article,https://www.bursahakimiyet.com.tr/bursa/bursa-da-bir-sirket-daha-iflas-etti-alacaklilar-icin-kritik-tarih-aciklandi-1724954,Bursa | Antalya | Iğdır | Yalova,Aralık | Altınova,Altınova | Bölge Adliye Mahkemesinin Altınova Mahallesi,Altınova Mahallesi 11 Eylül Bulvarı,,Yüzey İşlem Teknolojileri Sanayi ve Ticaret Anonim Şirketi | Yön Bulma Sistemleri ve Yüzey İşlem Teknolojileri A.Ş,Yüzey İşlem Teknolojileri Sanayi ve Ticaret Anonim Şirketi:raw_legal | Yön Bulma Sistemleri ve Yüzey İşlem Teknolojileri A.Ş:raw_legal,faaliyet/tesis yok,Yüzey İşlem Teknolojileri Sanayi ve Ticaret Anonim Şirketi Altınova Mahallesi 11 Eylül Bulvarı Altınova Aralık Bursa Türkiye | Yön Bulma Sistemleri ve Yüzey İşlem Teknolojileri A.Ş Altınova Mahallesi 11 Eylül Bulvarı Altınova Aralık Bursa Türkiye,TŞT Yüzey İşlem | NEON YÜZEY İŞLEM | UZAY YÜZEY İŞLEM LTD ŞTİ,TŞT Yüzey İşlem,firma adı + güvenli maps adayı var,85.71428571428571 | 82.75862068965517 | 66,11 Eylül Blv,232.25,113
2026-10-05 07:33:22,iflas,İflas / Konkordato / Mali Sorun,Kocaeli'deki konaklama tesisi de iflas bayrağını dikti,Kocaeli'deki konaklama tesisi de iflas bayrağını dikti Kocaeli Barış Gazetesi,https://news.google.com/rss/articles/CBMiqAFBVV95cUxNenU5MFBUSEpRMGtlbjMzWTlQeGJBSlJlalZ2UHhzU1dQWXRVMy1JRGo4YzFadkp4MGdVSnFCTnBBTGhTYUxpM3ZPNXBmbThsQ1VrVERuQmpxYXZvcldqVTc0QUNSQ2NMSTJWRlF3VE5zTkpYMG9TTGlpRUp4N0VkQm1WdHRCbXlMUkppS1M3VjQyeF80Z2JzbUYyUlQ4SldBSFllRlVONUvSAa4BQVVfeXFMUGhEajdDMTZqNy0xYXdlVU44UGhuLTIwRzRQeVlUVFRJWHg0WDdPY1VfU0lkT2h4dDNYWmlWU0ljY3lBQUpYSS1CQWVMSUprN0xablNwakQtVEVuT092VS1LcGdIczFob1Uwc2N6NnVQcE1ndmV6WWtucml3SEtPQ2VOUGdkdnlVd0VWUFB6dU1qeDhReXA3dHZlY1VPR2J1QTFYbnI2Y1RWZGRoc3Rn?oc=5,tesis,,"www.kocaelibarisgazetesi.com Güvenlik doğrulaması yapılıyor Bu web sitesi, kötü niyetli botlara karşı korunmak için bir güvenlik hizmeti kullanıyor. Web sitesi bir bot olmadığınızı doğrularken bu sayfa görüntülenir. Doğrulama başarılı. www.kocaelibarisgazetesi.com adresinin yanıt vermesi bekleniyor www.kocaelibarisgazetesi.com Güvenlik doğrulaması yapılıyor Doğrulama başarılı. www.kocaelibarisgazetesi.com adresinin yanıt vermesi bekleniyor Bu web sitesi, kötü niyetli botlara karşı korunmak için bir güvenlik hizmeti kullanıyor. Web sitesi bir bot olmadığınızı doğrularken bu sayfa görüntülenir.","Kocaeli'deki konaklama tesisi de iflas bayrağını dikti Kocaeli'deki konaklama tesisi de iflas bayrağını dikti Kocaeli Barış Gazetesi www.kocaelibarisgazetesi.com Güvenlik doğrulaması yapılıyor Bu web sitesi, kötü niyetli botlara karşı korunmak için bir güvenlik hizmeti kullanıyor. Web sitesi bir bot olmadığınızı doğrularken bu sayfa görüntülenir. www.kocaelibarisgazetesi.com adresinin yanıt vermesi bekleniyor www.kocaelibarisgazetesi.com Güvenlik doğrulaması yapılıyor Doğrulama başarılı.",browser_full_article,https://www.kocaelibarisgazetesi.com/gundem/kocaelideki-konaklama-tesisi-de-iflas-bayragini-dikti-h161387,,,,,deki konaklama tesisi,,,il yok | ilçe yok | firma yok,,,,maps araması yapılmadı,,,84.24,114
2026-10-04 15:08:16,iflas,İflas / Konkordato / Mali Sorun,Enerji devlerine çalışan İzmirli firma için mahkemeden iflas kararı,Enerji devlerine çalışan İzmirli firma için mahkemeden iflas kararı Tek Referans,https://news.google.com/rss/articles/CBMiiwFBVV95cUxOZWtCeWxjQl90bGJFcnZDMjI4NEphSENpanZqX0tUOGtDbzlTd3laVlN0dERLTHRCWkk2aFBNS2ktUzBrbnhwdEgwenJlR1NUZlh6SDcxLUVtRWVZLU9EbEMybWRIMWxDT1JoS0FlVS10TUl4Q3dWelkyMFdHdy1DZjhvY0szaEtuQ1ZJ?oc=5,"enerji, firma",şirket / firma,Enerji devlerine çalışan İzmirli firma için mahkemeden iflas kararı Tek Referans,Enerji devlerine çalışan İzmirli firma için mahkemeden iflas kararı Enerji devlerine çalışan İzmirli firma için mahkemeden iflas kararı Tek Referans Enerji devlerine çalışan İzmirli firma için mahkemeden iflas kararı Tek Referans,browser_failed,https://news.google.com/rss/articles/CBMiiwFBVV95cUxOZWtCeWxjQl90bGJFcnZDMjI4NEphSENpanZqX0tUOGtDbzlTd3laVlN0dERLTHRCWkk2aFBNS2ktUzBrbnhwdEgwenJlR1NUZlh6SDcxLUVtRWVZLU9EbEMybWRIMWxDT1JoS0FlVS10TUl4Q3dWelkyMFdHdy1DZjhvY0szaEtuQ1ZJ?oc=5&hl=tr&gl=TR&ceid=TR:tr,,,,,,,,il yok | ilçe yok | firma yok | faaliyet/tesis yok,,,,maps araması yapılmadı,,,52.3,115
2026-10-05 05:33:44,iflas,İflas / Konkordato / Mali Sorun,Japonya'da tarihi kriz: 100 yıllık şirketler art arda iflas ediyor!,Japonya'da tarihi kriz: 100 yıllık şirketler art arda iflas ediyor! CNBC-e,https://news.google.com/rss/articles/CBMioAFBVV95cUxOcWxFcktUYk1aU0p4SnIxWEFYTEpuRjdtdVZOd3dMV1p6SW82U0NpRzFRci0xb0RYZW1qUzBST2NBaVIyWS1wanZ1TGQxc1NBME1nM01hOEFsVkZCbE9YLUpMOTRMN2Q0aGF5SXR0TlBnQ0JyNzJJTDZvV2tpamZBWlZId3NiQU93Q3VtS2VKOEhNTFZnUXNYWDR1WXlWamwy?oc=5,şirket,şirket / firma,Japonya'da tarihi kriz: 100 yıllık şirketler art arda iflas ediyor! CNBC-e,Japonya'da tarihi kriz: 100 yıllık şirketler art arda iflas ediyor! Japonya'da tarihi kriz: 100 yıllık şirketler art arda iflas ediyor! CNBC-e Japonya'da tarihi kriz: 100 yıllık şirketler art arda iflas ediyor!,browser_failed,https://news.google.com/rss/articles/CBMioAFBVV95cUxOcWxFcktUYk1aU0p4SnIxWEFYTEpuRjdtdVZOd3dMV1p6SW82U0NpRzFRci0xb0RYZW1qUzBST2NBaVIyWS1wanZ1TGQxc1NBME1nM01hOEFsVkZCbE9YLUpMOTRMN2Q0aGF5SXR0TlBnQ0JyNzJJTDZvV2tpamZBWlZId3NiQU93Q3VtS2VKOEhNTFZnUXNYWDR1WXlWamwy?oc=5&hl=tr&gl=TR&ceid=TR:tr,,,,,,,,il yok | ilçe yok | firma yok | faaliyet/tesis yok,,,,maps araması yapılmadı,,,60.74,116
2026-10-07 18:30:00,iflas,İflas / Konkordato / Mali Sorun,"Türkiye'nin köklü firması için iflas kararı verildi: 12,5 milyar liranın üzerinde ciro açıklamıştı!","Türkiye'nin köklü firması için iflas kararı verildi: 12,5 milyar liranın üzerinde ciro açıklamıştı! kayserihaber.com",https://news.google.com/rss/articles/CBMiekFVX3lxTFA3Q1g0QkxybkJNdWNoWG84TTJ6YjR4UUhoVVRrU1kwR2toc2hKUTNfU080S2FtbGxwVjZxbEFYelVrLWFhbFlNZzg5Nnk1MzdTRUtsTGg4VUtneDJVbGw2bzFzSno0SFR1UmpjNnRxMzZXUXRZRkZyRTBB?oc=5,firma,şirket / firma,"Türkiye’nin tarım, gıda ve denizcilik sektörlerindeki önemli firmalarından biri olan Taban Gıda Dış Ticaret AŞ hakkında mahkeme iflas kararı verildi. Geçmiş yıllarda elde ettiği devasa cirolar ve Türkiye’nin en büyük şirketleri listesindeki başarısıyla dikkat çeken firmanın tasfiye sürecine girmesi, sektörde geniş yankı uyandırdı. Türkiye’nin tarım, gıda ve denizcilik sektörlerindeki önemli firmalarından biri olan Taban Gıda Dış Ticaret AŞ hakkında mahkeme iflas kararı verildi. Geçmiş yıllarda elde ettiği devasa cirolar ve Türkiye’nin en büyük şirketleri listesindeki başarısıyla dikkat çeken firmanın tasfiye sürecine girmesi, sektörde geniş yankı uyandırdı. Türkiye’nin tarım, gıda ve denizcilik sektörlerindeki önemli firmalarından biri olan Taban Gıda Dış Ticaret AŞ hakkında mahkeme iflas kararı verildi. Geçmiş yıllarda elde ettiği devasa cirolar ve Türkiye’nin en büyük şirketleri listesindeki başarısıyla dikkat çeken firmanın tasfiye sürecine girmesi, sektörde geniş yankı uyandırdı. Siyaset Develi Gündem Tv Genel Futbol Ekonomi Kayseri Eğitim Asayiş Magazin Müzik Sağlık Yeşilhisar Adana Yahyalı Özvatan Kahramanmaraş Niğde Hava Nevşehir Turistik Bünyan Özel Türkiye'nin köklü firması için iflas kararı verildi: 12,5 milyar liranın üzerinde ciro açıklamıştı! Türkiye’nin tarım, gıda ve denizcilik sektörlerindeki önemli firmalarından biri olan Taban Gıda Dış Ticaret AŞ hakkında mahkeme iflas kararı verildi. Geçmiş yıllarda elde ettiği devasa cirolar ve Türkiye’nin en büyük şirketleri listesindeki başarısıyla dikkat çeken firmanın tasfiye sürecine girmesi, sektörde geniş yankı uyandırdı. Sevilay Ay Editör 07.10.2026 - 21:30 Yayınlanma — Paylaşım 1 Dk Okunma Süresi Paylaş Linkedin Pinterest Telegram Yazdır Kopyala A - A + Paylaş Linkedin Pinterest Telegram Yazdır Kopyala A - A + Yeniçağ’da yer alan habere göre, faaliyetlerine 2016 yılında başlayan Taban Gıda, kısa süre içinde tarım ürünleri ticareti ve lojistik alanında önemli bir konuma yükseldi. Şirketin ana faaliyet alanını; başta tahıl ve bakliyat olmak üzere kuru meyve, yağlı tohumlar ve yem hammaddelerinin uluslararası ticareti (ithalat ve ihracat) oluşturuyordu. ​Ticari operasyonlarını yalnızca kara ve deniz ticaretiyle sınırlı tutmayan şirket, bünyesinde barındırdığı kuru yük gemileriyle uluslararası deniz taşımacılığı alanında da varlık gösteriyordu. Geniş lojistik ağı ve yüksek işlem hacmi, firmanın tarım tedarik zincirindeki ağırlığını artırıyordu. ​ FORTUNE 500 VE CAPİTAL 500 BAŞARILARI ​Şirketin yaşadığı mali süreç, geçmişte yayımlanan prestijli ekonomi listelerine de açıkça yansımıştı. Taban Gıda, büyüme ivmesi yakaladığı dönemde Fortune 500 Türkiye listesinde 4,5 milyar lirayı aşan cirosuyla 130’uncu basamağa kadar tırmanmıştı. ​Öte yandan, Capital 500 araştırmasında paylaşılan resmi rakamlar firmanın ulaştığı finansal büyüklüğün boyutunu gözler önüne serdi. İlgili verilere göre Taban Gıda, 2023 yılında 12,5 milyar liranın üzerinde ciro elde etti. Şirket, söz konusu mali dönemi 13,3 milyon lira vergi öncesi kârla geride bıraktı. Enflasyonda düşüş hızlandı! Merkez Bankası Başkanı rakamları açıkladı İçeriği Görüntüle ​ SEKTÖRDE GENİŞ YANKI UYANDIRDI ​Milyarlarca liralık ciro rakamlarına ulaşmış bir şirketin iflas bayrağını çekmesi, ekonomi ve tarım çevrelerinde dikkatle takip ediliyor. Küresel tedarik zincirlerindeki dalgalanmalar, finansman maliyetleri ve tarım ticaretindeki dönemsel daralmaların sektörel yansımaları bu tür büyük ölçekli tasfiye kararlarını yeniden tartışmaya açarken, Taban Gıda dosyası önümüzdeki dönemde tasfiye sürecinin detaylarıyla takip edilmeye devam edecek. Kaynak: Haber Merkezi Editörün Seçtiği MHP Kayseri İl Başkanı Enes Ertuğrul Kalın görevde 2 yılı geride bıraktı Editörün Seçtiği Kayseri'de iki işçi servisi ve kepçe kazaya karıştı: 1 ölü, 15 yaralı Editörün Seçtiği Türkiye'nin köklü firması için iflas kararı verildi: 12,5 milyar liranın üzerinde ciro açıklamıştı! Editör Sevilay Ay 1998'de Nevşehir'in Avanos ilçesinde doğdum. İlkokulu Avanos'ta ortaokulu ve liseyi Kayseri'de tamamladım. Gümüşhane Üniversitesi Radyo, Televizyon ve Sinema Bölümü'nden mezun oldum. Stajımı Demirören Haber Ajansı Kayseri Bölge Müdürlüğü'nde yaptım. 2022 yılında Demirören Haber Ajansı Kayseri Bölge Müdürlüğü'nde muhabir olarak mesleğe başladım. Şuan Kayseri Haber'de editör olarak görev yapıyorum Bunlar","Türkiye'nin köklü firması için iflas kararı verildi: 12,5 milyar liranın üzerinde ciro açıklamıştı! Türkiye'nin köklü firması için iflas kararı verildi: 12,5 milyar liranın üzerinde ciro açıklamıştı! kayserihaber.com Türkiye’nin tarım, gıda ve denizcilik sektörlerindeki önemli firmalarından biri olan Taban Gıda Dış Ticaret AŞ hakkında mahkeme iflas kararı verildi. Geçmiş yıllarda elde ettiği devasa cirolar ve Türkiye’nin en büyük şirketleri listesindeki başarısıyla dikkat çeken firmanın tasfiye sürecine girmesi, sektörde geniş yankı uyandırdı. Siyaset Develi Gündem Tv Genel Futbol Ekonomi Kayseri Eğitim Asayiş Magazin Müzik Sağlık Yeşilhisar Adana Yahyalı Özvatan Kahramanmaraş Niğde Hava Nevşehir Turistik Bünyan Özel Türkiye'nin köklü firması için iflas kararı verildi: 12,5 milyar liranın üzerinde ciro açıklamıştı! Sevilay Ay Editör 07.10.2026 - 21:30 Yayınlanma —",browser_full_article,https://www.kayserihaber.com/turkiye-koklu-firma-iflas-ciro-taban-gida,,,,,,Taban Gıda Dış Ticaret AŞ,Taban Gıda Dış Ticaret AŞ:73:body | Taban Gıda Dış Ticaret AŞ:raw_legal,il yok | ilçe yok | faaliyet/tesis yok,Taban Gıda Dış Ticaret AŞ Türkiye,TABAN GIDA DIŞ TİCARET A.Ş,TABAN GIDA DIŞ TİCARET A.Ş,firma adı + güvenli maps adayı var,100,,190.1,117
2026-10-07 14:40:00,iflas,İflas / Konkordato / Mali Sorun,Tahıl devi iflas etti; Fortune 500'de 130'uncu sıradaydı,Tahıl devi iflas etti; Fortune 500'de 130'uncu sıradaydı Gıda Bülteni,https://news.google.com/rss/articles/CBMinAFBVV95cUxPRE84ZEs5cjBvR0dsTEUzdDdJY01ZczZNQnM3TnZHX0ItZTlobUd2NVA4aXFnOTFrZkZnWUpXX2tQd3JobUxSTHFQbndDUDJEcEVGWDdFcGh6WkpYeURkc2s5TVdOX1hoWEtram9Zck5VZzlfcG9aSzktR3dycEdYT2YxWjFNekxiMkJMekpXal9qTk52WkRRa09DZ24?oc=5,gıda,,Tahıl devi iflas etti; Fortune 500'de 130'uncu sıradaydı Gıda Bülteni,Tahıl devi iflas etti; Fortune 500'de 130'uncu sıradaydı Tahıl devi iflas etti; Fortune 500'de 130'uncu sıradaydı Gıda Bülteni Tahıl devi iflas etti; Fortune 500'de 130'uncu sıradaydı Gıda Bülteni,browser_failed,https://news.google.com/rss/articles/CBMinAFBVV95cUxPRE84ZEs5cjBvR0dsTEUzdDdJY01ZczZNQnM3TnZHX0ItZTlobUd2NVA4aXFnOTFrZkZnWUpXX2tQd3JobUxSTHFQbndDUDJEcEVGWDdFcGh6WkpYeURkc2s5TVdOX1hoWEtram9Zck5VZzlfcG9aSzktR3dycEdYT2YxWjFNekxiMkJMekpXal9qTk52WkRRa09DZ24?oc=5&hl=tr&gl=TR&ceid=TR:tr,,,,,,,,il yok | ilçe yok | firma yok | faaliyet/tesis yok,,,,maps araması yapılmadı,,,53.94,118
2026-10-04 07:00:00,iflas,İflas / Konkordato / Mali Sorun,İşgücü kıtlığı nedeniyle iskele fabrikaları toplu halde iflas ediyor; bir işçi sekiz işveren tarafından aranıyor.,İşgücü kıtlığı nedeniyle iskele fabrikaları toplu halde iflas ediyor; bir işçi sekiz işveren tarafından aranıyor. Vietnam.vn,https://news.google.com/rss/articles/CBMimwFBVV95cUxNblQzeG5DbHhtMUpCS2tocU9hSlRhYzhSRkJRMmtqLVBFYTNUQ1I3eEtyVEZqZ0pURmtRVTZOOGxKM3VVU2pHdTR0eVNlUjJJRmdOU0I0MkFIOFEyNE02ZmxpVUZiWjl0Sk5Mam1XUjZzcGpKRzBlaU42S1hUZUlLMFVEZ0s3QTFrVnRmVl9lQ19TZUx4aW5PZXBkYw?oc=5,fabrika,fabrika,İşgücü kıtlığı nedeniyle iskele fabrikaları toplu halde iflas ediyor; bir işçi sekiz işveren tarafından aranıyor. Vietnam.vn,İşgücü kıtlığı nedeniyle iskele fabrikaları toplu halde iflas ediyor; bir işçi sekiz işveren tarafından aranıyor. İşgücü kıtlığı nedeniyle iskele fabrikaları toplu halde iflas ediyor; bir işçi sekiz işveren tarafından aranıyor. Vietnam.vn İşgücü kıtlığı nedeniyle iskele fabrikaları toplu halde iflas ediyor; bir işçi sekiz işveren tarafından aranıyor.,browser_failed,https://news.google.com/rss/articles/CBMimwFBVV95cUxNblQzeG5DbHhtMUpCS2tocU9hSlRhYzhSRkJRMmtqLVBFYTNUQ1I3eEtyVEZqZ0pURmtRVTZOOGxKM3VVU2pHdTR0eVNlUjJJRmdOU0I0MkFIOFEyNE02ZmxpVUZiWjl0Sk5Mam1XUjZzcGpKRzBlaU42S1hUZUlLMFVEZ0s3QTFrVnRmVl9lQ19TZUx4aW5PZXBkYw?oc=5&hl=tr&gl=TR&ceid=TR:tr,,,,,,,,il yok | ilçe yok | firma yok | faaliyet/tesis yok,,,,maps araması yapılmadı,,,104.74,119
2026-10-07 04:58:44,iflas,İflas / Konkordato / Mali Sorun,Ankara'da dev inşaat şirketi için emsal karar: Konkordato talebi reddedildi ama iflas hükmü de ortadan kalktı,Ankara'da dev inşaat şirketi için emsal karar: Konkordato talebi reddedildi ama iflas hükmü de ortadan kalktı GZT,https://news.google.com/rss/articles/CBMi3gFBVV95cUxNUjVYcUNTMHhneE8zc3FBbjVqYkZjYkt1VUF6cTh4akRxYzM0Y1NTa04wXzlzdF9DTHhhNjVDSXhsXzNZelBiNTNDVEE3TkJ2RWRfcEtlMGJGaHgxbDNfODRSaWFoZFIwb2tkYXcyN1UxZ3dET0RHTnpNTlN4LWlYUGNHWWNSNEdBS3V4cnBHZU9FUFEtenp2QkZXZzdQbHFJU19RWVZDYmtzVDVZM0NTNlp2Rlo0WS13NWU4emU3VE9QV19fX2hrV1g1WWh6NEhtN1RLQ1JZVFhpT1pKM2c?oc=5,"inşaat, şirket",şirket / firma,"Ankara 1. Asliye Ticaret Mahkemesi, Ulutaş İnşaat Elektrik Ticaret ve Sanayi Limited Şirketi'nin konkordato davasında kritik bir karara imza attı. Mahkeme, şirket hakkında yürütülen konkordato talebini reddetti. Ankara 1. Asliye Ticaret Mahkemesi, Ulutaş İnşaat Elektrik Ticaret ve Sanayi Limited Şirketi'nin konkordato davasında kritik bir karara imza attı. Mahkeme, şirket hakkında yürütülen konkordato talebini reddetti.","Ankara'da dev inşaat şirketi için emsal karar: Konkordato talebi reddedildi ama iflas hükmü de ortadan kalktı Ankara'da dev inşaat şirketi için emsal karar: Konkordato talebi reddedildi ama iflas hükmü de ortadan kalktı GZT Asliye Ticaret Mahkemesi, Ulutaş İnşaat Elektrik Ticaret ve Sanayi Limited Şirketi'nin konkordato davasında kritik bir karara imza attı. Mahkeme, şirket hakkında yürütülen konkordato talebini reddetti.",browser_full_article,https://www.gzt.com/ekonomi/ticaret-mahkemesinden-ulutas-insaat-davasinda-ters-kose-karar-iflas-karari-gecersiz-sayildi-ekonomi-haberleri-4240127,Ankara,,,,,Ulutaş İnşaat Elektrik Ticaret ve Sanayi Limited Şirketi,Ulutaş İnşaat Elektrik Ticaret ve Sanayi Limited Şirketi:raw_legal,ilçe yok | faaliyet/tesis yok,Ulutaş İnşaat Elektrik Ticaret ve Sanayi Limited Şirketi Ankara Türkiye,Ulutaş Group,Ulutaş Group,firma adı + güvenli maps adayı var,66.66666666666666,,178.98,120
2026-10-08 07:52:00,iflas,İflas / Konkordato / Mali Sorun,Kayseri’de konkordato sürecindeki şirket için karar çıktı! İflas etti,Kayseri’de konkordato sürecindeki şirket için karar çıktı! İflas etti Kayseri Haber,https://news.google.com/rss/articles/CBMioAFBVV95cUxQdDI4MnpyZl9CMTFBYVZmdTVrY0pMbENIVmhZdzdTanpNSkdSbER3SzUyd1hSNXVZUFRNUXNyVExOYU5JTEhRX3Y2WTVtSWJqZE5wdE5ZWWlIdVNkRzQ2N0lPcWhxREpoVlFhMWJWQ3g1RlNPd1RobE1IY0t0TF83b08yVEZUYXcxcFkwYWJpMXhQc19qQ1R5MmVLYzhRMHE3?oc=5,şirket,şirket / firma,"Kayseri’de konkordato sürecindeki Woox Dağıtım Pazarlama Sanayi ve Ticaret A.Ş. hakkında mahkeme kararını verdi. Şirketin iflasına hükmedildi. Kayseri’de konkordato sürecindeki Woox Dağıtım Pazarlama Sanayi ve Ticaret A.Ş. hakkında mahkeme kararını verdi. Şirketin iflasına hükmedildi. Kayseri’de konkordato sürecindeki Woox Dağıtım Pazarlama Sanayi ve Ticaret A.Ş. hakkında mahkeme kararını verdi. Şirketin iflasına hükmedildi. Kayseri’de konkordato sürecindeki şirket için karar çıktı! İflas etti Kayseri’de konkordato sürecindeki Woox Dağıtım Pazarlama Sanayi ve Ticaret A.Ş. hakkında mahkeme kararını verdi. Şirketin iflasına hükmedildi. Feyza SAYAR Muhabir 08.10.2026 - 10:52 Yayınlanma 08.10.2026 - 10:57 Güncelleme — Paylaşım — Gösterim 1 Dk Okunma Süresi Paylaş Linkedin Pinterest Telegram Yazdır Kopyala A - A + Paylaş Linkedin Pinterest Telegram Yazdır Kopyala A - A + Kayseri’de bir süredir konkordato sürecinde bulunan şirket hakkında mahkeme kararını açıkladı. Mimarsinan Organize Sanayi Bölgesi’nde faaliyet gösteren Woox Dağıtım Pazarlama Sanayi ve Ticaret Anonim Şirketi için konkordato talebinin reddine ve şirketin iflasına karar verildi. 3 aylık geçici mühletin ardından karar çıktı Kayseri 1. Asliye Ticaret Mahkemesi, şirket hakkında 24 Temmuz 2026 tarihinde 3 aylık geçici mühlet kararı vermişti. Geçici mühlet süresinin ardından şirketin konkordato süreciyle ilgili nihai karar açıklandı. Mahkeme, şirketin geçici mühletin uzatılması, kesin mühlet verilmesi ve konkordato talebini ayrı ayrı reddetti. Belediye duyurdu: Sürücüler dikkat! Bu yol 1 hafta trafiğe kapalı olacak İçeriği Görüntüle Mahkeme şirketin iflasına karar verdi Mahkeme kararında, konkordato talep eden Woox Dağıtım Pazarlama Sanayi ve Ticaret A.Ş.’nin iflasına hükmedildi. Kararla birlikte şirket hakkında daha önce verilen geçici mühlet kararı, ihtiyati tedbirler ve konkordato komiserinin görevleri de kaldırıldı. Şirketin Kayseri Ticaret Sicil Müdürlüğü’nde 42981/Merkez sicil numarasıyla kayıtlı olduğu belirtildi. İflas 2 Ekim’de açıldı Mahkeme, şirketin iflasının 2 Ekim 2026 saat 14.37 itibarıyla açılmasına karar verdi. İflas masasının oluşturulması ve gerekli ilanların yapılması amacıyla dosyanın, mevcut iflas avansıyla birlikte Kayseri Genel İcra ve İflas Dairesi’ne gönderilmesine hükmedildi. Kararın ayrıca İcra ve İflas Kanunu’nun ilgili maddeleri kapsamında ilan edilmesine ve gerekli kurumlara bildirilmesine karar verildi. Böylece Woox Dağıtım Pazarlama Sanayi ve Ticaret A.Ş.’nin devam eden konkordato süreci mahkemenin iflas kararıyla sona ermiş oldu. Kaynak: Haber Merkezi Muhabir Feyza SAYAR Bunlar d",Kayseri’de konkordato sürecindeki şirket için karar çıktı! İflas etti Kayseri’de konkordato sürecindeki şirket için karar çıktı! İflas etti Kayseri Haber Kayseri’de konkordato sürecindeki Woox Dağıtım Pazarlama Sanayi ve Ticaret A.Ş. hakkında mahkeme kararını verdi. Şirketin iflasına hükmedildi. Kayseri’de konkordato sürecindeki şirket için karar çıktı! İflas etti Kayseri’de konkordato sürecindeki Woox Dağıtım Pazarlama Sanayi ve Ticaret A.Ş. hakkında mahkeme kararını verdi. Feyza SAYAR Muhabir 08.10.2026 - 10:52 Yayınlanma 08.10.2026 - 10:57 Güncelleme — P,browser_full_article,https://www.kayserihaber.com.tr/kayseride-konkordato-surecindeki-sirket-icin-karar-cikti-iflas-etti,Kayseri,,,,,Woox Dağıtım Pazarlama Sanayi ve Ticaret Anonim Şirketi | Böylece Woox Dağıtım Pazarlama Sanayi ve Ticaret A.Ş,Woox Dağıtım Pazarlama Sanayi ve Ticaret A.Ş:57:body | Woox Dağıtım Pazarlama Sanayi ve Ticaret Anonim Şirketi:raw_legal | Böylece Woox Dağıtım Pazarlama Sanayi ve Ticaret A.Ş:raw_legal,ilçe yok | faaliyet/tesis yok,Woox Dağıtım Pazarlama Sanayi ve Ticaret Anonim Şirketi Kayseri Türkiye | Böylece Woox Dağıtım Pazarlama Sanayi ve Ticaret A.Ş Kayseri Türkiye,Mat Dağıtım ve Pazarlama,Mat Dağıtım ve Pazarlama,firma adı + güvenli maps adayı var,90.9090909090909,Kayseri,173.65,121
2026-10-07 09:00:00,iflas,İflas / Konkordato / Mali Sorun,Bodrum'daki lüks otel iflas mı ediyor? Konkordato süreci başladı,Bodrum'daki lüks otel iflas mı ediyor? Konkordato süreci başladı Turizm Güncel,https://news.google.com/rss/articles/CBMiswFBVV95cUxPeWktTzJsOUJwelJHa05KWGVlc3I5Y085djJhU0hsRmkwSTdiVmhMeEdTTXZnV0JZem1SZzNqQkgtWVhSTEFqa1BENnhGMml3bER6QXRqRFBCTWx0NVoyYmRqRFJzUnljbzRRZUlfNnJZT3ZBemNPUV9wdUw4ck1xemV0YWhJWkh6dXdJaVNhcFJMMzFNZWNNRDM0UXUwVmF2cGJ4T0ZRZzRwbEgzbm9lUDVRSQ?oc=5,turizm,,Bodrum'daki lüks otel iflas mı ediyor? Konkordato süreci başladı Turizm Güncel,Bodrum'daki lüks otel iflas mı ediyor? Konkordato süreci başladı Bodrum'daki lüks otel iflas mı ediyor? Konkordato süreci başladı Turizm Güncel Bodrum'daki lüks otel iflas mı ediyor? Konkordato süreci başladı Turizm Güncel,browser_failed,https://news.google.com/rss/articles/CBMiswFBVV95cUxPeWktTzJsOUJwelJHa05KWGVlc3I5Y085djJhU0hsRmkwSTdiVmhMeEdTTXZnV0JZem1SZzNqQkgtWVhSTEFqa1BENnhGMml3bER6QXRqRFBCTWx0NVoyYmRqRFJzUnljbzRRZUlfNnJZT3ZBemNPUV9wdUw4ck1xemV0YWhJWkh6dXdJaVNhcFJMMzFNZWNNRDM0UXUwVmF2cGJ4T0ZRZzRwbEgzbm9lUDVRSQ?oc=5&hl=tr&gl=TR&ceid=TR:tr,,,,,,,,il yok | ilçe yok | firma yok | faaliyet/tesis yok,,,,maps araması yapılmadı,,,60.28,122
2026-10-09 11:25:38,iflas,İflas / Konkordato / Mali Sorun,Alman sanayisinde iflas dalgası büyüyor: Şirket iflasları Eylül'de yüzde 13 arttı,Alman sanayisinde iflas dalgası büyüyor: Şirket iflasları Eylül'de yüzde 13 arttı Para Analiz,https://news.google.com/rss/articles/CBMitwFBVV95cUxPcnk1LUc2MUpNcmNRMUJtdmdYZ2gtdVNtQXAyWjVLU21HZ2ZFMXF3UDJ3bVpnUjdYRG5BM1g0VnJMWnJ5ejlKZ1pzbmhrTWZRblhRVms1Z2d5ZHhoaU5iRHhXWnNTckhXc080VUplZDNpTkFrOExSeUhpSDJpVE04eGMyWGNtTm5yMk9QMVdEYTZGUWliLWdpdnNpUmVEc3dsRFpzcDA2NXpUUTZhRUVRTWFjRWZKbDQ?oc=5,"sanayi, şirket",şirket / firma,Alman sanayisinde iflas dalgası büyüyor: Şirket iflasları Eylül'de yüzde 13 arttı Para Analiz,Alman sanayisinde iflas dalgası büyüyor: Şirket iflasları Eylül'de yüzde 13 arttı Alman sanayisinde iflas dalgası büyüyor: Şirket iflasları Eylül'de yüzde 13 arttı Para Analiz Alman sanayisinde iflas dalgası büyüyor: Şirket iflasları Eylül'de yüzde 13 arttı Para Analiz,browser_failed,https://news.google.com/rss/articles/CBMitwFBVV95cUxPcnk1LUc2MUpNcmNRMUJtdmdYZ2gtdVNtQXAyWjVLU21HZ2ZFMXF3UDJ3bVpnUjdYRG5BM1g0VnJMWnJ5ejlKZ1pzbmhrTWZRblhRVms1Z2d5ZHhoaU5iRHhXWnNTckhXc080VUplZDNpTkFrOExSeUhpSDJpVE04eGMyWGNtTm5yMk9QMVdEYTZGUWliLWdpdnNpUmVEc3dsRFpzcDA2NXpUUTZhRUVRTWFjRWZKbDQ?oc=5&hl=tr&gl=TR&ceid=TR:tr,,,,,,,,il yok | ilçe yok | firma yok | faaliyet/tesis yok,,,,maps araması yapılmadı,,,80.68,123
2026-10-05 05:18:00,iflas,İflas / Konkordato / Mali Sorun,Japonya'nın asırlık şirketleri bir bir batıyor! 2026'da iflas rekoru kırıldı,Japonya'nın asırlık şirketleri bir bir batıyor! 2026'da iflas rekoru kırıldı Dünya Gazetesi,https://news.google.com/rss/articles/CBMiuAFBVV95cUxPUENUSzZpUnZVU1pOeHpXZVdWQ19XbnlLUnY2WWFzUjFYT1MwNUxJa1lIT3hUMHVkcC1XVmd2NjUyYkJNLWxWbzZGejMzdjZjcmJQX3BHcnNPb1ZmeUx1dmNidkcwbW9PdU1UaXlFUjA3QnN0d08td09xXzNZMUxkVDllWnpJTmVCN2pscHM2LWtoYXZJbks3d3VucDJ4MXNtcXcydEItaEFsM2ZZcE92bVBHSFNFZHRo?oc=5,şirket,şirket / firma,"Japonya'nın savaşları, tsunami felaketini, krizleri atlatan asırlık şirketleri 2026'yı atlatamadı. Artan maliyetler, işgücü sıkıntısı, küçülen nüfus ve şirketleri devralacak yeni kuşağın bulunmaması, 100 yılı aşkın geçmişe sahip işletmelerde iflasları rekor seviyeye taşıdı. Japonya'nın savaşları, tsunami felaketini, krizleri atlatan asırlık şirketleri 2026'yı atlatamadı. Artan maliyetler, işgücü sıkıntısı, küçülen nüfus ve şirketleri devralacak yeni kuşağın bulunmaması, 100 yılı aşkın geçmişe sahip işletmelerde iflasları rekor seviyeye taşıdı. Japonya'nın savaşları, tsunami felaketini, krizleri atlatan asırlık şirketleri 2026'yı atlatamadı. Artan maliyetler, işgücü sıkıntısı, küçülen nüfus ve şirketleri devralacak yeni kuşağın bulunmaması, 100 yılı aşkın geçmişe sahip işletmelerde iflasları rekor seviyeye taşıdı. Japonya'nın asırlık şirketleri bir bir batıyor! 2026'da iflas rekoru kırıldı Japonya'nın savaşları, tsunami felaketini, krizleri atlatan asırlık şirketleri 2026'yı atlatamadı. Artan maliyetler, işgücü sıkıntısı, küçülen nüfus ve şirketleri devralacak yeni kuşağın bulunmaması, 100 yılı aşkın geçmişe sahip işletmelerde iflasları rekor seviyeye taşıdı. 05 Ekim 2026 08:18 05 Ekim 2026 09:21 Whatsapp Telegram Linkedin Email Dünya'yı haber kaynağınız olarak eklemek için tıklayın! Japonya'da savaşlardan ekonomik krizlere kadar birçok büyük çalkantıyı geride bırakan asırlık şirketler, bu kez farklı bir tehditle karşı karşıya. Artan maliyetler, işgücü sıkıntısı, küçülen iç pazar ve işletmeleri devralacak yeni kuşağın bulunamaması, ülkenin en köklü şirketlerini zorluyor. Teikoku Databank verilerine göre, 100 yılı aşkın geçmişe sahip Japon şirketleri arasındaki iflaslar 2026'da rekor hızda ilerliyor. Yalnızca yılın ilk sekiz ayında 112 asırlık işletme iflas etti. Asırlık şirketlerin dengesi bozuldu Japonya'nın köklü işletmeleri uzun yıllar boyunca aile sahipliği, yerel topluluklarla güçlü ilişkiler ve kontrollü büyümeye dayanan iş modelleri sayesinde ayakta kaldı. Yıllar içinde biriktirilen sermaye, bu şirketlere güçlü bilançolar ve istikrarlı kâr marjları da sağladı. Ancak onları onlarca yıl boyunca koruyan bu yapı, değişen ekonomik ve demografik koşullar karşısında giderek daha fazla zorlanıyor. Oxford Economics Japonya Ekonomisi Başkanı Shigeto Nagai'ye göre şirketler, uzun vadede sürdürülebilir yüksek kâr sağlayabilecekleri bir gelecek görmekte zorlanıyor. Maliyetler hızla yükseliyor En büyük baskılardan biri artan maliyetlerden geliyor. Pandemi sonrasında hammadde, enerji ve işçilik giderlerindeki yükseliş Japon şirketlerinin kâr marjlarını daraltırken, özellikle küçük işletmeler bu maliyetleri satış fiyatlarına tamamen yansıtmakta zorlanıyor. Teikoku Databank verilerine göre yüksek fiyatlarla bağlantılı iflaslar 2026'nın ilk yarısında yüzde 23,8 artarak 556'ya ulaştı. İşgücü kıtlığı nedeniyle yaşanan iflaslar da yüzde 12,4 yükselerek 227'ye çıktı. Japonya'nın nüfus sorunu şirketleri de vuruyor Sorunun diğer tarafında Japonya'nın uzun süredir mücadele ettiği demografik dönüşüm bulunuyor. Düşük doğum oranı ve yaşlanan nüfus, şirketleri iki taraftan sıkıştırıyor. Çalışacak insan bulmak zorlaşırken, iç pazardaki potansiyel müşteri sayısı da azalıyor. Özellikle faaliyetlerini büyük ölçüde Japonya ile sınırlı tutan köklü işletmeler açısından küçülen iç pazar önemli bir sorun oluşturuyor. Yurt dışına açılmak ise her şirket için kolay veya uygulanabilir bir çözüm değil. Şirketi devralacak kimse bulunamıyor Asırlık işletmeler açısından giderek büyüyen bir diğer sorun ise halefiyet. Şirket sahipleri yaşlanırken işletmeyi devralacak aile üyelerinin veya profesyonel yöneticilerin bulunamaması, bazı şirketlerin ekonomik olarak faaliyetlerini sürdürebilecek durumda olsalar bile kapanmasına yol açabiliyor. Teikoku Databank'a göre halef eksikliğiyle bağlantılı iflaslar 2026'nın ilk yarısında bir önceki yılın aynı dönemine göre yüzde 16,9 artarak 312'ye yükseldi. 100 yıllık model değişmek zorunda Ekonomik baskılarla demografik sorunların aynı anda ağırlaşması, Japonya'nın köklü şirketlerini geleneksel yapılarını sorgulamaya itiyor. Zayıf yen, yükselen maliyetler, işgücü sıkıntısı ve küçülen iç pazar ekonomik baskıyı artırırken, yaşlanan şirket sahipleri ve halef eksikliği de sahiplik yapısını tehdit ediyor. Bu nedenle bazı işletmeler için çözüm artık yalnızca maliyetleri azaltmak değil. Birleşme ve satın almalar, dış yatırımcıların devreye girmesi, sahiplik yapısının değişmesi ve yurt dışına açılma gibi seçenekler giderek daha fazla gündeme geliyor. 2026'daki tablo, Japonya'nın asırlık şirketlerinin karşı karşıya olduğu değişimi net biçimde ortaya koyuyor. Onlarca yıl boyunca krizleri atlatmalarını sağlayan geleneksel iş modeli, yeni ekonomik ve demografik koşullarda artık tek başına yeterli olmayabilir. Kaynak: HABER MERKEZİ Ço","Japonya'nın asırlık şirketleri bir bir batıyor! 2026'da iflas rekoru kırıldı Japonya'nın asırlık şirketleri bir bir batıyor! 2026'da iflas rekoru kırıldı Dünya Gazetesi Japonya'nın savaşları, tsunami felaketini, krizleri atlatan asırlık şirketleri 2026'yı atlatamadı. Artan maliyetler, işgücü sıkıntısı, küçülen nüfus ve şirketleri devralacak yeni kuşağın bulunmaması, 100 yılı aşkın geçmişe sahip işletmelerde iflasları rekor seviyeye taşıdı. Japonya'nın asırlık şirketleri bir bir batıyor! 2026'da iflas rekoru kırıldı Japonya'nın savaşları, tsunami felaketini, krizleri atlatan asırlık şirketleri 2026'yı atlatamadı. 05 Ekim 2026 08:18 05 Ekim 2026 09:21 Whatsapp Telegram Linkedin Email Dünya'yı haber kaynağınız olarak eklemek için tıklayın! Japonya'da savaşlardan ekonomik krizlere kadar birçok büyük çalkantıyı geride bırakan asırlık şirketler, bu kez farklı bir tehditle karşı karşıya. Artan maliyetler, işgücü sıkıntısı, küçülen iç pazar ve işletmeleri devralacak yeni kuşağın bulunamaması, ülkenin en köklü şirketlerini zorluyor. Teikoku Databank verilerine göre, 100 yılı aşkın geçmişe sahip Japon şirketleri arasındaki iflaslar 2026'da rekor hızda ilerliyor. Yalnızca yılın ilk sekiz ayında 112 asırlık işletme iflas etti. Asırlık şirketlerin dengesi bozuldu Japonya'nın köklü işletmeleri uzun yıllar boyunca aile sahipliği, yerel topluluklarla güçlü ilişkiler ve kontrollü büyümeye dayanan iş modelleri sayesinde ayakta kaldı. Yıllar içinde biriktirilen sermaye, bu şirketlere güçlü bilançolar ve istikrarlı kâr marjları da sağladı. Oxford Economics Japonya Ekonomisi Başkanı Shigeto Nagai'ye göre şirketler, uzun vadede sürdürülebilir yüksek kâr sağlayabilecekleri bir gelecek görmekte zorlanıyor. Maliyetler hızla yükseliyor En büyük baskılardan biri artan maliyetlerden geliyor. Pandemi sonrasında hammadde, enerji ve işçilik giderlerindeki yükseliş Japon şirketlerinin kâr marjlarını daraltırken, özellikle küçük işletmeler bu maliyetleri satış fiyatlarına tamamen yansıtmakta zorlanıyor. Teikoku Databank verilerine göre yüksek fiyatlarla bağlantılı iflaslar 2026'nın ilk yarısında yüzde 23,8 artarak 556'ya ulaştı. İşgücü kıtlığı nedeniyle yaşanan iflaslar da yüzde 12,4 yükselerek 227'ye çıktı. Japonya'nın nüfus sorunu şirketleri de vuruyor Sorunun diğer tarafında Japonya'nın uzun süredir mücadele ettiği demografik dönüşüm bulunuyor. Düşük doğum oranı ve yaşlanan nüfus, şirketleri iki taraftan sıkıştırıyor. Çalışacak insan bulmak zorlaşırken, iç pazardaki potansiyel müşteri sayısı da azalıyor. Özellikle faaliyetlerini büyük ölçüde Japonya ile sınırlı tutan köklü işletmeler açısından küçülen iç pazar önemli bir sorun oluşturuyor. Yurt dışına açılmak ise her şirket için kolay veya uygulanabilir bir çözüm değil. Şirketi devralacak kimse bulunamıyor Asırlık işletmeler açısından giderek büyüyen bir diğer sorun ise halefiyet. Şirket sahipleri yaşlanırken işletmeyi devralacak aile üyelerinin veya profesyonel yöneticilerin bulunamaması, bazı şirketlerin ekonomik olarak faaliyetlerini sürdürebilecek durumda olsalar bile kapanmasına yol açabiliyor. Teikoku Databank'a göre halef eksikliğiyle bağlantılı iflaslar 2026'nın ilk yarısında bir önceki yılın aynı dönemine göre yüzde 16,9 artarak 312'ye yükseldi. 100 yıllık model değişmek zorunda Ekonomik baskılarla demografik sorunların aynı anda ağırlaşması, Japonya'nın köklü şirketlerini geleneksel yapılarını sorgulamaya itiyor. Zayıf yen, yükselen maliyetler, işgücü sıkıntısı ve küçülen iç pazar ekonomik baskıyı artırırken, yaşlanan şirket sahipleri ve halef eksikliği de sahiplik yapısını tehdit ediyor. 2026'daki tablo, Japonya'nın asırlık şirketlerinin karşı karşıya olduğu değişimi net biçimde ortaya koyuyor.",browser_full_article,https://www.dunya.com/ekonomi/japonyanin-asirlik-sirketleri-bir-bir-batiyor-2026da-iflas-rekoru-kirildi-haberi-842590,,,,,,,,il yok | ilçe yok | firma yok | faaliyet/tesis yok,,,,maps araması yapılmadı,,,91.75,124
2026-10-08 08:04:22,iflas,İflas / Konkordato / Mali Sorun,Türkiye’nin dünyaca ünlü gıda devi iflas etti. Fortune 500 Türkiye listesindeydi,Türkiye’nin dünyaca ünlü gıda devi iflas etti. Fortune 500 Türkiye listesindeydi Nefes Gazetesi,https://news.google.com/rss/articles/CBMirwFBVV95cUxNRVMwWmRlcVh5N3RMTU5wUmRobnpBQkd3Q0ZNVXZ1NEpPbXRMTjlQWkFxUVk5a2FvdW4tcXBTcTBjcWVnOXQ1aVJ6SXdqQUdCT2FvVmg0M01tVUVQQWF3NDVlc1VqM19CRWplM2xHdF9Ib3p6NWxENWdJUlBkRkNEdmRPUUNkcjlGNk9PYlRSbl9ORHVSdDd6MS05WjI2ZHBYREZXMTRJdWpVX1k4SURr?oc=5,gıda,,Türkiye’nin dünyaca ünlü gıda devi iflas etti. Fortune 500 Türkiye listesindeydi Nefes Gazetesi,Türkiye’nin dünyaca ünlü gıda devi iflas etti. Fortune 500 Türkiye listesindeydi Türkiye’nin dünyaca ünlü gıda devi iflas etti. Fortune 500 Türkiye listesindeydi Nefes Gazetesi Türkiye’nin dünyaca ünlü gıda devi iflas etti. Fortune 500 Türkiye listesindeydi Nefes Gazetesi,browser_failed,https://www.nefes.com.tr/turkiyenin-dunyaca-unlu-gida-devi-iflas-etti-fortune-500-turkiye-listesindeydi-156399,,,,,,,,il yok | ilçe yok | firma yok | faaliyet/tesis yok,,,,maps araması yapılmadı,,,80.7,125
2026-10-08 11:54:44,iflas,İflas / Konkordato / Mali Sorun,Gıda devi iflas etti: Mahkeme konkordato talebini kabul etmedi,Gıda devi iflas etti: Mahkeme konkordato talebini kabul etmedi OGÜN Haber,https://news.google.com/rss/articles/CBMivgFBVV95cUxQNnpiZC01cWo1MFJBVUNJSVVHTVF3eElXWWJtVU9VbDUzcmdoMXFneVdpb3IzOXp4WkFMSjJCa0Y5UUhDdnhaLXNsVk53bkt0X056TkJFVGl2WmtmZC13RW1qQ1ZRWnVXbzBoRGlLMlVJVk0yTjY4VVJLaFk1dk56czRaWGtlT25ac3cwZXV1MjRJUFp4ZWxVQktncmVCblI0dTBWT3dfUFU0SlBoZnd5aFVlQjU0dXIycWFZaHVn?oc=5,gıda,,Gıda devi iflas etti: Mahkeme konkordato talebini kabul etmedi OGÜN Haber,Gıda devi iflas etti: Mahkeme konkordato talebini kabul etmedi Gıda devi iflas etti: Mahkeme konkordato talebini kabul etmedi OGÜN Haber Gıda devi iflas etti: Mahkeme konkordato talebini kabul etmedi OGÜN Haber,browser_failed,https://news.google.com/rss/articles/CBMivgFBVV95cUxQNnpiZC01cWo1MFJBVUNJSVVHTVF3eElXWWJtVU9VbDUzcmdoMXFneVdpb3IzOXp4WkFMSjJCa0Y5UUhDdnhaLXNsVk53bkt0X056TkJFVGl2WmtmZC13RW1qQ1ZRWnVXbzBoRGlLMlVJVk0yTjY4VVJLaFk1dk56czRaWGtlT25ac3cwZXV1MjRJUFp4ZWxVQktncmVCblI0dTBWT3dfUFU0SlBoZnd5aFVlQjU0dXIycWFZaHVn?oc=5&hl=tr&gl=TR&ceid=TR:tr,,,,,,,,il yok | ilçe yok | firma yok | faaliyet/tesis yok,,,,maps araması yapılmadı,,,57.98,126
2026-10-07 07:00:00,iflas,İflas / Konkordato / Mali Sorun,"Polis, Novaland emlak şirketinin iflas ettiğine dair yanlış bilgi paylaşarak beğeni ve izlenme sayısını artırmaya çalışan kişiyi soruşturuyor.","Polis, Novaland emlak şirketinin iflas ettiğine dair yanlış bilgi paylaşarak beğeni ve izlenme sayısını artırmaya çalışan kişiyi soruşturuyor. Vietnam.vn",https://news.google.com/rss/articles/CBMitgFBVV95cUxPTFpHY1BidHY3Vm5IZ1l6OUFVQXQzVmEzVVZmVTh3OWZhYlNQUnJfeExjX0dWNVFBX25kMUFDWTUwNWZXdXBpeThpZV94MXdkTlc3NDBYaV9qc29NRGJvTFNKcF92QVFQTV9rRlBTY3BSeDdkQUs1NlBnWTlTUFZvNXFWSURzY3NvQWgwUEpOa0JFRG1aVlBMZ0o4aU1UbEk3OHlUYWR3aUUxVWprN1h3dEVpekI3Zw?oc=5,şirket,şirket / firma,"Polis, Novaland emlak şirketinin iflas ettiğine dair yanlış bilgi paylaşarak beğeni ve izlenme sayısını artırmaya çalışan kişiyi soruşturuyor. Vietnam.vn","Polis, Novaland emlak şirketinin iflas ettiğine dair yanlış bilgi paylaşarak beğeni ve izlenme sayısını artırmaya çalışan kişiyi soruşturuyor. Polis, Novaland emlak şirketinin iflas ettiğine dair yanlış bilgi paylaşarak beğeni ve izlenme sayısını artırmaya çalışan kişiyi soruşturuyor. Vietnam.vn Polis, Novaland emlak şirketinin iflas ettiğine dair yanlış bilgi paylaşarak beğeni ve izlenme sayısını artırmaya çalışan kişiyi soruşturuyor.",browser_failed,https://news.google.com/rss/articles/CBMitgFBVV95cUxPTFpHY1BidHY3Vm5IZ1l6OUFVQXQzVmEzVVZmVTh3OWZhYlNQUnJfeExjX0dWNVFBX25kMUFDWTUwNWZXdXBpeThpZV94MXdkTlc3NDBYaV9qc29NRGJvTFNKcF92QVFQTV9rRlBTY3BSeDdkQUs1NlBnWTlTUFZvNXFWSURzY3NvQWgwUEpOa0JFRG1aVlBMZ0o4aU1UbEk3OHlUYWR3aUUxVWprN1h3dEVpekI3Zw?oc=5&hl=tr&gl=TR&ceid=TR:tr,,,,,,,,il yok | ilçe yok | firma yok | faaliyet/tesis yok,,,,maps araması yapılmadı,,,126.78,127
2026-10-05 05:13:00,konkordato,İflas / Konkordato / Mali Sorun,Büyük firmalarla çalışıyordu... İzmir’de iki şirket için konkordato kararı,Büyük firmalarla çalışıyordu... İzmir’de iki şirket için konkordato kararı Ege'de Sonsöz,https://news.google.com/rss/articles/CBMinwFBVV95cUxORjFQcEN6VGpiWHpXRVB3MmFrZVphWHYySk1MX0VoeFRibW9aZzJnSDh1TWpjcWF3YWI0TENwUjBLMWJweDllY2ZXRDhJb05FVnltTDlsdkxBN2pHYnItLWVieWNZdlNKdDByM1NtRmdCUDlhZTZxLUthSEFmRzZqdUhfWWstVDRuRTcxeFZkZnRSMF93R204QVNHa3Z5NGc?oc=5,"firma, şirket",şirket / firma,Büyük firmalarla çalışıyordu... İzmir’de iki şirket için konkordato kararı Ege'de Sonsöz,Büyük firmalarla çalışıyordu... İzmir’de iki şirket için konkordato kararı Büyük firmalarla çalışıyordu... İzmir’de iki şirket için konkordato kararı Ege'de Sonsöz Büyük firmalarla çalışıyordu... İzmir’de iki şirket için konkordato kararı Ege'de Sonsöz,browser_failed,https://news.google.com/rss/articles/CBMinwFBVV95cUxORjFQcEN6VGpiWHpXRVB3MmFrZVphWHYySk1MX0VoeFRibW9aZzJnSDh1TWpjcWF3YWI0TENwUjBLMWJweDllY2ZXRDhJb05FVnltTDlsdkxBN2pHYnItLWVieWNZdlNKdDByM1NtRmdCUDlhZTZxLUthSEFmRzZqdUhfWWstVDRuRTcxeFZkZnRSMF93R204QVNHa3Z5NGc?oc=5&hl=tr&gl=TR&ceid=TR:tr,İzmir,,,,,,,ilçe yok | firma yok | faaliyet/tesis yok,,,,maps araması yapılmadı,,,75.88,128
2026-10-08 05:16:00,konkordato,İflas / Konkordato / Mali Sorun,Dünya markalarına ürün sağlıyordu: Tekstil şirketi konkordato sürecine girdi,Dünya markalarına ürün sağlıyordu: Tekstil şirketi konkordato sürecine girdi Ekonomim,https://news.google.com/rss/articles/CBMixwFBVV95cUxQRXR4dV92ZVg1LW1jQzVWYWVnZFZobUVPSmJSWWF3aGo4TWhiSUZkVUpBSEI2QmZzaVQxV2JuYnVSVjJ4SngwWkFjLVc1ek10TS1ZWC1YRjFENWZKQWxMcWVBNnU1UjlpMVFubzhxRjVNUWoyU3llNEVYM0NfQjUtVWp5cXpWNkZVQ3NzT2t2bE1POVhSRUdPSUwxcDJkRjBKT092TGhXaElvbW0xQ1MyQUJvbVJldktxdGltckYtenFGVGtnOGVr0gHHAUFVX3lxTFBFdHh1X3ZlWDUtbWNDNVZhZWdkVmhtRU9KYlJZYXdoajhNaGJJRmRVSkFIQjZCZnNpVDFXYm5idVJWMnhKeDBaQWMtVzV6TXRNLVlYLVhGMUQ1ZkpBbExxZUE2dTVSOWkxUW5vOHFGNU1RajJTeWU0RVgzQ19CNS1VanlxelY2RlVDc3NPa3ZsTU85WFJFR09JTDFwMmRGMEpPT3ZMaFdoSW9tbTFDUzJBQm9tUmV2S3F0aW1yRi16cUZUa2c4ZWs?oc=5,"tekstil, şirket",şirket / firma,"Dünya markalarına ürün sağlıyordu: Tekstil şirketi konkordato sürecine girdi Bursa'da 20 yıldır tekstil sektöründe faaliyet gösteren ve Zara, H&M, DeFacto, Mavi ile LCW gibi markalara kumaş tedarik eden Bursa Knitted Fabric konkordato sürecine girdi. Haber Merkezi | 08.10.2026 08:16 Bursa Organize Sanayi Bölgesi'nde üretim gerçekleştiren Bursa Knitted Fabric Tekstil Sanayi ve Ticaret Limited Şirketi ile Aykut Ekerbiçer'in konkordato talebi Bursa 3. Asliye Ticaret Mahkemesi tarafından inceleme altına alındı. Mahkeme, 2026/789 Esas sayılı dosyada borçlular hakkında 1 Ekim 2026 saat 12.00'den itibaren geçerli olmak üzere 3 aylık geçici mühlet kararı verdi. Şirket tarafından aktarılan bilgilere göre Bursa Knitted Fabric, isminde ""Knitted"" ifadesi bulunmasına rağmen ağırlıklı olarak dokuma kumaş üretimi yapılıyor. 20 seneyi aşkın dokuma tecrübesine sahip şirket, Bursa Organize Sanayi Bölgesi'ndeki tesisinde armür ve jakar teknoloji-leriyle üretim yaparken ürün portföyünde 500'ü aşkın kumaş çeşidi bulunuyor. Dünyada ünlü markalara kumaş tedarik ediyordu Bursa Knitted Fabric'in verdiği bilgilere göre şirket; Zara, H&M, DeFacto, Mavi ve LCW gibi markaların dokuma kumaş tedarikçileri arasında bulunuyor. Öte yandan şirket, üretim süreçlerinde OEKO-TEX sertifikalı hammaddeler kullandığını, GOTS ve GRS belgeli üretim süreçlerini uyguladığını ifade ediyor. Mahkemenin verdiği geçici mühlet kapsamında, kararda ifade edilen istisnalar dışında şirket ve Aykut Ekerbiçer hakkında yeni takip yapılamayacak, daha önce başlatılmış takipler ise duracak. İhtiyati tedbir ve ihtiyati haciz kararları uygulanmayacak. Rehinle teminat altına alınmış alacaklar için takip başlatılabilecek veya mevcut takipler sürdürülebilecek ancak muhafaza tedbiri uygulanamayacak ve rehinli mallar satılamayacak. 3 kişilik komiser heyeti atandı Cumhuriyet'in aktardığına göre mahkeme, konkordatonun başarıya ulaşmasının mümkün olup olmadığını incelemek ve ticari faaliyetleri gözetmek için 3 kişilik geçici konkordato komiseri kurulu görevlendirdi. Kurulda hukukçu Gülşah Kavak, SMMM Engin Dinçeli ile SMMM ve bağımsız denetçi Vesile Bakırcı yer aldı. Mahkeme kararına göre borçluların işlem ve kararları geçici konkordato komiseri kurulunun onayından sonra geçerlilik kazanacak. Alacaklılara itiraz etme hakkı tanındı Mahkeme, konkordato talebinin değerlendirilmesi ve kesin mühlet konusunda karar verilmesi için duruşmayı 16 Aralık 2026 saat 13.55'e bıraktı. Mevcut karar yalnızca 3 aylık geçici mühlet niteliği taşırken şirket hakkında kesin mühlet kararı henüz verilmedi. Alacaklılara ise ilan tarihinden itibaren 7 günlük kesin süre içerisinde konkordato talebine itiraz etme hakkı tanındı. Piyasadan toplatılıyor: Bakanlık bir spor ürününün satışını yasakladıEkonomi Benzine zam ya da indirim var mı? İşte 8 Ekim 2026 güncel benzin, motorin ve LPG fiyatlarıEkonomi Amazon’da büyük işten çıkarma: 1.000’e yakın çalışan etkilendiŞirket Haberleri Meteoroloji'den son hava raporu: Yurtta sıcaklıklar nasıl olacak? İşte il il hava durumu tahminleriGündem Bursa Organize Sanayi Bölgesi'nde üretim gerçekleştiren Bursa Knitted Fabric Tekstil Sanayi ve Ticaret Limited Şirketi ile Aykut Ekerbiçer'in konkordato talebi Bursa 3. Asliye Ticaret Mahkemesi tarafından inceleme altına alındı. Mahkeme, 2026/789 Esas sayılı dosyada borçlular hakkında 1 Ekim 2026 saat 12.00'den itibaren geçerli olmak üzere 3 aylık geçici mühlet kararı verdi. Şirket tarafından aktarılan bilgilere göre Bursa Knitted Fabric, isminde ""Knitted"" ifadesi bulunmasına rağmen ağırlıklı olarak dokuma kumaş üretimi yapılıyor. 20 seneyi aşkın dokuma tecrübesine sahip şirket, Bursa Organize Sanayi Bölgesi'ndeki tesisinde armür ve jakar teknoloji-leriyle üretim yaparken ürün portföyünde 500'ü aşkın kumaş çeşidi bulunuyor. Dünyada ünlü markalara kumaş tedarik ediyordu Bursa Knitted Fabric'in verdiği bilgilere göre şirket; Zara, H&M, DeFacto, Mavi ve LCW gibi markaların dokuma kumaş tedarikçileri arasında bulunuyor. Öte yandan şirket, üretim süreçlerinde OEKO-TEX sertifikalı hammaddeler kullandığını, GOTS ve GRS belgeli üretim süreçlerini uyguladığını ifade ediyor. Mahkemenin verdiği geçici mühlet kapsamında, kararda ifade edilen istisnalar dışında şirket ve Aykut Ekerbiçer hakkında yeni takip yapılamayacak, daha önce başlatılmış takipler ise duracak. İhtiyati tedbir ve ihtiyati haciz kararları uygulanmayacak. Rehinle teminat altına alınmış alacaklar için takip başlatılabilecek veya mevcut takipler sürdürülebilecek ancak muhafaza tedbiri uygulanamayacak ve rehinli mallar satılamayacak. 3 kişilik komiser heyeti atandı Cumhuriyet'in aktardığına göre mahkeme, konkordatonun başarıya ulaşmasının mümkün olup olmadığını incelemek ve ticari faaliyetleri gözetmek için 3 kişilik geçici konkordato komiseri kurulu görevlendirdi. Kurulda hukukçu Gülşah Kavak, SMMM Engin Dinçeli ile SMMM ve bağımsız denetçi Vesile Bakırcı yer aldı. Mahkeme kararına göre borçluların işlem ve kararları geçici konkordato komiseri kurulunun onayından sonra geçerlilik kazanacak. Alacaklılara itiraz etme hakkı tanındı Mahkeme, konkordato talebinin değerlendirilmesi ve kesin mühlet konusunda karar verilmesi için duruşmayı 16 Aralık 2026 saat 13.55'e bıraktı. Mevcut karar yalnızca 3 aylık geçici mühlet niteliği taşırken şirket hakkında kesin mühlet kararı henüz verilmedi. Alacaklılara ise ilan tarihinden itibaren 7 günlük kesin süre içerisinde konkordato talebine itiraz etme hakkı tanındı. Piyasadan toplatılıyor: Bakanlık bir spor ürününün satışını yasakladıEkonomi Benzine zam ya da indirim var mı? İşte 8 Ekim 2026 güncel benzin, motorin ve LPG fiyatlarıEkonomi Amazon’da büyük işten çıkarma: 1.000’e yakın çalışan etkilendiŞirket Haberleri Meteoroloji'den son hava raporu: Yurtta sıcaklıklar nasıl olacak? İşte il il hava durumu tahminleriGündem Dünya markalarına ürün sağlıyordu: Tekstil şirketi konkordato sürecine girdi Bursa'da 20 yıldır tekstil sektöründe faaliyet gösteren ve Zara, H&M, DeFacto, Mavi ile LCW gibi markalara kumaş tedarik eden Bursa Knitted Fabric konkordato sürecine girdi. Dünyada ünlü markalara kumaş tedarik ediyordu 3 kişilik komiser heyeti atandı Alacaklılara itiraz etme hakkı tanındı Bursa Organize Sanayi Bölgesi'nde üretim gerçekleştiren Bursa Knitted Fabric Tekstil Sanayi ve Ticaret Limited Şirketi ile Aykut Ekerbiçer'in konkordato talebi Bursa 3. Asliye Ticaret Mahkemesi tarafından inceleme altına alındı. Mahkeme, 2026/789 Esas sayılı dosyada borçlular hakkında 1 Ekim 2026 saat 12.00'den itibaren geçerli olmak üzere 3 aylık geçici mühlet kararı verdi. Şirket tarafından aktarılan bilgilere göre Bursa Knitted Fabric, isminde ""Knitted"" ifadesi bulunmasına rağmen ağırlıklı olarak dokuma kumaş üretimi yapılıyor. 20 seneyi aşkın dokuma tecrübesine sahip şirket, Bursa Organize Sanayi Bölgesi'ndeki tesisinde armür ve jakar teknoloji-leriyle üretim yaparken ürün portföyünde 500'ü aşkın kumaş çeşidi bulunuyor. Bursa Knitted Fabric'in verdiği bilgilere göre şirket; Zara, H&M, DeFacto, Mavi ve LCW gibi markaların dokuma kumaş tedarikçileri arasında bulunuyor. Öte yandan şirket, üretim süreçlerinde OEKO-TEX sertifikalı hammaddeler kullandığını, GOTS ve GRS belgeli üretim süreçlerini uyguladığını ifade ediyor. Mahkemenin verdiği geçici mühlet kapsamında, kararda ifade edilen istisnalar dışında şirket ve Aykut Ekerbiçer hakkında yeni takip yapılamayacak, daha önce başlatılmış takipler ise duracak. İhtiyati tedbir ve ihtiyati haciz kararları uygulanmayacak. Rehinle teminat altına alınmış alacaklar için takip başlatılabilecek veya mevcut takipler sürdürülebilecek ancak muhafaza tedbiri uygulanamayacak ve rehinli mallar satılamayacak. Cumhuriyet'in aktardığına göre mahkeme, konkordatonun başarıya ulaşmasının mümkün olup olmadığını incelemek ve ticari faaliyetleri gözetmek için 3 kişilik geçici konkordato komiseri kurulu görevlendirdi. Kurulda hukukçu Gülşah Kavak, SMMM Engin Dinçeli ile SMMM ve bağımsız denetçi Vesile Bakırcı yer aldı. Mahkeme kararına göre borçluların işlem ve kararları geçici konkordato komiseri kurulunun onayından sonra geçerlilik kazanacak. Mahkeme, konkordato talebinin değerlendirilmesi ve kesin mühlet konusunda karar verilmesi için duruşmayı 16 Aralık 2026 saat 13.55'e bıraktı. Mevcut karar yalnızca 3 aylık geçici mühlet niteliği taşırken şirket hakkında kesin mühlet kararı henüz verilmedi. Alacaklılara ise ilan tarihinden itibaren 7 günlük kesin süre içerisinde konkordato talebine itiraz etme hakkı tanındı.","Dünya markalarına ürün sağlıyordu: Tekstil şirketi konkordato sürecine girdi Dünya markalarına ürün sağlıyordu: Tekstil şirketi konkordato sürecine girdi Ekonomim Dünya markalarına ürün sağlıyordu: Tekstil şirketi konkordato sürecine girdi Bursa'da 20 yıldır tekstil sektöründe faaliyet gösteren ve Zara, H&M, DeFacto, Mavi ile LCW gibi markalara kumaş tedarik eden Bursa Knitted Fabric konkordato sürecine girdi. Haber Merkezi | 08.10.2026 08:16 Bursa Organize Sanayi Bölgesi'nde üretim gerçekleştiren Bursa Knitted Fabric Tekstil Sanayi ve Ticaret Limited Şirketi ile Aykut Ekerbiçer'in konkordato talebi Bursa 3. Asliye Ticaret Mahkemesi tarafından inceleme altına alındı. Mahkeme, 2026/789 Esas sayılı dosyada borçlular hakkında 1 Ekim 2026 saat 12.00'den itibaren geçerli olmak üzere 3 aylık geçici mühlet kararı verdi. Şirket tarafından aktarılan bilgilere göre Bursa Knitted Fabric, isminde ""Knitted"" ifadesi bulunmasına rağmen ağırlıklı olarak dokuma kumaş üretimi yapılıyor. 20 seneyi aşkın dokuma tecrübesine sahip şirket, Bursa Organize Sanayi Bölgesi'ndeki tesisinde armür ve jakar teknoloji-leriyle üretim yaparken ürün portföyünde 500'ü aşkın kumaş çeşidi bulunuyor. Dünyada ünlü markalara kumaş tedarik ediyordu Bursa Knitted Fabric'in verdiği bilgilere göre şirket; Zara, H&M, DeFacto, Mavi ve LCW gibi markaların dokuma kumaş tedarikçileri arasında bulunuyor. Öte yandan şirket, üretim süreçlerinde OEKO-TEX sertifikalı hammaddeler kullandığını, GOTS ve GRS belgeli üretim süreçlerini uyguladığını ifade ediyor. Mahkemenin verdiği geçici mühlet kapsamında, kararda ifade edilen istisnalar dışında şirket ve Aykut Ekerbiçer hakkında yeni takip yapılamayacak, daha önce başlatılmış takipler ise duracak. Rehinle teminat altına alınmış alacaklar için takip başlatılabilecek veya mevcut takipler sürdürülebilecek ancak muhafaza tedbiri uygulanamayacak ve rehinli mallar satılamayacak. 3 kişilik komiser heyeti atandı Cumhuriyet'in aktardığına göre mahkeme, konkordatonun başarıya ulaşmasının mümkün olup olmadığını incelemek ve ticari faaliyetleri gözetmek için 3 kişilik geçici konkordato komiseri kurulu görevlendirdi. Mahkeme kararına göre borçluların işlem ve kararları geçici konkordato komiseri kurulunun onayından sonra geçerlilik kazanacak. Alacaklılara itiraz etme hakkı tanındı Mahkeme, konkordato talebinin değerlendirilmesi ve kesin mühlet konusunda karar verilmesi için duruşmayı 16 Aralık 2026 saat 13.55'e bıraktı. Mevcut karar yalnızca 3 aylık geçici mühlet niteliği taşırken şirket hakkında kesin mühlet kararı henüz verilmedi. Alacaklılara ise ilan tarihinden itibaren 7 günlük kesin süre içerisinde konkordato talebine itiraz etme hakkı tanındı. İşte 8 Ekim 2026 güncel benzin, motorin ve LPG fiyatlarıEkonomi Amazon’da büyük işten çıkarma: 1.000’e yakın çalışan etkilendiŞirket Haberleri Meteoroloji'den son hava raporu: Yurtta sıcaklıklar nasıl olacak? İşte il il hava durumu tahminleriGündem Bursa Organize Sanayi Bölgesi'nde üretim gerçekleştiren Bursa Knitted Fabric Tekstil Sanayi ve Ticaret Limited Şirketi ile Aykut Ekerbiçer'in konkordato talebi Bursa 3. İşte il il hava durumu tahminleriGündem Dünya markalarına ürün sağlıyordu: Tekstil şirketi konkordato sürecine girdi Bursa'da 20 yıldır tekstil sektöründe faaliyet gösteren ve Zara, H&M, DeFacto, Mavi ile LCW gibi markalara kumaş tedarik eden Bursa Knitted Fabric konkordato sürecine girdi. Dünyada ünlü markalara kumaş tedarik ediyordu 3 kişilik komiser heyeti atandı Alacaklılara itiraz etme hakkı tanındı Bursa Organize Sanayi Bölgesi'nde üretim gerçekleştiren Bursa Knitted Fabric Tekstil Sanayi ve Ticaret Limited Şirketi ile Aykut Ekerbiçer'in konkordato talebi Bursa 3. Bursa Knitted Fabric'in verdiği bilgilere göre şirket; Zara, H&M, DeFacto, Mavi ve LCW gibi markaların dokuma kumaş tedarikçileri arasında bulunuyor. Cumhuriyet'in aktardığına göre mahkeme, konkordatonun başarıya ulaşmasının mümkün olup olmadığını incelemek ve ticari faaliyetleri gözetmek için 3 kişilik geçici konkordato komiseri kurulu görevlendirdi. Mahkeme, konkordato talebinin değerlendirilmesi ve kesin mühlet konusunda karar verilmesi için duruşmayı 16 Aralık 2026 saat 13.55'e bıraktı.",browser_full_article_dom,https://news.google.com/rss/articles/CBMixwFBVV95cUxQRXR4dV92ZVg1LW1jQzVWYWVnZFZobUVPSmJSWWF3aGo4TWhiSUZkVUpBSEI2QmZzaVQxV2JuYnVSVjJ4SngwWkFjLVc1ek10TS1ZWC1YRjFENWZKQWxMcWVBNnU1UjlpMVFubzhxRjVNUWoyU3llNEVYM0NfQjUtVWp5cXpWNkZVQ3NzT2t2bE1POVhSRUdPSUwxcDJkRjBKT092TGhXaElvbW0xQ1MyQUJvbVJldktxdGltckYtenFGVGtnOGVr0gHHAUFVX3lxTFBFdHh1X3ZlWDUtbWNDNVZhZWdkVmhtRU9KYlJZYXdoajhNaGJJRmRVSkFIQjZCZnNpVDFXYm5idVJWMnhKeDBaQWMtVzV6TXRNLVlYLVhGMUQ1ZkpBbExxZUE2dTVSOWkxUW5vOHFGNU1RajJTeWU0RVgzQ19CNS1VanlxelY2RlVDc3NPa3ZsTU85WFJFR09JTDFwMmRGMEpPT3ZMaFdoSW9tbTFDUzJBQm9tUmV2S3F0aW1yRi16cUZUa2c4ZWs?oc=5&hl=tr&gl=TR&ceid=TR:tr,Bursa,,16 Bursa Organize Sanayi | Bursa Organize Sanayi,,,,,ilçe yok | firma yok | faaliyet/tesis yok,,,,maps araması yapılmadı,,,122.25,129
2026-10-09 06:57:00,konkordato,İflas / Konkordato / Mali Sorun,Şensoy Madeni Eşya ve ortakları için bir yıllık kesin mühlet kararı: Konkordato sürecine girdi,Şensoy Madeni Eşya ve ortakları için bir yıllık kesin mühlet kararı: Konkordato sürecine girdi Evrensel.net,https://news.google.com/rss/articles/CBMizAFBVV95cUxOd3pvVGJHVnphbHZ4VUk3eDBiYVpiSXc1WEtXZXU4RUpjTGJ1RzRMWnQ0cW9QSF83UjR2akp4UUNDdkRWbzhLb0F2LXY1bXh3TjJHRjFiejB2WWstU1N0YWJkNlJjUi1iLThIdl9SWjB0ZnBaaWNLaUFSRVNCLTZZNjZ1U2lJN2ZRZlpVY1NRUWJLYnctQmFaNzZtNTBJWUtvNjk5OHF1QXA0MDJrdlFIbTQxX3FvM0h2RzV0U0RscGFMaHIxTmFvdDFSc2k?oc=5,maden,,"İstanbul 1. Asliye Ticaret Mahkemesi, Şensoy Madeni Eşya ve şirket ortakları için bir yıl kesin mühlet kararı verirken, sürecin denetimi için komiser heyeti görevini sürdürecek. İstanbul 1. Asliye Ticaret Mahkemesi, Şensoy Madeni Eşya ve şirket ortakları için bir yıl kesin mühlet kararı verirken, sürecin denetimi için komiser heyeti görevini sürdürecek. Fotoğraf: ready made/Pexels ABD merkezli Coca-Cola, 2018'de 5,1 milyar dolara satın aldığı İngiliz kahve zinciri Costa Coffee'yi satmak için yeni bir girişimi değerlendiriyor. Yılın başında durdurulan satış süreci yeniden gündeme geldi. Fotoğraf: Fox/Unsplash Tutuklu kızına para gönderdiği için evinden sedye ile çıkarılarak cezaevine konulan 77 yaşındaki ağır hasta tutuklu Hatice Yıldız’ın tahliye edilmesi için “örgütten ayrılması” istendi. Avukatı, hukukun uygulanmasını ve serbest bırakılmasını istedi. Fotoğraf: MA Pakistan Başbakanı Şahbaz Şerif, Suudi Arabistan'ın Yemen'e yönelik saldırılarına destek açıklaması yaptı. Fotoğraf: DHA 14. Uluslararası Antakya Film Festivali'nde ödüller sahiplerini bulurken, yarışmada Altındefne ödülünü kazanan yapımlar açıklandı. UCLA araştırmacılarının uydu verileri üzerinden yaptığı analize göre, Silivri'deki çöp depolama tesisi Türkiye'de en fazla metan salımı yapan atık depolama alanı oldu. Tesisten saatte ortalama 7,4 ton metan gazı salındığı tespit edildi. Fotoğraf: The Emirr/Wikimedia Commons CC BY 3.0 İzmir'de Bayraklı Belediyesi ve iştiraki BAYBEL AŞ'ye yönelik soruşturmada gözaltına alınan 43 kişi, emniyetteki işlemlerinin ardından adliyeye sevk edildi. Fotoğraf: ANKA İçerik yükleniyor... (sozcu.com.tr) Devamını Oku İçerik yükleniyor... (MA) İçerik yükleniyor... (Dış Haberler) Volkan Pekal volkanpekal@gmail.com İçerik yükleniyor... İçerik yükleniyor... (Haber Merkezi) İçerik yükleniyor... (Politika Servisi) Şensoy Madeni Eşya ve ortakları için bir yıllık kesin mühlet kararı: Konkordato sürecine girdi İstanbul 1. Asliye Ticaret Mahkemesi, Şensoy Madeni Eşya ve şirket ortakları için bir yıl kesin mühlet kararı verirken, sürecin denetimi için komiser heyeti görevini sürdürecek. Coca-Cola'nın dev kahve zinciri için yeni satış planı: Milyarlarca dolar ödemişti ABD merkezli Coca-Cola, 2018'de 5,1 milyar dolara satın aldığı İngiliz kahve zinciri Costa Coffee'yi satmak için yeni bir girişimi değerlendiriyor. Yılın başında durdurulan satış süreci yeniden gündeme geldi. 77 yaşındaki ağır hasta tutuklu Hatice Yıldız tahliye edilmiyor Tutuklu kızına para gönderdiği için evinden sedye ile çıkarılarak cezaevine konulan 77 yaşındaki ağır hasta tutuklu Hatice Yıldız’ın tahliye edilmesi için “örgütten ayrılması” istendi. Avukatı, hukukun uygulanmasını ve serbest bırakılmasını istedi. Pakistan'dan Suudi Arabistan'ın Yemen saldırılarına destek Pakistan Başbakanı Şahbaz Şerif, Suudi Arabistan'ın Yemen'e yönelik saldırılarına destek açıklaması yaptı. 14. Uluslararası Antakya Film Festivali'nde ödüller sahiplerini buldu Silivri'deki çöp depolama tesisinden saatte 7,4 ton metan gazı salınıyor UCLA araştırmacılarının uydu verileri üzerinden yaptığı analize göre, Silivri'deki çöp depolama tesisi Türkiye'de en fazla metan salımı yapan atık depolama alanı oldu. Tesisten saatte ortalama 7,4 ton metan gazı salındığı tespit edildi. Bayraklı Belediyesi soruşturmasında Eski Başkan Serdar Sandal dahil 43 kişi adliyeye sevk edildi İzmir'de Bayraklı Belediyesi ve iştiraki BAYBEL AŞ'ye yönelik soruşturmada gözaltına alınan 43 kişi, emniyetteki işlemlerinin ardından adliyeye sevk edildi. Fotoğraf: ready made/Pexels İstanbul 1. Asliye Ticaret Mahkemesi, Şensoy Madeni Eşya ile şirket ortakları Orhan Aksoy ve Osman Şensoy'un konkordato talebini karara bağladı. Mahkeme, 1 Ekim 2026 tarihli duruşmada başvuru sahipleri için bir yıllık kesin mühlet uygulanmasına hükmederken, karara ilişkin ilan 8 Eylül yerine 8 Ekim'de kamuoyuyla paylaşıldı. Sö","Şensoy Madeni Eşya ve ortakları için bir yıllık kesin mühlet kararı: Konkordato sürecine girdi Şensoy Madeni Eşya ve ortakları için bir yıllık kesin mühlet kararı: Konkordato sürecine girdi Evrensel.net Asliye Ticaret Mahkemesi, Şensoy Madeni Eşya ve şirket ortakları için bir yıl kesin mühlet kararı verirken, sürecin denetimi için komiser heyeti görevini sürdürecek. Fotoğraf: ready made/Pexels ABD merkezli Coca-Cola, 2018'de 5,1 milyar dolara satın aldığı İngiliz kahve zinciri Costa Coffee'yi satmak için yeni bir girişimi değerlendiriyor. Yılın başında durdurulan satış süreci yeniden gündeme geldi. Fotoğraf: Fox/Unsplash Tutuklu kızına para gönderdiği için evinden sedye ile çıkarılarak cezaevine konulan 77 yaşındaki ağır hasta tutuklu Hatice Yıldız’ın tahliye edilmesi için “örgütten ayrılması” istendi. Avukatı, hukukun uygulanmasını ve serbest bırakılmasını istedi. Fotoğraf: MA Pakistan Başbakanı Şahbaz Şerif, Suudi Arabistan'ın Yemen'e yönelik saldırılarına destek açıklaması yaptı. Uluslararası Antakya Film Festivali'nde ödüller sahiplerini bulurken, yarışmada Altındefne ödülünü kazanan yapımlar açıklandı. UCLA araştırmacılarının uydu verileri üzerinden yaptığı analize göre, Silivri'deki çöp depolama tesisi Türkiye'de en fazla metan salımı yapan atık depolama alanı oldu. Tesisten saatte ortalama 7,4 ton metan gazı salındığı tespit edildi. Fotoğraf: The Emirr/Wikimedia Commons CC BY 3.0 İzmir'de Bayraklı Belediyesi ve iştiraki BAYBEL AŞ'ye yönelik soruşturmada gözaltına alınan 43 kişi, emniyetteki işlemlerinin ardından adliyeye sevk edildi. (Politika Servisi) Şensoy Madeni Eşya ve ortakları için bir yıllık kesin mühlet kararı: Konkordato sürecine girdi İstanbul 1. Coca-Cola'nın dev kahve zinciri için yeni satış planı: Milyarlarca dolar ödemişti ABD merkezli Coca-Cola, 2018'de 5,1 milyar dolara satın aldığı İngiliz kahve zinciri Costa Coffee'yi satmak için yeni bir girişimi değerlendiriyor. 77 yaşındaki ağır hasta tutuklu Hatice Yıldız tahliye edilmiyor Tutuklu kızına para gönderdiği için evinden sedye ile çıkarılarak cezaevine konulan 77 yaşındaki ağır hasta tutuklu Hatice Yıldız’ın tahliye edilmesi için “örgütten ayrılması” istendi. Pakistan'dan Suudi Arabistan'ın Yemen saldırılarına destek Pakistan Başbakanı Şahbaz Şerif, Suudi Arabistan'ın Yemen'e yönelik saldırılarına destek açıklaması yaptı. Uluslararası Antakya Film Festivali'nde ödüller sahiplerini buldu Silivri'deki çöp depolama tesisinden saatte 7,4 ton metan gazı salınıyor UCLA araştırmacılarının uydu verileri üzerinden yaptığı analize göre, Silivri'deki çöp depolama tesisi Türkiye'de en fazla metan salımı yapan atık depolama alanı oldu. Bayraklı Belediyesi soruşturmasında Eski Başkan Serdar Sandal dahil 43 kişi adliyeye sevk edildi İzmir'de Bayraklı Belediyesi ve iştiraki BAYBEL AŞ'ye yönelik soruşturmada gözaltına alınan 43 kişi, emniyetteki işlemlerinin ardından adliyeye sevk edildi. Fotoğraf: ready made/Pexels İstanbul 1. Asliye Ticaret Mahkemesi, Şensoy Madeni Eşya ile şirket ortakları Orhan Aksoy ve Osman Şensoy'un konkordato talebini karara bağladı.",browser_full_article,https://www.evrensel.net/haber/6004103/sensoy-madeni-esya-ve-ortaklari-icin-bir-yillik-kesin-muhlet-karari-konkordato-surecine-girdi,İzmir,,,,deki çöp depolama tesisi,BAYBEL AŞ,BAYBEL AŞ:68:body | BAYBEL AŞ:raw_legal,ilçe yok,BAYBEL AŞ İzmir Türkiye,Bayraklı AŞ | Baybel | Baybel A.Ş,Bayraklı AŞ,firma adı + güvenli maps adayı var,70.0 | 100.0 | 100,,218.35,130
2026-10-06 09:36:00,konkordato,İflas / Konkordato / Mali Sorun,Fil Ailesinin Konkordato Sürecinde Karar Çıktı: 3 Şirkete 1 Yıllık Kesin Mühlet Verildi,Fil Ailesinin Konkordato Sürecinde Karar Çıktı: 3 Şirkete 1 Yıllık Kesin Mühlet Verildi Adapazarı Akşam Haberleri Gazetesi,https://news.google.com/rss/articles/CBMi0AFBVV95cUxQTTNHMGNqZmdzbHFoZ2wza3doRm84dW5HbUdDQ0tiWnRlN2RqNjVPdTIyUzVtTnFXZTZBc1ZUQ0JIOXZSd0tLdFNIT1h0R1NwUndZYlRPUHBnbVU3WlNtc2pqRjF3LWJBNFBCVVlGeWctcnRhV2pJVXJGTjhGM2Y5V3QwRW9FbkY5dmp2NURXNVRZUnRaYkZJa2hMS056bXJaRk5iSFFYRkFNSGR5X0ZVYkFPN2NKWU1JTjNCb0VEMEQ0c2llcWxCRHFQcVlSWEpK?oc=5,şirket,şirket / firma,"www.aksamhaberleri.com.tr Güvenlik doğrulaması yapılıyor Bu web sitesi, kötü niyetli botlara karşı korunmak için bir güvenlik hizmeti kullanıyor. Web sitesi bir bot olmadığınızı doğrularken bu sayfa görüntülenir. Doğrulama başarılı. www.aksamhaberleri.com.tr adresinin yanıt vermesi bekleniyor www.aksamhaberleri.com.tr Güvenlik doğrulaması yapılıyor Doğrulama başarılı. www.aksamhaberleri.com.tr adresinin yanıt vermesi bekleniyor Bu web sitesi, kötü niyetli botlara karşı korunmak için bir güvenlik hizmeti kullanıyor. Web sitesi bir bot olmadığınızı doğrularken bu sayfa görüntülenir.","Fil Ailesinin Konkordato Sürecinde Karar Çıktı: 3 Şirkete 1 Yıllık Kesin Mühlet Verildi Fil Ailesinin Konkordato Sürecinde Karar Çıktı: 3 Şirkete 1 Yıllık Kesin Mühlet Verildi Adapazarı Akşam Haberleri Gazetesi www.aksamhaberleri.com.tr Güvenlik doğrulaması yapılıyor Bu web sitesi, kötü niyetli botlara karşı korunmak için bir güvenlik hizmeti kullanıyor. Web sitesi bir bot olmadığınızı doğrularken bu sayfa görüntülenir. www.aksamhaberleri.com.tr adresinin yanıt vermesi bekleniyor www.aksamhaberleri.com.tr Güvenlik doğrulaması yapılıyor Doğrulama başarılı.",browser_full_article,https://www.aksamhaberleri.com.tr/haber/28935957/fil-ailesinin-konkordato-surecinde-karar-cikti-3-sirkete-1-yillik-kesin-muhlet-verildi,,,,,,,,il yok | ilçe yok | firma yok | faaliyet/tesis yok,,,,maps araması yapılmadı,,,85.87,131
2026-10-09 06:08:35,konkordato,İflas / Konkordato / Mali Sorun,Bursa'da tekstil şirketi için konkordato süreci uzatıldı! Yeni duruşma tarihi belli oldu,Bursa'da tekstil şirketi için konkordato süreci uzatıldı! Yeni duruşma tarihi belli oldu Bursada Bugün,https://news.google.com/rss/articles/CBMi0wFBVV95cUxPWHhTQVgxRktWTC1PTS1yR0FCQnY4MjBXVWY5ZjBGYkR0SmRVMXg0S21uRmFoQzNTNUduUHRQRzY2OW85SmFkdVhFWjl3NE1QLXg5bDVqUE5lZjBLUmEzeGl3SUp1ZVUwUzRKRHRuakJpbDZwUmlDd3BEUnpHNVJTZjhEdC1qakp2S3k5dndRVGQ4US15aVh4QnQ1aDIxX243clItVjNGWjBNUmxKaTJmUno1OGlValRJZXVLM05HQjE3Mi1OenJSVFd2MDZyV1hTR3Iw0gHTAUFVX3lxTE9YeFNBWDFGS1ZMLU9NLXJHQUJCdjgyMFdVZjlmMEZiRHRKZFUxeDRLbW5GYWhDM1M1R25QdFBHNjY5bzlKYWR1WEVaOXc0TVAteDlsNWpQTmVmMEtSYTN4aXdJSnVlVTBTNEpEdG5qQmlsNnBSaUN3cERSekc1UlNmOER0LWpqSnZLeTl2d1FUZDhRLXlpWHhCdDVoMjFfbjdyUi1WM0ZaME1SbEppMmZSejU4aVVqVElldUszTkdCMTcyLU56clJUV3YwNnJXWFNHcjA?oc=5,"tekstil, şirket",şirket / firma,"Bursa'da faaliyet gösteren Ertona Tekstil Anonim Şirketi ile şirketle birlikte konkordato talebinde bulunan üç kişi hakkında yürütülen yargı sürecinde yeni bir karar alındı. Bursa 1. Asliye Ticaret Mahkemesi, geçici mühlet süresinin iki ay daha uzatılmasına karar verdi. Dosyada bir sonraki duruşmanın yapılacağı tarih de açıklandı. Bursa'da faaliyet gösteren Ertona Tekstil Anonim Şirketi ile şirketle birlikte konkordato talebinde bulunan üç kişi hakkında yürütülen yargı sürecinde yeni bir karar alındı. Bursa 1. Asliye Ticaret Mahkemesi, geçici mühlet süresinin iki ay daha uzatılmasına karar verdi. Dosyada bir sonraki duruşmanın yapılacağı tarih de açıklandı. Bursa'da tekstil şirketi için konkordato süreci uzatıldı! Yeni duruşma tarihi belli oldu Kimsenin gözüyle göremediği tehlike uzaydan ortaya çıkt... Milyonlarca çalışanı ilgilendiriyor! KVKK'dan işverenle... Cezaevinden izinli çıktı, babasını bıçaklayarak öldürdü! Bursa'daki ticaret odalarında seçim maratonu! Hangi ilç... Bursa'da alkollü sürücüden pes dedirten savunma: ""Ben ş... Bursa'da gördüğü yöntemi kendi şehrinde uyguladı! Paray... Bu detay varsa aman dikkat! Bina çökünce milyonlarca ki... Bursa'da zeytin sezonu öncesi önemli ihale! Tarih ve şa... Bursa'da kontrolden çıkan tır tarlaya uçtu! Sürücü yaralı Kızı 14. kattan düşerek hayatını kaybetti! Yeni detayla... Bursa'da Roma döneminden izler taşıyan mahalle! Geçmişi... Bursa'da gıda skandalı! İhbar üzerine gidildi, iğrenç t... Bursa'nın usta sanatçısından kalan miras Gemlik'te yaşa... Bursa'daki döküm fabrikasında acı son! Gencecik yaşta k... MHK soruşturmasında son dakika: İki hakem de tutuklandı... Bursa'da bölge halkının merakla beklediği gün geldi çattı! Sürücülerin yeni tercihi belli oldu! Akaryakıt fiyatlar... Bursa'da tartışmaların odağıydı! Yeni terminalin çalışm... Bursa'da çok acı olay! Evinden cansız bedeni çıkarıldı... Bursa'da yazdan kalma günler ne kadar sürecek? Meteorol... Otoyol inşaatında heyecan yaratan keşif! Bursa'da Gökçe Alkan için adalet yürüyüşü: Annesinin sö... BTSO Meclis Başkanı Erol Dağlıoğlu kimdir? Erol Dağlıoğ... ""Evlenemem"" deyip düğüne gelmedi! Yargıtay'dan dikkat ç... Trump'tan ""İran"" mesajı: Bu işi bitirmemiz gerekiyor Bursa'da risk oluşturan köprü kapatıldı! Rekabet Kurumu'ndan gözlük devine yeni kurallar! O ayrı... Bursa'da şantiyede bıçaklar çekildi! Çok sayıda yaralı... BTSO seçimlerinde kritik gün! Başkan adayı Matlı'dan aç... Son hali gündem yaratmıştı! Bekir Bozdağ'dan şoke eden ... BTSO'da Burkay'ın Disiplin Kurulu listesi belli oldu Uygulama noktasında polise ateş açıldı! 1 şehidimiz var... Bursa'da alevler bir anda yükseldi! Zamanla yarıştılar En sağlam 5 dizel motor belli oldu! Milyon kilometreye ... Son dakika! Fatma Betül Sayan Kaya AK Parti'den ihraç e... Milyonları ilgilendiren karar Resmi Gazete'de! Tüm hesa... Ortaokulda dehşet! Çok sayıda öğrenciyi bıçakladı... İnegöl Meslek Yüksekokulu öğrencilerinden Vali Ayyıldız... Türkiye, Müge Anlı'daki Hamid'i konuşuyor! Babasının ki... Bursa'nın ünlü inşaat şirketiyle ilgili üst üste şikaye... BTSO'da kritik gün! 159 meclis üyesi yeni başkanı belir... Bursa'da iş kazası: 10 metre yükseklikten düşen işçi ağ... Bursa'dan yola çıkacaklar dikkat! Bu yolda trafik düzen... Bursa'da büyük tehlike! Alevler akaryakıt istasyonunun ... Bursa'da Gökçe Alkan cinayetinde flaş gelişme: Şüpheli ... Petek Dinçöz yıllar öncesine döndü! Yeni şarkısı öncesi... İlik nakli için babasını arıyordu: Danilo Zanna'dan Ham... Bir ülke daha savaşa dahil oldu! Uçaklar peş peşe haval... Bursa'da çatıdan düşerek ağır yaralanan adamın yaşam sa... TFF'de dikkat çeken istifa: 'Aile şirketi anlayışıyla y... Tatlı Kaçıklar'ın Seksi Şempanze'siydi! Yıldız Kaplan'ı... Okula saldırı paniği! Ses kaydını dinleyen polis hareke... Bursa'da çöp tesisiyle ilgili Şadi Özdemir'den dikkat ç... Bursa'daki silahlı saldırıda arkadaşını öldürmüştü! Kıs... Her evde bulunuyor: Milyonların kullandığı ürün için ya... Dev indirim geldi! Hesaplar bir gecede değişti Bursa'da ev satışında ezber bozan ilan! ""Kötü komşuya..."" Özgür Özel Bursa'ya geliyor! Bursa'da taksi ücretlerine zam geldi! Yeni fiyatlar o t... Bursa'da karşıya geçmek isterken otomobil çarptı! Yayad... Bursa'da akılalmaz olay! Acente topu otele attı, otel e... Bursa'da acı kayıp! Kafkas camiasının abisi hayatını ka... Bursa'da iki bölge arasına 'körüklü otobüs' talebi! Fon soruşturmasında Fatma Betül Sayan Kaya'yla ilgili f... Fonlarda parası kalanlar dikkat: 1 milyon liranın altın... Bursa'da istasyonda dikkat çeken su israfı! Litrelerce ... Kuyumcu soygunu girişiminde şaşırtan son: Şüpheliler ay... Bursa'da kışlık alışveriş başladı, fiyatlar dikkat çekt... Belediyede dikkat çeken rüşvet pazarlığı kamerada! Veresiye almak isteyene akılalmaz şartlar! Listede KPSS... MASAK raporundan şok detaylar! Yasin Kol'a maç sırasınd... Gelen sesler üzerine toprağı kazdı, gördüğü karşısında ... Bursa'da ulaşımı rahatlatacak yeni yol için ilk adım! BUSİAD Başarı Ödülleri sahiplerini buldu! 6 kategoride ... Çöken binayla ilgili korkunç gerçek ortaya çıktı! Beled... Afet planı, altyapı, yeni itfaiye istasyonu... Bursa Bü... Bursaspor Başkanı Enes Çelik'ten BTSO Başkanı seçilen Ö... Ağzından çıkanlar dünyayı ayağa kaldırdı! 18 yaşındaki ... MHK 'da istifa sonrası yeni dönem! Hakem atamalarını An... Gemlik'teki çifte cinayette Korkunç itiraf! Barfiks dem... Tesadüf mü, kehanet mi? Rusya'daki veba şüphesi sonrası... TikTok yayınında pes dedirten ""Don"" muhabbeti! İzleyenl... Bursa'nın tarihi çarşısında kuyumcu vurgunu iddiası! Ka... Bursa'da kahreden olay! Eşinin öldüğü kazaya arkadan ge... 30 yıl boyunca ahır kapısını tutsun diye kullandığı taş... Bakan Şimşek duyurdu: 43 bin fon yatırımcısının paralar... Bursa'da öldürülen yaşlı çift son yolculuğuna uğurlandı Bursa'da 7 ilçeyi ilgilendiren dev yol ihalesi! 370 gün... 27 yıl sonra bir ilk! AK Parti'ye geçen Cemil Tugay'dan... Bursa yaza geri dönüyor! 5 günlük rapor paylaşı","Bursa'da tekstil şirketi için konkordato süreci uzatıldı! Yeni duruşma tarihi belli oldu Bursa'da tekstil şirketi için konkordato süreci uzatıldı! Yeni duruşma tarihi belli oldu Bursada Bugün Bursa'da faaliyet gösteren Ertona Tekstil Anonim Şirketi ile şirketle birlikte konkordato talebinde bulunan üç kişi hakkında yürütülen yargı sürecinde yeni bir karar alındı. Asliye Ticaret Mahkemesi, geçici mühlet süresinin iki ay daha uzatılmasına karar verdi. Dosyada bir sonraki duruşmanın yapılacağı tarih de açıklandı. Bursa'da tekstil şirketi için konkordato süreci uzatıldı! Yeni duruşma tarihi belli oldu Kimsenin gözüyle göremediği tehlike uzaydan ortaya çıkt... Milyonlarca çalışanı ilgilendiriyor! Cezaevinden izinli çıktı, babasını bıçaklayarak öldürdü! Bursa'daki ticaret odalarında seçim maratonu! Bursa'da alkollü sürücüden pes dedirten savunma: ""Ben ş... Bursa'da gördüğü yöntemi kendi şehrinde uyguladı! Bursa'da zeytin sezonu öncesi önemli ihale! Bursa'da kontrolden çıkan tır tarlaya uçtu! Bursa'da Roma döneminden izler taşıyan mahalle! Bursa'nın usta sanatçısından kalan miras Gemlik'te yaşa... Bursa'daki döküm fabrikasında acı son!",browser_full_article,https://m.bursadabugun.com/haber/amp-bursa-da-tekstil-sirketi-icin-konkordato-sureci-uzatildi-yeni-durusma-tarihi-belli-oldu-1955039.html,Bursa,Gemlik,,,,Ertona Tekstil Anonim Şirketi,Ertona Tekstil Anonim Şirketi:130:body | Ertona Tekstil Anonim Şirketi:raw_legal,faaliyet/tesis yok,Ertona Tekstil Anonim Şirketi Gemlik Bursa Türkiye,ERTONA TEKSTİL,ERTONA TEKSTİL,firma adı + güvenli maps adayı var,63.63636363636363,,230.5,132
2026-10-07 12:24:00,konkordato,İflas / Konkordato / Mali Sorun,Bodrum’da 2 yıl önce açılan her şey dahil otelde konkordato süreci başladı,Bodrum’da 2 yıl önce açılan her şey dahil otelde konkordato süreci başladı Turizm Ajansı,https://news.google.com/rss/articles/CBMitwFBVV95cUxQZEFFWEZTWGl3endlWUtWcWpodS1Hb2h3dXhZbXVER3BLeEhWNU9rbTY3U0MyWE8tXzhwUUM5V0l4MjZabE5NSy1Qa05YVVNJYUFOTm9TdGlKeGRCTU1rZ3lXQTNvRm5WMlhtVHNWMmVnTzhVaFdBMDVqM1NaV0Rqb0xJUHdGT0M2OXN3SzhVTTBzRm9hMjZzMkNpRjMwLXJiUTlBdG1ya2h1NzNia0hWRGVoR1J4M2PSAbQBQVVfeXFMTXpfNm8tTlhjUzROX0dMdGZBZzExbVd4Z1I4aDg3WjhkencxU0RGRVhkMlp1Y216RDFPMXJyR1VTTlRNQ0xXTGw0VTFUd0lVMVdaMjY5SnZNOUctUVc0ZF9MMkJWNjlOYlNsLXFsc01zX1BLT3loNU8wb0tiVVFlUUlNaG1ERTR2cG9Kb1JJUUFBeWQ5SmNxaVUyZFJVaUY4aEtfMXlSYjF4ZWlKRUFPNXJrRUw2?oc=5,turizm,,Bodrum’da 2 yıl önce açılan her şey dahil otelde konkordato süreci başladı Turizm Ajansı,Bodrum’da 2 yıl önce açılan her şey dahil otelde konkordato süreci başladı Bodrum’da 2 yıl önce açılan her şey dahil otelde konkordato süreci başladı Turizm Ajansı Bodrum’da 2 yıl önce açılan her şey dahil otelde konkordato süreci başladı Turizm Ajansı,browser_failed,https://news.google.com/rss/articles/CBMitwFBVV95cUxQZEFFWEZTWGl3endlWUtWcWpodS1Hb2h3dXhZbXVER3BLeEhWNU9rbTY3U0MyWE8tXzhwUUM5V0l4MjZabE5NSy1Qa05YVVNJYUFOTm9TdGlKeGRCTU1rZ3lXQTNvRm5WMlhtVHNWMmVnTzhVaFdBMDVqM1NaV0Rqb0xJUHdGT0M2OXN3SzhVTTBzRm9hMjZzMkNpRjMwLXJiUTlBdG1ya2h1NzNia0hWRGVoR1J4M2PSAbQBQVVfeXFMTXpfNm8tTlhjUzROX0dMdGZBZzExbVd4Z1I4aDg3WjhkencxU0RGRVhkMlp1Y216RDFPMXJyR1VTTlRNQ0xXTGw0VTFUd0lVMVdaMjY5SnZNOUctUVc0ZF9MMkJWNjlOYlNsLXFsc01zX1BLT3loNU8wb0tiVVFlUUlNaG1ERTR2cG9Kb1JJUUFBeWQ5SmNxaVUyZFJVaUY4aEtfMXlSYjF4ZWlKRUFPNXJrRUw2?oc=5&hl=tr&gl=TR&ceid=TR:tr,Muğla,Bodrum,,,,,,firma yok | faaliyet/tesis yok,,,,maps araması yapılmadı,,,103.88,133
2026-10-05 14:19:56,konkordato,İflas / Konkordato / Mali Sorun,Akın Tekstil'den konkordato sürecine ilişkin açıklama,Akın Tekstil'den konkordato sürecine ilişkin açıklama urfadabugun,https://news.google.com/rss/articles/CBMinwFBVV95cUxNaWRLOU4zMGQ0aHhGaVdscUhtUFphM2NuNnlUOFY1MnluOFR1TmhwTExGRVNSS1V6eTFJVWxtT0NfMEI4YUdYUElSU0FBNlNxbXBrRlNVcjdFeEd1WjZST1NMVk9OVDA3MEdDQ2VLbC1mT0p0V09WSTVpd0Y5MXUtZ2lVTmV3cjlwb1RHQXpjdzFCbHFBX1pkb0tGTXZTVlU?oc=5,tekstil,,"Ana Sayfa EKONOMİ EKONOMİ Akın Tekstil'den konkordato sürecine ilişkin açıklama İstanbul, 5 Ekim 2026 (Hibya) - Akın Tekstil A.Ş, finansal yapısının güçlendirilmesi ve faaliyetlerinin sürdürülebilirliğinin sağlanmasına yönelik çalışmalar hakkında açıklama yaptı. ibrahim uygur Yayın: 05-10-2026 17:19 1 dk okuma 113 okunma Paylaş: A− A A+ Kamuyu Aydınlatma Platformuna (KAP) yapılan açıklamaya göre, şirket 18 Haziran 2026 tarihinde konkordato sürecinden feragat ederek söz konusu süreci başarıyla sonlandırdı. Şirketin bankalara karşı yükümlülük ve taahhütlerini yerine getirdiği, diğer alacaklılarına yönelik yükümlülüklerini ise oluşturulan plan ve program doğrultusunda düzenli şekilde yerine getirmeye devam ettiği bildirildi. Akın Tekstil'in mevcut sermaye ve güçlü öz varlık yapısı çerçevesinde ticari faaliyetlerini kesintisiz sürdürdüğü belirtilirken, finansal ve operasyonel yapının daha da güçlendirilmesine yönelik çalışmaların devam ettiği ifade edildi. Hibya Haber Ajansı Şanlıurfa Nöbetçi Eczane Listesi Bu haber WWW.URFADABUGUN.COM,Urfa’da bugün,Urfa'nın Kültürü,Şanlıurfa Turizmi,Tarihi Şanlıurfa,Urfa Kültür Sanat tarafından yayımlanmıştır. İzinsiz kopyalanamaz, alıntılarda kaynak gösterilmesi zorunludur. İbrahim Uyğur Kripto Para Hayali Kabusa mı Dönüştü? Küçük Yatırımcı Riski dün Nurcan HUYELMAS Çocuklar Okula, Anne Babalar Yeni Bir Sınava 14.09.2026 GÜLİZAR ORAK Kadın Olmak Çok Zor 04.09.2026 KAMİL BUCAK ARTIK TERÖR DEĞİL, KALKINMA ZAMANI! 03.09.2026 ibrahim uygur Yayın: 05-10-2026 17:19 1 dk okuma 113 okunma Kamuyu Aydınlatma Platformuna (KAP) yapılan açıklamaya göre, şirket 18 Haziran 2026 tarihinde konkordato sürecinden feragat ederek söz konusu süreci başarıyla sonlandırdı. Şirketin bankalara karşı yükümlülük ve taahhütlerini yerine getirdiği, diğer alacaklılarına yönelik yükümlülüklerini ise oluşturulan plan ve program doğrultusunda düzenli şekilde yerine getirmeye devam ettiği bildirildi. Akın Tekstil'in mevcut sermaye ve güçlü öz varlık yapısı çerçevesinde ticari faaliyetlerini kesintisiz sürdürdüğü belirtilirken, finansal ve operasyonel yapının daha da güçlendirilmesine yönelik çalışmaların devam ettiği ifade edildi. Hibya Haber Ajansı Şanlıurfa Nöbetçi Eczane Listesi Akın Tekstil'den konkordato sürecine ilişkin açıklama Günün Özeti E-Postanıza Gelsin İstanbul, 5 Ekim 2026 (Hibya) - Akın Tekstil A.Ş, finansal yapısının güçlendirilmesi ve faaliyetlerinin sürdürülebilirliğinin sağlanmasına yönelik çalışmalar hakkında açıklama yaptı. Kamuyu Aydınlatma Platformuna (KAP) yapılan açıklamaya göre, şirket 18 Haziran 2026 tarihinde konkordato sürecinden feragat ederek söz konusu süreci başarıyla sonlandırdı. Şirketin bankalara karşı yükümlülük ve taahhütlerini yerine getirdiği, diğer alacaklılarına yönelik yükümlülüklerini ise oluşturulan plan ve program doğrultusunda düzenli şekilde yerine getirmeye devam ettiği bildirildi. Akın Tekstil'in mevcut sermaye ve güçlü öz varlık yapısı çerçevesinde ticari faaliyetlerini kesintisiz sürdürdüğü belirtilirken, finansal ve operasyonel yapının daha da güçlendirilmesine yönelik çalışmaların devam ettiği ifade edildi. Bu haber WWW.URFADABUGUN.COM,Urfa’da bugün,Urfa'nın Kültürü,Şanlıurfa Turizmi,Tarihi Şanlıurfa,Urfa Kültür Sanat tarafından yayımlanmıştır. İzinsiz kopyalanamaz, alıntılarda kaynak gösterilmesi zorunludur. Bu içeriğe henüz yorum yapılmamış. İlk yorumu siz yazın. Öne çıkan h","Akın Tekstil'den konkordato sürecine ilişkin açıklama Akın Tekstil'den konkordato sürecine ilişkin açıklama urfadabugun Ana Sayfa EKONOMİ EKONOMİ Akın Tekstil'den konkordato sürecine ilişkin açıklama İstanbul, 5 Ekim 2026 (Hibya) - Akın Tekstil A.Ş, finansal yapısının güçlendirilmesi ve faaliyetlerinin sürdürülebilirliğinin sağlanmasına yönelik çalışmalar hakkında açıklama yaptı. ibrahim uygur Yayın: 05-10-2026 17:19 1 dk okuma 113 okunma Paylaş: A− A A+ Kamuyu Aydınlatma Platformuna (KAP) yapılan açıklamaya göre, şirket 18 Haziran 2026 tarihinde konkordato sürecinden feragat ederek söz konusu süreci başarıyla sonlandırdı. Şirketin bankalara karşı yükümlülük ve taahhütlerini yerine getirdiği, diğer alacaklılarına yönelik yükümlülüklerini ise oluşturulan plan ve program doğrultusunda düzenli şekilde yerine getirmeye devam ettiği bildirildi. Akın Tekstil'in mevcut sermaye ve güçlü öz varlık yapısı çerçevesinde ticari faaliyetlerini kesintisiz sürdürdüğü belirtilirken, finansal ve operasyonel yapının daha da güçlendirilmesine yönelik çalışmaların devam ettiği ifade edildi. Hibya Haber Ajansı Şanlıurfa Nöbetçi Eczane Listesi Bu haber WWW.URFADABUGUN.COM,Urfa’da bugün,Urfa'nın Kültürü,Şanlıurfa Turizmi,Tarihi Şanlıurfa,Urfa Kültür Sanat tarafından yayımlanmıştır. İzinsiz kopyalanamaz, alıntılarda kaynak gösterilmesi zorunludur. İbrahim Uyğur Kripto Para Hayali Kabusa mı Dönüştü? Küçük Yatırımcı Riski dün Nurcan HUYELMAS Çocuklar Okula, Anne Babalar Yeni Bir Sınava 14.09.2026 GÜLİZAR ORAK Kadın Olmak Çok Zor 04.09.2026 KAMİL BUCAK ARTIK TERÖR DEĞİL, KALKINMA ZAMANI! 03.09.2026 ibrahim uygur Yayın: 05-10-2026 17:19 1 dk okuma 113 okunma Kamuyu Aydınlatma Platformuna (KAP) yapılan açıklamaya göre, şirket 18 Haziran 2026 tarihinde konkordato sürecinden feragat ederek söz konusu süreci başarıyla sonlandırdı. Hibya Haber Ajansı Şanlıurfa Nöbetçi Eczane Listesi Akın Tekstil'den konkordato sürecine ilişkin açıklama Günün Özeti E-Postanıza Gelsin İstanbul, 5 Ekim 2026 (Hibya) - Akın Tekstil A.Ş, finansal yapısının güçlendirilmesi ve faaliyetlerinin sürdürülebilirliğinin sağlanmasına yönelik çalışmalar hakkında açıklama yaptı. Kamuyu Aydınlatma Platformuna (KAP) yapılan açıklamaya göre, şirket 18 Haziran 2026 tarihinde konkordato sürecinden feragat ederek söz konusu süreci başarıyla sonlandırdı.",browser_full_article_dom,https://news.google.com/rss/articles/CBMinwFBVV95cUxNaWRLOU4zMGQ0aHhGaVdscUhtUFphM2NuNnlUOFY1MnluOFR1TmhwTExGRVNSS1V6eTFJVWxtT0NfMEI4YUdYUElSU0FBNlNxbXBrRlNVcjdFeEd1WjZST1NMVk9OVDA3MEdDQ2VLbC1mT0p0V09WSTVpd0Y5MXUtZ2lVTmV3cjlwb1RHQXpjdzFCbHFBX1pkb0tGTXZTVlU?oc=5&hl=tr&gl=TR&ceid=TR:tr,,,,,,Akın Tekstil A.Ş,Akın Tekstil A.Ş:365:body+summary+title | Akın Tekstil A.Ş:raw_legal,il yok | ilçe yok | faaliyet/tesis yok,Akın Tekstil A.Ş Türkiye,AKIN TEKSTİL,AKIN TEKSTİL,firma adı + güvenli maps adayı var,82.75862068965517,,171.75,134
2026-10-05 05:37:52,konkordato,İflas / Konkordato / Mali Sorun,Bursa’da iki şirket için konkordato süreci! Alacaklılara 15 gün süre...,Bursa’da iki şirket için konkordato süreci! Alacaklılara 15 gün süre... Bursa Hakimiyet,https://news.google.com/rss/articles/CBMitgFBVV95cUxPNEgybmowRHlHcmt3TVM1S0MzdFFxUUdVM0pVVUwwdXlROVlkUXFIUk95aHh4NDl3Q05iSXIzTmJ5Mm5FMGFaS1FFMWltU3JGMXRyd0ZMY01zYm9tQWRkel8tMmxWcWJhd09QcHdBMkRWZnBEc1JyMUR5Z0xiZkp3TWZiVjJ5VUUzNzVjRG1kNFcxR0VaaFJPM18tMHlHd2c5MWM2azF0RGh2TTdvVm9kd3B5SjFEUQ?oc=5,şirket,şirket / firma,Bursa’da iki şirket için konkordato süreci! Alacaklılara 15 gün süre... Bursa Hakimiyet,Bursa’da iki şirket için konkordato süreci! Alacaklılara 15 gün süre... Bursa’da iki şirket için konkordato süreci! Alacaklılara 15 gün süre... Bursa Hakimiyet Bursa’da iki şirket için konkordato süreci! Alacaklılara 15 gün süre...,browser_failed,https://news.google.com/rss/articles/CBMitgFBVV95cUxPNEgybmowRHlHcmt3TVM1S0MzdFFxUUdVM0pVVUwwdXlROVlkUXFIUk95aHh4NDl3Q05iSXIzTmJ5Mm5FMGFaS1FFMWltU3JGMXRyd0ZMY01zYm9tQWRkel8tMmxWcWJhd09QcHdBMkRWZnBEc1JyMUR5Z0xiZkp3TWZiVjJ5VUUzNzVjRG1kNFcxR0VaaFJPM18tMHlHd2c5MWM2azF0RGh2TTdvVm9kd3B5SjFEUQ?oc=5&hl=tr&gl=TR&ceid=TR:tr,Bursa,,,,,,,ilçe yok | firma yok | faaliyet/tesis yok,,,,maps araması yapılmadı,,,84.12,135
2026-10-05 08:46:31,konkordato,İflas / Konkordato / Mali Sorun,Bursa'daki dev şirkete konkordato! Ünlü markalara üretim yapıyor...,Bursa'daki dev şirkete konkordato! Ünlü markalara üretim yapıyor... - Olay Gazetesi Bursa Olay Gazetesi Bursa,https://news.google.com/rss/articles/CBMimgFBVV95cUxQd1JNOE15dnp2ZVRVcTZiTGs3RHFaSVhHWUFZR3JZZmQwMFIzbm1OWkd2cjdLbVA4aG9tRGxTNWc5R1NRR1ZaWk1Za1RfUjZrMHNTam5DaDdyTWFQdUp1WUxBTGZDSVNTM0d1eUtIdWZjVFR1UW9oZ0JpVGpHT19LWWVKQmw5VHBnSV9yWGQxb2g3amNWMlBBT1dB0gGiAUFVX3lxTE04aDVTZnhkTXAxeVRGVFFyQTNqQkhGM0cwX1M2QWswRzRUYzhFamhOV2d0VG9OaGVvWVBFT3RQNDV2T0VjNW5xUk03aGdkVEdwWDZPd2pRbmJVdVpzeDE3ZG1KUVIxN1RTbVJQR2xreng5d2pFOEpPNlZFcnhfbU1EYl9TRHU2cExYdWcwUnJ0UjBod3VBSjJ5cHhMRHZzWEpKZw?oc=5,"üretim, şirket",üretim tesisi | şirket / firma,Bursa'daki dev şirkete konkordato! Ünlü markalara üretim yapıyor... - Olay Gazetesi Bursa Olay Gazetesi Bursa,Bursa'daki dev şirkete konkordato! Ünlü markalara üretim yapıyor... Bursa'daki dev şirkete konkordato! Ünlü markalara üretim yapıyor... - Olay Gazetesi Bursa Olay Gazetesi Bursa Bursa'daki dev şirkete konkordato! Ünlü markalara üretim yapıyor... - Olay Gazetesi Bursa Olay Gazetesi Bursa,browser_failed,https://news.google.com/rss/articles/CBMimgFBVV95cUxQd1JNOE15dnp2ZVRVcTZiTGs3RHFaSVhHWUFZR3JZZmQwMFIzbm1OWkd2cjdLbVA4aG9tRGxTNWc5R1NRR1ZaWk1Za1RfUjZrMHNTam5DaDdyTWFQdUp1WUxBTGZDSVNTM0d1eUtIdWZjVFR1UW9oZ0JpVGpHT19LWWVKQmw5VHBnSV9yWGQxb2g3amNWMlBBT1dB0gGiAUFVX3lxTE04aDVTZnhkTXAxeVRGVFFyQTNqQkhGM0cwX1M2QWswRzRUYzhFamhOV2d0VG9OaGVvWVBFT3RQNDV2T0VjNW5xUk03aGdkVEdwWDZPd2pRbmJVdVpzeDE3ZG1KUVIxN1RTbVJQR2xreng5d2pFOEpPNlZFcnhfbU1EYl9TRHU2cExYdWcwUnJ0UjBod3VBSjJ5cHhMRHZzWEpKZw?oc=5&hl=tr&gl=TR&ceid=TR:tr,,,,,,,,il yok | ilçe yok | firma yok | faaliyet/tesis yok,,,,maps araması yapılmadı,,,77.84,136
2026-10-07 09:29:00,konkordato,İflas / Konkordato / Mali Sorun,"Türk tekstil devi iflasın pençesinde! LCW, Zara ve DeFacto’ya da kumaş veriyordu","Türk tekstil devi iflasın pençesinde! LCW, Zara ve DeFacto’ya da kumaş veriyordu Nefes Gazetesi",https://news.google.com/rss/articles/CBMirgFBVV95cUxPS2VJX2x1alF6dHR2VE1MY05DTlhKbTI5LWh6Y2V5TGYtdFZURmlMcUVCYk8xdzFpR3c5RU1rdVFIVXNNbVFUU1pIQWkzR0NTMHFQRjlfQTVRWkVrTnRnTTJjM21zdlBKdS1HZ0N0OGNvV0NzY0p4b3djdGREWndtcGdJMDh0dGJCQU5idTZnMWtFeWZ4Z01Gdjdjb3kwMDJyUVBDN3pXc0F0ODZUeHc?oc=5,tekstil,,"Türkiye’nin tanınmış tekstil devi konkordato talebinde bulundu. Mahkeme şirket için 3 aylık geçici mühlet kararı verdi. 500’ün üzerinde kumaş çeşidi bulunan tekstil devinin kumaş verdiği firmalar arasında Zara, H&M, DeFacto, Mavi ve LCW de bulunuyor.","Türk tekstil devi iflasın pençesinde! LCW, Zara ve DeFacto’ya da kumaş veriyordu Türk tekstil devi iflasın pençesinde! LCW, Zara ve DeFacto’ya da kumaş veriyordu Nefes Gazetesi Türkiye’nin tanınmış tekstil devi konkordato talebinde bulundu. Mahkeme şirket için 3 aylık geçici mühlet kararı verdi. 500’ün üzerinde kumaş çeşidi bulunan tekstil devinin kumaş verdiği firmalar arasında Zara, H&M, DeFacto, Mavi ve LCW de bulunuyor.",browser_full_article,https://www.nefes.com.tr/turk-tekstil-devi-iflasin-pencesinde-lcw-zara-ve-defactoya-da-kumas-veriyordu-156214,,,,,,,,il yok | ilçe yok | firma yok | faaliyet/tesis yok,,,,maps araması yapılmadı,,,82.25,137
2026-10-09 10:30:06,konkordato,İflas / Konkordato / Mali Sorun,THY ve birçok büyük markanın tedarikçisi MY Peçete Ambalaj konkordato ilan etti,THY ve birçok büyük markanın tedarikçisi MY Peçete Ambalaj konkordato ilan etti Sanayi Gazetesi,https://news.google.com/rss/articles/CBMirwFBVV95cUxPWnBfVHZOSW8xcGJ0NjFhNDFaUmRDNUJma2JvTGs4MU5rRmpid3NpMC1tMnA0UjZyOXlOeTRnd3ktbC1rWGNrYmNGdzBTOGVZMGNpbzdlYTk4RWU3ZVIxaGRFamk4YWlfQ0ZhblpnYjZzVzVvaVlPSi0xaXhGQ05UMmcyWnA1SmREVVczTjdnN0VJbUl2ZHJHNVd3OTN6Y2JMQXFpWFJhVmcxYU1ocEdn?oc=5,sanayi,,THY ve birçok büyük markanın tedarikçisi MY Peçete Ambalaj konkordato ilan etti Sanayi Gazetesi,THY ve birçok büyük markanın tedarikçisi MY Peçete Ambalaj konkordato ilan etti THY ve birçok büyük markanın tedarikçisi MY Peçete Ambalaj konkordato ilan etti Sanayi Gazetesi THY ve birçok büyük markanın tedarikçisi MY Peçete Ambalaj konkordato ilan etti Sanayi Gazetesi,browser_failed,https://news.google.com/rss/articles/CBMirwFBVV95cUxPWnBfVHZOSW8xcGJ0NjFhNDFaUmRDNUJma2JvTGs4MU5rRmpid3NpMC1tMnA0UjZyOXlOeTRnd3ktbC1rWGNrYmNGdzBTOGVZMGNpbzdlYTk4RWU3ZVIxaGRFamk4YWlfQ0ZhblpnYjZzVzVvaVlPSi0xaXhGQ05UMmcyWnA1SmREVVczTjdnN0VJbUl2ZHJHNVd3OTN6Y2JMQXFpWFJhVmcxYU1ocEdn?oc=5&hl=tr&gl=TR&ceid=TR:tr,,,,,,MY Peçete Ambalaj,MY Peçete Ambalaj:284:body+summary+title,il yok | ilçe yok | faaliyet/tesis yok,MY Peçete Ambalaj Türkiye,MY PEÇETE AMBALAJ,MY PEÇETE AMBALAJ,firma adı + güvenli maps adayı var,100.0,,186.2,138
2026-10-09 08:07:09,konkordato,İflas / Konkordato / Mali Sorun,21 ülkeye ihracat yapan şirkette kriz! Konkordato sürecine girdi haberi,21 ülkeye ihracat yapan şirkette kriz! Konkordato sürecine girdi haberi Finans Gündem,https://news.google.com/rss/articles/CBMirgFBVV95cUxPZERtaVVyVjI2bzhNYWZPcWduVTR3a2tiU1BtRUJPaTJyRlZ2cGc3dHZaUTd0WFhxaDFKcXNackhEMmZwZDhPNlRfYV8zdDlMNHA1UHJTcWllcGVNTG9fWHVNSEVIcjJUS2V6VUVyWjNjRHI1d0Vqd0xoV0JzTElSd3R2aUJieVpaNlBmZFE1aHE4S0hOaERsUHo1alhuWDl5OHVNWE8zQTBGVDdtR1E?oc=5,şirket,şirket / firma,21 ülkeye ihracat yapan şirkette kriz! Konkordato sürecine girdi haberi Finans Gündem,21 ülkeye ihracat yapan şirkette kriz! Konkordato sürecine girdi haberi 21 ülkeye ihracat yapan şirkette kriz! Konkordato sürecine girdi haberi Finans Gündem 21 ülkeye ihracat yapan şirkette kriz! Konkordato sürecine girdi haberi Finans Gündem,browser_failed,https://news.google.com/rss/articles/CBMirgFBVV95cUxPZERtaVVyVjI2bzhNYWZPcWduVTR3a2tiU1BtRUJPaTJyRlZ2cGc3dHZaUTd0WFhxaDFKcXNackhEMmZwZDhPNlRfYV8zdDlMNHA1UHJTcWllcGVNTG9fWHVNSEVIcjJUS2V6VUVyWjNjRHI1d0Vqd0xoV0JzTElSd3R2aUJieVpaNlBmZFE1aHE4S0hOaERsUHo1alhuWDl5OHVNWE8zQTBGVDdtR1E?oc=5&hl=tr&gl=TR&ceid=TR:tr,,,,,,,,il yok | ilçe yok | firma yok | faaliyet/tesis yok,,,,maps araması yapılmadı,,,63.6,139
2026-10-06 20:21:00,konkordato,İflas / Konkordato / Mali Sorun,Ünlü Türk firma iflasın eşiğinde: 40'tan fazla ülkeye ihracat yapıyordu,Ünlü Türk firma iflasın eşiğinde: 40'tan fazla ülkeye ihracat yapıyordu Yeniçağ Gazetesi,https://news.google.com/rss/articles/CBMitAFBVV95cUxNaEs2Z3R1MVpsVWVHN3dfVklQb2dZZ0hwQUFHUHBaNHBtdlluVDlDR21wVGdfQmlzVEJMcnFHUWpaQ2xqcWpMV2lCSzNTV19nMHhPVG5LblpNMUJzblJaS0JDb1R3bHpfNHVOOXJEaE90U0JNNC04YmJSUklKb0FFNjVwN2kyMFRxQ2NhOTVLMmhISUN3T19pc0NjWWhwa0RUOG1TQlNwRnFNSVZZN3FHQmU2bVQ?oc=5,firma,şirket / firma,Türkiye'nin önemli üreticilerinden biri için kritik süreç başladı. Ürünlerini 40'tan fazla ülkeye gönderen ve 3 ay önce konkordato başvurusu yapan şirket hakkında mahkemeden yeni karar çıktı. Firmaya borçlarını yeniden yapılandırabilmesi için 1 yıllık kesin mühlet verildi.,Ünlü Türk firma iflasın eşiğinde: 40'tan fazla ülkeye ihracat yapıyordu Ünlü Türk firma iflasın eşiğinde: 40'tan fazla ülkeye ihracat yapıyordu Yeniçağ Gazetesi Türkiye'nin önemli üreticilerinden biri için kritik süreç başladı. Ürünlerini 40'tan fazla ülkeye gönderen ve 3 ay önce konkordato başvurusu yapan şirket hakkında mahkemeden yeni karar çıktı. Firmaya borçlarını yeniden yapılandırabilmesi için 1 yıllık kesin mühlet verildi.,browser_full_article,https://www.yenicaggazetesi.com/unlu-turk-firma-iflasin-esiginde-40tan-fazla-ulkeye-ihracat-yapiyordu-1079202h.htm,,,,,,,,il yok | ilçe yok | firma yok | faaliyet/tesis yok,,,,maps araması yapılmadı,,,76.23,140
2026-10-05 07:25:00,konkordato,İflas / Konkordato / Mali Sorun,Konya'da görkemli projelere imza atan müteahhit ve firması konkordato ilan etti!,Konya'da görkemli projelere imza atan müteahhit ve firması konkordato ilan etti! Merhaba Gazetesi,https://news.google.com/rss/articles/CBMivAFBVV95cUxQbjJVNHJSWFFNQ0lkaGZab1hYZnpyYkRIbVgzcEUyTkFDVGNYcVY1N1BiMElldzVrdzNacEtIMTF6MUR4YnN6Qy15M3NCdkJoSndtNEVHYVczdUVXajFiMndkWlNlbUlDMDNjM09SVzRrVkxEXzN3bkZ3TXNDTU51SmExSkhKbGFnZ3FTcEViQ0ljaWlaTGxEYThGYUplX3lMZ1JnTXpqb2FBZjBEWGx0ZnhBOGpvbzQ5bjNTZ9IBzAFBVV95cUxQd1g4a0V3b1V0eS11aTdUeFgycWNFSVZXblczSEpnRWh2SlVJcWNYM1YyTWxCb2labk1GT0NIcUVOQ2ZVSlgycTEwekk2UDEwOE95SWxtZkdYMmx6b0lzZmFZSmpZc1lnMUdicEJyVVplR0JLTENJbWtTcUVDRklzZ2VLTkRLaG51Y0pTTV9GQUl3eEZBRFBlalpib2tkUjlZMWVob1JrNFhTanpRN1FVWm5nWGZTU2ZuRUJaS3VWNGFUc2pqMHVKdWowUGY?oc=5,firma,şirket / firma,Konya'da görkemli projelere imza atan müteahhit ve firması konkordato ilan etti! Merhaba Gazetesi,Konya'da görkemli projelere imza atan müteahhit ve firması konkordato ilan etti! Konya'da görkemli projelere imza atan müteahhit ve firması konkordato ilan etti! Merhaba Gazetesi Konya'da görkemli projelere imza atan müteahhit ve firması konkordato ilan etti!,browser_failed,https://news.google.com/rss/articles/CBMivAFBVV95cUxQbjJVNHJSWFFNQ0lkaGZab1hYZnpyYkRIbVgzcEUyTkFDVGNYcVY1N1BiMElldzVrdzNacEtIMTF6MUR4YnN6Qy15M3NCdkJoSndtNEVHYVczdUVXajFiMndkWlNlbUlDMDNjM09SVzRrVkxEXzN3bkZ3TXNDTU51SmExSkhKbGFnZ3FTcEViQ0ljaWlaTGxEYThGYUplX3lMZ1JnTXpqb2FBZjBEWGx0ZnhBOGpvbzQ5bjNTZ9IBzAFBVV95cUxQd1g4a0V3b1V0eS11aTdUeFgycWNFSVZXblczSEpnRWh2SlVJcWNYM1YyTWxCb2labk1GT0NIcUVOQ2ZVSlgycTEwekk2UDEwOE95SWxtZkdYMmx6b0lzZmFZSmpZc1lnMUdicEJyVVplR0JLTENJbWtTcUVDRklzZ2VLTkRLaG51Y0pTTV9GQUl3eEZBRFBlalpib2tkUjlZMWVob1JrNFhTanpRN1FVWm5nWGZTU2ZuRUJaS3VWNGFUc2pqMHVKdWowUGY?oc=5&hl=tr&gl=TR&ceid=TR:tr,Konya,,,,,,,ilçe yok | firma yok | faaliyet/tesis yok,,,,maps araması yapılmadı,,,91.22,141
2026-10-05 15:19:53,tasfiye,İflas / Konkordato / Mali Sorun,Fon soruşturması: Tasfiye öncesi yabancı bankalara hisse transferi araştırılacak,Fon soruşturması: Tasfiye öncesi yabancı bankalara hisse transferi araştırılacak Diken,https://news.google.com/rss/articles/CBMiqAFBVV95cUxNZDlMYWZLZzFYY3F5a0RQandYc2JlcGVYb0N5YjdEWmplWUx5LTRwMTZVcnFiUWFGNFJ5MEZqb0UzYkZHWVlnbXlpam9zb2h4ajJmX0dHdlowTHVFUTFCWVp1LTZtQ3ppWHY2MkxwSW03YWw2VFdYWVN3aGJBTFQycDBOZGxPX0JhMkZpVE9LbDN1UzdWT0F4WVhRV0VMa1dTWWc2Zk9VNzk?oc=5,banka,finansal kuruluş,"05.10.2026 - İstanbul başsavcılığı, fon soruşturması kapsamında bazı şüphelilerin tasfiye süreçleri öncesinde ellerindeki hisse senetlerini farklı hesaplara aktardığının belirlenmesi üzerine yabancı banka ve aracı kurumları da kapsayan geriye dönük bir inceleme başlattı. 05.10.2026 - İstanbul başsavcılığı, fon soruşturması kapsamında bazı şüphelilerin tasfiye süreçleri öncesinde ellerindeki hisse senetlerini farklı hesaplara aktardığının belirlenmesi üzerine yabancı banka ve aracı kurumları da kapsayan geriye dönük bir inceleme başlattı. 05.10.2026 - İstanbul başsavcılığı, fon soruşturması kapsamında bazı şüphelilerin tasfiye süreçleri öncesinde ellerindeki hisse senetlerini farklı hesaplara aktardığının belirlenmesi üzerine yabancı banka ve aracı kurumları da kapsayan geriye dönük bir inceleme başlattı. Fon soruşturması: Tasfiye öncesi yabancı bankalara hisse transferi araştırılacak 05/10/2026 18:19 Okuma süresi: 1 dk. WhatsApp X Facebook Telegram Linkedin Copy URL Pinterest ReddIt Flip Email Yazdır İstanbul başsavcılığı, fon soruşturması kapsamında bazı şüphelilerin tasfiye süreçleri öncesinde ellerindeki hisse senetlerini farklı hesaplara aktardığının belirlenmesi üzerine yabancı banka ve aracı kurumları da kapsayan geriye dönük bir inceleme başlattı. Fotoğraf: AA Sermaya Piyasası Kurulu (SPK) 17 Eylül’de yedi portföy yönetim şirketine ait 131 yatırım fonu için tasfiye kararı aldı. Fonların bazıları temerrüde (borcu ödeyememe durumu) düştü. Alım-satıma kapatılan fonlar, TERA, PUSULA, HEDEF, ATLAS, A1, PARDUS ve BULLS PORTFÖY şirketlerine ait. İş Bankası ve Ziraat Bankası’nın yürüteceği tasfiye süreci altı ay sürecek. 26 Eylül’de eski aile bakanı ve AKP genel başkan yardımcısı Fatma Betül Sayan Kaya’nın bir fon üzerinden 21 kat, eşinin sekiz kat kar ettiği, çiftin ay başında toplam 2 milyar 170 milyon lira çektiği öne sürüldü. Kaya suçlamaları yanıtsız bırakıp görevlerinden istifa etmekle yetindi . 29 Eylül’de İstanbul başsavcılığı, Kaya ve eşi İlyas Kaya’nın mal varlıklarının dondurulmasına ilişkin ilgili tüm kurumlara müzekkere yazdı. İstanbul başsavcılığının yürüttüğü soruşturmada toplam 85 kişi tutuklu. ‘Hisseler tasfiye öncesi başka hesaplara aktarıldı’ Savcılığın açıklamasına göre soruşturmada şüphelilerin ellerindeki hisse senetlerini başka hesaplara ve yurt dışındaki banka veya aracı kurumlara aktardıkları yönündeki tespitler üzerine yeni bir inceleme başlatıldı. Pusula Holding Yönetim Kurulu Başkanı Serdar Turhan, Pusula Portföy Yönetim Kurulu Başkanı Muhammed Yarız ve Şaban Serkan İlaldı’nın tüm banka ve aracı kurum hesaplarındaki hisse hareketlerinin ayrıntılı olarak ortaya çıkarılması için ilgili kurumlara müzekkere yazıldı. Açıklamaya göre fonların tasfiye süreçleri öncesinde şüphelilerin hesaplarındaki bazı hisse senetlerini talimat ve virman yoluyla başka hesaplara aktardığı ve bu hesaplar arasında yabancı banka ve aracı kurumların da bulunduğu belirlendi. Savcılık, söz konusu hisse hareketlerinin tamamının geriye dönük incelenmesini istedi. Yabancı banka ve aracı kurumlara inceleme Müzekkerede ayrıca şüphelilerin ellerindeki hisse senetlerini yabancı banka veya aracı kurumlara virmanladıklarının belirlenmesi halinde ilgili yabancı kuruluşlara ilişkin bütün kayıtların başsavcılığa gönderilmesi talep edildi. 5 Ekim 2026 tarihli müzekkere, Türkiye Bankalar Birliği Başkanlığı ve Aracılık Faaliyetleri Dairesi Başkanlığına gönderildi. İlgili kurumlardan gelecek kayıtların ardından, hangi hisselerin hangi hesaplara aktarıldığı ve yurt dışına gerçekleştirilen virmanların boyutunun netleşmesi bekleniyor. Fon soruşturmasında 20 tutuklama daha Soru önergesi: Fatma Betül Sayan Kaya Cerrahpaşa Tıp’ı nasıl bitirdi? Mehmet Şimşek görevlendirdi: Eski SPK başkanı araştırılacak Eski SPK başkanı için soruşturma izni talep edildi WhatsApp X Facebook Telegram Linkedin Copy URL Pinterest ReddIt Flip Email Yazdır Ana Sayfa Aktüel Osman Kavala 3 bin 265 gündür hapiste İstanbul başsavcılığı, fon soruşturması kapsamında bazı şüphelilerin tasfiye süreçleri öncesinde ellerindeki hisse senetlerini farklı hesaplara aktardığının belirlenmesi üzerine yabancı banka ve aracı kurumları da kapsayan geriye dönük bir inceleme başlattı. Fotoğraf: AA Sermaya Piyasası Kurulu (SPK) 17 Eylül’de yedi portföy yönetim şirketine ait 131 yatırım fonu için tasfiye kararı aldı. Fonların bazıları temerrüde (borcu ödeyememe durumu) düştü. Alım-satıma kapatılan fonlar, TERA, PUSULA, HEDEF, ATLAS, A1, PARDUS ve BULLS PORTFÖY şirketlerine ait. İş Bankası ve Ziraat Bankası’nın yürüteceği tasfiye süreci altı ay sürecek. 26 Eylül’de eski aile bakanı ve AKP genel başkan yardımcısı Fatma Betül Sayan Kaya’nın bir fon üzerinden 21 kat, eşinin sekiz kat kar ettiği, çiftin ay başında toplam 2 milyar 170 milyon lira çektiği öne sürüldü. Kaya suçlamaları yanıtsız bırakıp görevlerinden istifa etmekle yetindi . 29 Eylül’de İstanbul başsavcılığı, Kaya ve eşi İlyas Kaya’nın mal varlıklarının dondurulmasına ilişkin ilgili tüm kurumlara müzekkere yazdı. İstanbul başsavcılığının yürüttüğü soruşturmada toplam 85 kişi tutuklu. ‘Hisseler tasfiye öncesi başka hesaplara aktarıldı’ Savcılığın açıklamasına göre soruşturmada şüphelilerin ellerindeki hisse senetlerini başka hesaplara ve yurt dışındaki banka veya aracı kurumlara aktardıkları yönündeki tespitler üzerine yeni bir inceleme başlatıldı. Pusula Holding Yönetim Kurulu Başkanı Serdar Turhan, Pusula Portföy Yönetim Kurulu Başkanı Muhammed Yarız ve Şaban Serkan İlaldı’nın tüm banka ve aracı kurum hesaplarındaki hisse hareketlerinin ayrıntılı olarak ortaya çıkarılması için ilgili kurumlara müzekkere yazıldı. Açıklamaya göre fonların tasfiye süreçleri öncesinde şüphelilerin hesaplarındaki bazı hisse senetlerini talimat ve virman yoluyla başka hesaplara aktardığı ve bu hesaplar arasında yabancı banka ve aracı kurumların da bulunduğu belirlendi. Savcılık, söz konusu hisse hareketlerinin tamamının geriye dönük incelenmesini istedi. Yabancı banka ve aracı kurumlara inceleme Müzekkerede ayrıca şüphelilerin ellerindeki hisse senetlerini yabancı banka veya aracı kurumlara virmanladıklarının belirlenmesi halinde ilgili yabancı kuruluşlara ilişkin bütün kayıtların başsavcılığa gönderilmesi talep edildi. 5 Ekim 2026 tarihli müzekkere, Türkiye Bankalar Birliği Başkanlığı ve Aracılık Faaliyetleri Dairesi Başkanlığına gönderildi. İlgili kurumlardan gelecek kayıtların ardından, hangi hisselerin hangi hesaplara aktarıldığı ve yurt dışına gerçekleştirilen virmanların boyutunun netleşmesi bekleniyor. Fon soruşturmasında 20 tutuklama daha Soru önergesi: Fatma Betül Sayan Kaya Cerrahpaşa Tıp’ı nasıl bitirdi? Mehmet Şimşek görevlendirdi: Eski SPK başkanı araştırılacak Eski SPK başkanı için soruşturma izni talep edildi WhatsApp X Facebook Telegram Linkedin Copy URL Pinterest ReddIt Flip Email Yazdır Ana Sayfa Aktüel Osman Kavala 3 bin 265 gündür hapiste İstanbul başsavcılığı, fon soruşturması kapsamında bazı şüphelilerin tasfiye süreçleri öncesinde ellerindeki hisse senetlerini farklı hesaplara aktardığının belirlenmesi üzerine yabancı banka ve aracı kurumları da kapsayan geriye dönük bir inceleme başlattı. Fotoğraf: AA Sermaya Piyasası Kurulu (SPK) 17 Eylül’de yedi portföy yönetim şirketine ait 131 yatırım fonu için tasfiye kararı aldı. Fonların bazıları temerrüde (borcu ödeyememe durumu) düştü. Alım-satıma kapatılan fonlar, TERA, PUSULA, HEDEF, ATLAS, A1, PARDUS ve BULLS PORTFÖY şirketlerine ait. İş Bankası ve Ziraat Bankası’nın yürüteceği tasfiye süreci altı ay sürecek. 26 Eylül’de eski aile bakanı ve AKP genel başkan yardımcısı Fatma Betül Sayan Kaya’nın bir fon üzerinden 21 kat, eşinin sekiz kat kar ettiği, çiftin ay başında toplam 2 milyar 170 milyon lira çektiği öne sürüldü. Kaya suçlamaları yanıtsız bırakıp görevlerinden istifa etmekle yetindi . 29 Eylül’de İstanbul başsavcılığı, Kaya ve eşi İlyas Kaya’nın mal varlıklarının dondurulmasına ilişkin ilgili tüm kurumlara müzekkere yazdı. İstanbul başsavcılığının yürüttüğü soruşturmada toplam 85 kişi tutuklu. ‘Hisseler tasfiye öncesi başka hesaplara aktarıldı’ Savcılığın açıklamasına göre soruşturmada şüphelilerin ellerindeki hisse senetlerini başka hesaplara ve yurt dışındaki banka veya aracı kurumlara aktardıkları yönündeki tespitler üzerine yeni bir inceleme başlatıldı. Pusula Holding Yönetim Kurulu Başkanı Serdar Turhan, Pusula Portföy Yönetim Kurulu Başkanı Muhammed Yarız ve Şaban Serkan İlaldı’nın tüm banka ve aracı kurum hesaplarındaki hisse hareketlerinin ayrıntılı olarak ortaya çıkarılması için ilgili kurumlara müzekkere yazıldı. Açıklamaya göre fonların tasfiye süreçleri öncesinde şüphelilerin hesaplarındaki bazı hisse senetlerini talimat ve virman yoluyla başka hesaplara aktardığı ve bu hesaplar arasında yabancı banka ve aracı kurumların da bulunduğu belirlendi. Savcılık, söz konusu hisse hareketlerinin tamamının geriye dönük incelenmesini istedi. Yabancı banka ve aracı kurumlara inceleme Müzekkerede ayrıca şüphelilerin ellerindeki hisse senetlerini yabancı banka veya aracı kurumlara virmanladıklarının belirlenmesi halinde ilgili yabancı kuruluşlara ilişkin bütün kayıtların başsavcılığa gönderilmesi talep edildi. 5 Ekim 2026 tarihli müzekkere, Türkiye Bankalar Birliği Başkanlığı ve Aracılık Faaliyetleri Dairesi Başkanlığına gönderildi. İlgili kurumlardan gelecek kayıtların ardından, hangi hisselerin hangi hesaplara aktarıldığı ve yurt dışına gerçekleştirilen virmanların boyutunun netleşmesi bekleniyor. Fon soruşturmasında 20 tutuklama daha Soru önergesi: Fatma Betül Sayan Kaya Cerrahpaşa Tıp’ı nasıl bitirdi? Mehmet Şimşek görevlendirdi: Eski SPK başkanı araştırılacak Eski SPK başkanı için soruşturma izni talep edildi Fon soruşturması: Tasfiye öncesi yabancı bankalara hisse transferi araştırılacak İstanbul başsavcılığı, fon soruşturması kapsamında bazı şüphelilerin tasfiye süreçleri öncesinde ellerindeki hisse senetlerini farklı hesaplara aktardığının belirlenmesi üzerine yabancı banka ve aracı kurumları da kapsayan geriye dönük bir inceleme başlattı. Sermaya Piyasası Kurulu (SPK) 17 Eylül’de yedi portföy yönetim şirketine ait 131 yatırım fonu için tasfiye kararı aldı. Fonların bazıları temerrüde (borcu ödeyememe durumu) düştü. Alım-satıma kapatılan fonlar, TERA, PUSULA, HEDEF, ATLAS, A1, PARDUS ve BULLS PORTFÖY şirketlerine ait. İş Bankası ve Ziraat Bankası’nın yürüteceği tasfiye süreci altı ay sürecek. 26 Eylül’de eski aile bakanı ve AKP genel başkan yardımcısı Fatma Betül Sayan Kaya’nın bir fon üzerinden 21 kat, eşinin sekiz kat kar ettiği, çiftin ay başında toplam 2 milyar 170 milyon lira çektiği öne sürüldü. Kaya suçlamaları yanıtsız bırakıp görevlerinden istifa etmekle yetindi . 29 Eylül’de İstanbul başsavcılığı, Kaya ve eşi İlyas Kaya’nın mal varlıklarının dondurulmasına ilişkin ilgili tüm kurumlara müzekkere yazdı. İstanbul başsavcılığının yürüttüğü soruşturmada toplam 85 kişi tutuklu. Savcılığın açıklamasına göre soruşturmada şüphelilerin ellerindeki hisse senetlerini başka hesaplara ve yurt dışındaki banka veya aracı kurumlara aktardıkları yönündeki tespitler üzerine yeni bir inceleme başlatıldı. Pusula Holding Yönetim Kurulu Başkanı Serdar Turhan, Pusula Portföy Yönetim Kurulu Başkanı Muhammed Yarız ve Şaban Serkan İlaldı’nın tüm banka ve aracı kurum hesaplarındaki hisse hareketlerinin ayrıntılı olarak ortaya çıkarılması için ilgili kurumlara müzekkere yazıldı. Açıklamaya göre fonların tasfiye süreçleri öncesinde şüphelilerin hesaplarındaki bazı hisse senetlerini talimat ve virman yoluyla başka hesaplara aktardığı ve bu hesaplar arasında yabancı banka ve aracı kurumların da bulunduğu belirlendi. Savcılık, söz konusu hisse hareketlerinin tamamının geriye dönük incelenmesini istedi. Müzekkerede ayrıca şüphelilerin ellerindeki hisse senetlerini yabancı banka veya aracı kurumlara virmanladıklarının belirlenmesi halinde ilgili yabancı kuruluşlara ilişkin bütün kayıtların başsavcılığa gönderilmesi talep edildi. 5 Ekim 2026 tarihli müzekkere, Türkiye Bankalar Birliği Başkanlığı ve Aracılık Faaliyetleri Dairesi Başkanlığına gönderildi. İlgili kurumlardan gelecek kayıtların ardından, hangi hisselerin hangi hesaplara aktarıldığı ve yurt dışına gerçekleştirilen virmanların boyutunun netleşmesi bekleniyor. © Keskin Kalem Yayıncılık","Fon soruşturması: Tasfiye öncesi yabancı bankalara hisse transferi araştırılacak Fon soruşturması: Tasfiye öncesi yabancı bankalara hisse transferi araştırılacak Diken 05.10.2026 - İstanbul başsavcılığı, fon soruşturması kapsamında bazı şüphelilerin tasfiye süreçleri öncesinde ellerindeki hisse senetlerini farklı hesaplara aktardığının belirlenmesi üzerine yabancı banka ve aracı kurumları da kapsayan geriye dönük bir inceleme başlattı. Fon soruşturması: Tasfiye öncesi yabancı bankalara hisse transferi araştırılacak 05/10/2026 18:19 Okuma süresi: 1 dk. WhatsApp X Facebook Telegram Linkedin Copy URL Pinterest ReddIt Flip Email Yazdır İstanbul başsavcılığı, fon soruşturması kapsamında bazı şüphelilerin tasfiye süreçleri öncesinde ellerindeki hisse senetlerini farklı hesaplara aktardığının belirlenmesi üzerine yabancı banka ve aracı kurumları da kapsayan geriye dönük bir inceleme başlattı. Fotoğraf: AA Sermaya Piyasası Kurulu (SPK) 17 Eylül’de yedi portföy yönetim şirketine ait 131 yatırım fonu için tasfiye kararı aldı. Fonların bazıları temerrüde (borcu ödeyememe durumu) düştü. Alım-satıma kapatılan fonlar, TERA, PUSULA, HEDEF, ATLAS, A1, PARDUS ve BULLS PORTFÖY şirketlerine ait. İş Bankası ve Ziraat Bankası’nın yürüteceği tasfiye süreci altı ay sürecek. 26 Eylül’de eski aile bakanı ve AKP genel başkan yardımcısı Fatma Betül Sayan Kaya’nın bir fon üzerinden 21 kat, eşinin sekiz kat kar ettiği, çiftin ay başında toplam 2 milyar 170 milyon lira çektiği öne sürüldü. Kaya suçlamaları yanıtsız bırakıp görevlerinden istifa etmekle yetindi . 29 Eylül’de İstanbul başsavcılığı, Kaya ve eşi İlyas Kaya’nın mal varlıklarının dondurulmasına ilişkin ilgili tüm kurumlara müzekkere yazdı. İstanbul başsavcılığının yürüttüğü soruşturmada toplam 85 kişi tutuklu. ‘Hisseler tasfiye öncesi başka hesaplara aktarıldı’ Savcılığın açıklamasına göre soruşturmada şüphelilerin ellerindeki hisse senetlerini başka hesaplara ve yurt dışındaki banka veya aracı kurumlara aktardıkları yönündeki tespitler üzerine yeni bir inceleme başlatıldı. Pusula Holding Yönetim Kurulu Başkanı Serdar Turhan, Pusula Portföy Yönetim Kurulu Başkanı Muhammed Yarız ve Şaban Serkan İlaldı’nın tüm banka ve aracı kurum hesaplarındaki hisse hareketlerinin ayrıntılı olarak ortaya çıkarılması için ilgili kurumlara müzekkere yazıldı. Açıklamaya göre fonların tasfiye süreçleri öncesinde şüphelilerin hesaplarındaki bazı hisse senetlerini talimat ve virman yoluyla başka hesaplara aktardığı ve bu hesaplar arasında yabancı banka ve aracı kurumların da bulunduğu belirlendi. Savcılık, söz konusu hisse hareketlerinin tamamının geriye dönük incelenmesini istedi. Yabancı banka ve aracı kurumlara inceleme Müzekkerede ayrıca şüphelilerin ellerindeki hisse senetlerini yabancı banka veya aracı kurumlara virmanladıklarının belirlenmesi halinde ilgili yabancı kuruluşlara ilişkin bütün kayıtların başsavcılığa gönderilmesi talep edildi. Fon soruşturmasında 20 tutuklama daha Soru önergesi: Fatma Betül Sayan Kaya Cerrahpaşa Tıp’ı nasıl bitirdi? Mehmet Şimşek görevlendirdi: Eski SPK başkanı araştırılacak Eski SPK başkanı için soruşturma izni talep edildi WhatsApp X Facebook Telegram Linkedin Copy URL Pinterest ReddIt Flip Email Yazdır Ana Sayfa Aktüel Osman Kavala 3 bin 265 gündür hapiste İstanbul başsavcılığı, fon soruşturması kapsamında bazı şüphelilerin tasfiye süreçleri öncesinde ellerindeki hisse senetlerini farklı hesaplara aktardığının belirlenmesi üzerine yabancı banka ve aracı kurumları da kapsayan geriye dönük bir inceleme başlattı. Mehmet Şimşek görevlendirdi: Eski SPK başkanı araştırılacak Eski SPK başkanı için soruşturma izni talep edildi Fon soruşturması: Tasfiye öncesi yabancı bankalara hisse transferi araştırılacak İstanbul başsavcılığı, fon soruşturması kapsamında bazı şüphelilerin tasfiye süreçleri öncesinde ellerindeki hisse senetlerini farklı hesaplara aktardığının belirlenmesi üzerine yabancı banka ve aracı kurumları da kapsayan geriye dönük bir inceleme başlattı. Sermaya Piyasası Kurulu (SPK) 17 Eylül’de yedi portföy yönetim şirketine ait 131 yatırım fonu için tasfiye kararı aldı. Savcılığın açıklamasına göre soruşturmada şüphelilerin ellerindeki hisse senetlerini başka hesaplara ve yurt dışındaki banka veya aracı kurumlara aktardıkları yönündeki tespitler üzerine yeni bir inceleme başlatıldı. Müzekkerede ayrıca şüphelilerin ellerindeki hisse senetlerini yabancı banka veya aracı kurumlara virmanladıklarının belirlenmesi halinde ilgili yabancı kuruluşlara ilişkin bütün kayıtların başsavcılığa gönderilmesi talep edildi.",browser_full_article,https://www.diken.com.tr/fon-sorusturmasi-tasfiye-oncesi-yabanci-bankalara-hisse-transferi-arastirilacak/,,,,,,,,il yok | ilçe yok | firma yok | faaliyet/tesis yok,,,,maps araması yapılmadı,,,82.5,142
2026-10-08 13:57:55,tasfiye,İflas / Konkordato / Mali Sorun,Ziraat Bankası'nın yürüttüğü tasfiye sürecinde 17 fonda ödemeler başladı,Ziraat Bankası'nın yürüttüğü tasfiye sürecinde 17 fonda ödemeler başladı Foreks.com,https://news.google.com/rss/articles/CBMi6AFBVV95cUxNQkpobjBDajFURlZXOW9qQTFsYXZoOW9iZG1rY0xfLVlVa0hYN051RUxaQW9sVHZsSFBPbkV5MzBTRkxSNFdmck4xV0hTeXA4UE1xOHVaNEhQOThfVk1MZFNHNEROQzFvQ2Z3T2FhRE8tQWVYWTJTUUJwbk4yVEVMMEJUSjZlelJTZVFVTHRTWXhkWnliQkJ4a2Y0UEpxNF9nTm9mWERZOEllQWU4M2R3ZmRoNm93VnUyeGYyeXdDS1RnZi1YR0QxeDR3YXk0TzN0Q0JiOGhYTGtIMkgzcEl6anFYWERHVVcz?oc=5,banka,finansal kuruluş,"Cumhurbaşkanlığı İletişim Başkanlığı, Ziraat Bankası tarafından yürütülen fon tasfiye süreci kapsamında 17 yatırım fonuna ait ödemelerin başladığını duyurdu. Cumhurbaşkanlığı İletişim Başkanlığı, Ziraat Bankası tarafından yürütülen fon tasfiye süreci kapsamında 17 yatırım fonuna ait ödemelerin başladığını duyurdu. Cumhurbaşkanlığı İletişim Başkanlığı, Ziraat Bankası tarafından yürütülen fon tasfiye süreci kapsamında 17 yatırım fonuna ait ödemelerin başladığını duyurdu. ANA SAYFA HABERLER Dünya Haberleri Ziraat Bankası'nın yürüttüğü tasfiye sürecinde 17 fonda ödemeler başladı 08.10.26 16:57 Yazar: ForInvest Haber Finans Haber Servisi KolayAnla Bu haberi yapay zeka ile KolayAnla KolayAnla Cumhurbaşkanlığı İletişim Başkanlığı, Ziraat Bankası tarafından yürütülen fon tasfiye süreci kapsamında 17 yatırım fonuna ait ödemelerin başladığını duyurdu. Sermaye Piyasası Kurulu'nun 17 Eylül 2026 tarihli kararlarıyla başlatılan tasfiye sürecinde Ziraat Bankası'nın görevlendirildiği belirtildi. Tasfiyede son aşamaya gelen 17 fon açıklandı Tasfiye sürecinde son aşamaya gelen fonlar arasında A1 Capital Portföy'e ait PIA, PAB, AJ1 ve CAH; Bulls Portföy'e ait BPZ, BMU ve BOS; Pardus Portföy'e ait AC4, AC5, BRT, BST, IAU, KHA, PAO, PMP, POS ve PYR bulunuyor. Listede para piyasası fonlarının yanı sıra hisse senedi yoğun fonlar ve istatistiksel arbitraj fonları da yer aldı. Ödemeler başladı İletişim Başkanlığı, söz konusu 17 yatırım fonuna ilişkin ödeme sürecinin başladığını bildirirken, çalışmaların ilgili kurumlarla koordinasyon içinde yürütüldüğünü belirtti. Burada yer alan yatırım bilgi, yorum ve tavsiyeler yatırım danışmanlığı kapsamında değildir. Yatırım danışmanlığı hizmeti, aracı kurumlar, portföy yönetim şirketleri, mevduat kabul etmeyen bankalar ile müşteri arasında imzalanacak yatırım danışmanlığı sözleşmesi çerçevesinde sunulmaktadır. Burada yer alan yorum ve tavsiyeler, yorum ve tavsiyede bulunanların kişisel görüşlerine dayanmaktadır. Bu görüşler mali durumunuz ile risk getiri tercihlerinize uygun olmayabilir. Bu nedenle, sadece burada yer alan bilgilere dayanılarak yatırım kararı verilmesi beklentilerinize uygun sonuçlar doğurmayabilir. Bunlar da İlginizi Çekebilir Tüm Haberler 09.10.26 11:20 ABD'de şirket karları yüzde 31, Avrupa'da yüzde 21 artacak ABD ve Avrupa'da üçüncü çeyrek bilanço sezonu öncesinde şirket karlarına yönelik güçlü büyüme beklentileri öne çıktı. S&amp;P 500 şirketlerinin toplam karlarının yıllık yüzde 31, Stoxx Europe 600 şirk... 09.10.26 11:14 Çin'de elektrikli araç satışları yüzde 12 arttı, Tesla 95 bin aracı aştı Çin'de yeni enerjili binek araçların üreticilerden bayilere ve diğer satış kanallarına yapılan toptan satışlarının eylül ayında yıllık yüzde 12 artarak 1,67 milyon adede ulaştığı tahmin edildi. Çin Bi... 09.10.26 11:12 ESMA'dan tokenlaştırılmış teminatlar için düzenleme hazırlığı Avrupa Menkul Kıymetler ve Piyasalar Otoritesi (ESMA), merkezi takas işlemlerinde tokenlaştırılmış varlıkların teminat olarak kullanılmasına ilişkin sektörün görüşlerini toplamaya başladı. Kurum, bu v... 09.10.26 11:07 Beyaz Saray'dan Microsoft ve üç teknoloji şirketinin göçmenlik sponsorluğu yapmalarına kısıtlama ABD yönetimi, Amerikan çalışanların işten çıkarılmasına rağmen yabancı işçi alımlarının sürdürüldüğü iddiaları üzerine Microsoft'un bazı çalışanlar için göçmenlik sponsorluğu yapmasına kısıtlama getir... Piyasa takip. Hisse analiz. Güvenli yatırım. Hepsi tek uygulamada! Hemen İndir ANA SAYFA HABERLER Dünya Haberleri Ziraat Bankası'nın yürüttüğü tasfiye sürecinde 17 fonda ödemeler başladı 08.10.26 16:57 Yazar: ForInvest Haber Finans Haber Servisi KolayAnla Bu haberi yapay zeka ile KolayAnla KolayAnla Cumhurbaşkanlığı İletişim Başkanlığı, Ziraat Bankası tarafından yürütülen fon tasfiye süreci kapsamında 17 yatırım fonuna ait ödemelerin başladığını duyurdu. Sermaye Piyasası Kurulu'nun 17 Eylül 2026 tarihli kararlarıyla başlatılan tasfiye sürecinde Ziraat Bankası'nın görevlendirildiği belirtildi. Tasfiyede son aşamaya gelen 17 fon açıklandı Tasfiye sürecinde son aşamaya gelen fonlar arasında A1 Capital Portföy'e ait PIA, PAB, AJ1 ve CAH; Bulls Portföy'e ait BPZ, BMU ve BOS; Pardus Portföy'e ait AC4, AC5, BRT, BST, IAU, KHA, PAO, PMP, POS ve PYR bulunuyor. Listede para piyasası fonlarının yanı sıra hisse senedi yoğun fonlar ve istatistiksel arbitraj fonları da yer aldı. Ödemeler başladı İletişim Başkanlığı, söz konusu 17 yatırım fonuna ilişkin ödeme sürecinin başladığını bildirirken, çalışmaların ilgili kurumlarla koordinasyon içinde yürütüldüğünü belirtti. Burada yer alan yatırım bilgi, yorum ve tavsiyeler yatırım danışmanlığı kapsamında değildir. Yatırım danışmanlığı hizmeti, aracı kurumlar, portföy yönetim şirketleri, mevduat kabul etmeyen bankalar ile müşteri arasında imzalanacak yatırım danışmanlığı sözleşmesi çerçevesinde sunulmaktadır. Burada yer alan yorum ve tavsiyeler, yorum ve tavsiyede bulunanların kişisel görüşlerine dayanmaktadır. Bu görüşler mali durumunuz ile risk getiri tercihlerinize uygun olmayabilir. Bu nedenle, sadece burada yer alan bilgilere dayanılarak yatırım kararı verilmesi beklentilerinize uygun sonuçlar doğurmayabilir. Piyasa takip. Hisse analiz. Güvenli yatırım. Hepsi tek uygulamada! Hemen İndir Ziraat Bankası'nın yürüttüğü tasfiye sürecinde 17 fonda ödemeler başladı Bunlar da İlginizi Çekebilir Cumhurbaşkanlığı İletişim Başkanlığı, Ziraat Bankası tarafından yürütülen fon tasfiye süreci kapsamında 17 yatırım fonuna ait ödemelerin başladığını duyurdu. Sermaye Piyasası Kurulu'nun 17 Eylül 2026 tarihli kararlarıyla başlatılan tasfiye sürecinde Ziraat Bankası'nın görevlendirildiği belirtildi. Tasfiyede son aşamaya gelen 17 fon açıklandı Tasfiye sürecinde son aşamaya gelen fonlar arasında A1 Capital Portföy'e ait PIA, PAB, AJ1 ve CAH; Bulls Portföy'e ait BPZ, BMU ve BOS; Pardus Portföy'e ait AC4, AC5, BRT, BST, IAU, KHA, PAO, PMP, POS ve PYR bulunuyor. Listede para piyasası fonlarının yanı sıra hisse senedi yoğun fonlar ve istatistiksel arbitraj fonları da yer aldı. İletişim Başkanlığı, söz konusu 17 yatırım fonuna ilişkin ödeme sürecinin başladığını bildirirken, çalışmaların ilgili kurumlarla koordinasyon içinde yürütüldüğünü belirtti. Burada yer alan yatırım bilgi, yorum ve tavsiyeler yatırım danışmanlığı kapsamında değildir. Yatırım danışmanlığı hizmeti, aracı kurumlar, portföy yönetim şirketleri, mevduat kabul etmeyen bankalar ile müşteri arasında imzalanacak yatırım danışmanlığı sözleşmesi çerçevesinde sunulmaktadır. Burada yer alan yorum ve tavsiyeler, yorum ve tavsiyede bulunanların kişisel görüşlerine dayanmaktadır. Bu görüşler mali durumunuz ile risk getiri tercihlerinize uygun olmayabilir. Bu nedenle, sadece burada yer alan bilgilere dayanılarak yatırım kararı verilmesi beklentilerinize uygun sonuçlar doğurmayabilir. Piyasa takip. Hisse analiz. Güvenli yatırım. Hepsi tek uygulamada!","Ziraat Bankası'nın yürüttüğü tasfiye sürecinde 17 fonda ödemeler başladı Ziraat Bankası'nın yürüttüğü tasfiye sürecinde 17 fonda ödemeler başladı Foreks.com Cumhurbaşkanlığı İletişim Başkanlığı, Ziraat Bankası tarafından yürütülen fon tasfiye süreci kapsamında 17 yatırım fonuna ait ödemelerin başladığını duyurdu. ANA SAYFA HABERLER Dünya Haberleri Ziraat Bankası'nın yürüttüğü tasfiye sürecinde 17 fonda ödemeler başladı 08.10.26 16:57 Yazar: ForInvest Haber Finans Haber Servisi KolayAnla Bu haberi yapay zeka ile KolayAnla KolayAnla Cumhurbaşkanlığı İletişim Başkanlığı, Ziraat Bankası tarafından yürütülen fon tasfiye süreci kapsamında 17 yatırım fonuna ait ödemelerin başladığını duyurdu. Sermaye Piyasası Kurulu'nun 17 Eylül 2026 tarihli kararlarıyla başlatılan tasfiye sürecinde Ziraat Bankası'nın görevlendirildiği belirtildi. Tasfiyede son aşamaya gelen 17 fon açıklandı Tasfiye sürecinde son aşamaya gelen fonlar arasında A1 Capital Portföy'e ait PIA, PAB, AJ1 ve CAH; Bulls Portföy'e ait BPZ, BMU ve BOS; Pardus Portföy'e ait AC4, AC5, BRT, BST, IAU, KHA, PAO, PMP, POS ve PYR bulunuyor. Listede para piyasası fonlarının yanı sıra hisse senedi yoğun fonlar ve istatistiksel arbitraj fonları da yer aldı. Ödemeler başladı İletişim Başkanlığı, söz konusu 17 yatırım fonuna ilişkin ödeme sürecinin başladığını bildirirken, çalışmaların ilgili kurumlarla koordinasyon içinde yürütüldüğünü belirtti. Burada yer alan yatırım bilgi, yorum ve tavsiyeler yatırım danışmanlığı kapsamında değildir. Yatırım danışmanlığı hizmeti, aracı kurumlar, portföy yönetim şirketleri, mevduat kabul etmeyen bankalar ile müşteri arasında imzalanacak yatırım danışmanlığı sözleşmesi çerçevesinde sunulmaktadır. Burada yer alan yorum ve tavsiyeler, yorum ve tavsiyede bulunanların kişisel görüşlerine dayanmaktadır. Bu görüşler mali durumunuz ile risk getiri tercihlerinize uygun olmayabilir. Bunlar da İlginizi Çekebilir Tüm Haberler 09.10.26 11:20 ABD'de şirket karları yüzde 31, Avrupa'da yüzde 21 artacak ABD ve Avrupa'da üçüncü çeyrek bilanço sezonu öncesinde şirket karlarına yönelik güçlü büyüme beklentileri öne çıktı. S&amp;P 500 şirketlerinin toplam karlarının yıllık yüzde 31, Stoxx Europe 600 şirk... 09.10.26 11:14 Çin'de elektrikli araç satışları yüzde 12 arttı, Tesla 95 bin aracı aştı Çin'de yeni enerjili binek araçların üreticilerden bayilere ve diğer satış kanallarına yapılan toptan satışlarının eylül ayında yıllık yüzde 12 artarak 1,67 milyon adede ulaştığı tahmin edildi. 09.10.26 11:12 ESMA'dan tokenlaştırılmış teminatlar için düzenleme hazırlığı Avrupa Menkul Kıymetler ve Piyasalar Otoritesi (ESMA), merkezi takas işlemlerinde tokenlaştırılmış varlıkların teminat olarak kullanılmasına ilişkin sektörün görüşlerini toplamaya başladı. 09.10.26 11:07 Beyaz Saray'dan Microsoft ve üç teknoloji şirketinin göçmenlik sponsorluğu yapmalarına kısıtlama ABD yönetimi, Amerikan çalışanların işten çıkarılmasına rağmen yabancı işçi alımlarının sürdürüldüğü iddiaları üzerine Microsoft'un bazı çalışanlar için göçmenlik sponsorluğu yapmasına kısıtlama getir... Hemen İndir ANA SAYFA HABERLER Dünya Haberleri Ziraat Bankası'nın yürüttüğü tasfiye sürecinde 17 fonda ödemeler başladı 08.10.26 16:57 Yazar: ForInvest Haber Finans Haber Servisi KolayAnla Bu haberi yapay zeka ile KolayAnla KolayAnla Cumhurbaşkanlığı İletişim Başkanlığı, Ziraat Bankası tarafından yürütülen fon tasfiye süreci kapsamında 17 yatırım fonuna ait ödemelerin başladığını duyurdu. Hemen İndir Ziraat Bankası'nın yürüttüğü tasfiye sürecinde 17 fonda ödemeler başladı Bunlar da İlginizi Çekebilir Cumhurbaşkanlığı İletişim Başkanlığı, Ziraat Bankası tarafından yürütülen fon tasfiye süreci kapsamında 17 yatırım fonuna ait ödemelerin başladığını duyurdu. İletişim Başkanlığı, söz konusu 17 yatırım fonuna ilişkin ödeme sürecinin başladığını bildirirken, çalışmaların ilgili kurumlarla koordinasyon içinde yürütüldüğünü belirtti.",browser_full_article,https://www.foreks.com/haber/detay/6ac7a16395016b5817e68049/PICNEWS/tr/ziraat-bankasi-nin-yuruttugu-tasfiye-surecinde-17-fonda-odemeler-basladi-08-10-26/,Tekirdağ | Van,Saray,,,,,,firma yok | faaliyet/tesis yok,,,,maps araması yapılmadı,,,105.75,143
2026-10-02 15:54:00,tasfiye,İflas / Konkordato / Mali Sorun,Bulls Portföy: Tasfiye kapsamındaki fonlar Ziraat Bankası’na devredildi,Bulls Portföy: Tasfiye kapsamındaki fonlar Ziraat Bankası’na devredildi Dünya Gazetesi,https://news.google.com/rss/articles/CBMitgFBVV95cUxPaE4tRUlWTUF0bElEcWdsa3V5YlY2R0JlUUlIYlFWX0laOVJEc1FwNFgyX0FOWGFMaDJDRWJobFNLOGJsU1drdFFTVVdINVU0WGR6YXYwVEh6OHBjRUpFbW1WX1d3Zl9OekdPYmE3T1dHS0hpMGt3MkdNVTk3X1J3TDZ5a041cVo2RVQtdGdxaDZoVmQ1WE1LYXMyQS1ZR2hWdTJEMUNDX20wbjNFSHJPQVUwRlpGQQ?oc=5,banka,finansal kuruluş,"Bulls Portföy, tasfiye kapsamındaki fonların Ziraat Bankası’na devredildiğini duyurdu. Şirket açıklamasında, SPK'nın 17 Eylül 2026 tarihli kararlarıyla TEFAS ve diğer dağıtım kanallarında alım satıma kapatılan fonların, açılış tarihi ile katılma paylarının alım satım esaslarının; fon portföylerinin yapısı, likidite durumu, piyasa koşulları ve yatırımcı menfaatleri dikkate alınarak Bulls Portföy tarafından belirleneceğini duyurdu. Bulls Portföy, tasfiye kapsamındaki fonların Ziraat Bankası’na devredildiğini duyurdu. Şirket açıklamasında, SPK'nın 17 Eylül 2026 tarihli kararlarıyla TEFAS ve diğer dağıtım kanallarında alım satıma kapatılan fonların, açılış tarihi ile katılma paylarının alım satım esaslarının; fon portföylerinin yapısı, likidite durumu, piyasa koşulları ve yatırımcı menfaatleri dikkate alınarak Bulls Portföy tarafından belirleneceğini duyurdu. Bulls Portföy, tasfiye kapsamındaki fonların Ziraat Bankası’na devredildiğini duyurdu. Şirket açıklamasında, SPK'nın 17 Eylül 2026 tarihli kararlarıyla TEFAS ve diğer dağıtım kanallarında alım satıma kapatılan fonların, açılış tarihi ile katılma paylarının alım satım esaslarının; fon portföylerinin yapısı, likidite durumu, piyasa koşulları ve yatırımcı menfaatleri dikkate alınarak Bulls Portföy tarafından belirleneceğini duyurdu. Bulls Portföy: Tasfiye kapsamındaki fonlar Ziraat Bankası’na devredildi Bulls Portföy, tasfiye kapsamındaki fonların Ziraat Bankası’na devredildiğini duyurdu. Şirket açıklamasında, SPK'nın 17 Eylül 2026 tarihli kararlarıyla TEFAS ve diğer dağıtım kanallarında alım satıma kapatılan fonların, açılış tarihi ile katılma paylarının alım satım esaslarının; fon portföylerinin yapısı, likidite durumu, piyasa koşulları ve yatırımcı menfaatleri dikkate alınarak Bulls Portföy tarafından belirleneceğini duyurdu. 02 Ekim 2026 18:54 02 Ekim 2026 19:05 Whatsapp Telegram Linkedin Email Dünya'yı haber kaynağınız olarak eklemek için tıklayın! Bulls Portföy, yatırımcılar ve kamuoyuna yönelik duyuruyla fonların tasfiye süreci ve işleme kapalı fonların yeniden açılmasına ilişkin bilgi verdi. Şirket, Sermaye Piyasası Kurulu’nun (SPK) 30 Eylül 2026 tarihli ve 64/1770 sayılı kararı kapsamında, tasfiyeye tabi fonların portföylerindeki varlıkların Ziraat Bankası’na devir işlemlerinin hızlı, sorunsuz ve başarılı şekilde tamamlandığını bildirdi. Açıklamaya göre bu varlıkların nakde dönüştürülmesine ilişkin işlemler Ziraat Bankası tarafından gerçekleştirilecek. Tasfiye işlemleri, SPK’nın belirlediği usul ve esaslar doğrultusunda öncelikle para piyasası fonlarından başlayacak. Süreç, yatırımcı sayısı en yüksek fondan en düşük fona doğru sıralanarak yürütülecek. İşleme kapalı fonlar için açılış tarihi belirlenecek Tasfiye kapsamında bulunmayan ancak SPK’nın 17 Eylül 2026 tarihli kararlarıyla TEFAS ve diğer dağıtım kanallarında alım satıma kapatılan fonların, tasfiye sürecinin tamamlanmasının ardından tüm dağıtım kanallarında eş zamanlı olarak yeniden işleme açılması öngörülüyor. Şirket, bu fonların açılış tarihi ile katılma paylarının alım satım esaslarının; fon portföylerinin yapısı, likidite durumu, piyasa koşulları ve yatırımcı menfaatleri dikkate alınarak Bulls Portföy tarafından belirleneceğini açıkladı. Duyuruda ayrıca, tasfiye işlemlerinin etkin ve sağlıklı biçimde tamamlanması için gerekli görülmesi halinde, tasfiye kapsamı dışında kalan işleme kapalı fonların tasfiye süreci tamamlanmadan da yeniden açılabileceği belirtildi. Kaynak: HABER MERKEZİ Ço","Bulls Portföy: Tasfiye kapsamındaki fonlar Ziraat Bankası’na devredildi Bulls Portföy: Tasfiye kapsamındaki fonlar Ziraat Bankası’na devredildi Dünya Gazetesi Bulls Portföy, tasfiye kapsamındaki fonların Ziraat Bankası’na devredildiğini duyurdu. Şirket açıklamasında, SPK'nın 17 Eylül 2026 tarihli kararlarıyla TEFAS ve diğer dağıtım kanallarında alım satıma kapatılan fonların, açılış tarihi ile katılma paylarının alım satım esaslarının; fon portföylerinin yapısı, likidite durumu, piyasa koşulları ve yatırımcı menfaatleri dikkate alınarak Bulls Portföy tarafından belirleneceğini duyurdu. Bulls Portföy: Tasfiye kapsamındaki fonlar Ziraat Bankası’na devredildi Bulls Portföy, tasfiye kapsamındaki fonların Ziraat Bankası’na devredildiğini duyurdu. 02 Ekim 2026 18:54 02 Ekim 2026 19:05 Whatsapp Telegram Linkedin Email Dünya'yı haber kaynağınız olarak eklemek için tıklayın! Bulls Portföy, yatırımcılar ve kamuoyuna yönelik duyuruyla fonların tasfiye süreci ve işleme kapalı fonların yeniden açılmasına ilişkin bilgi verdi. Şirket, Sermaye Piyasası Kurulu’nun (SPK) 30 Eylül 2026 tarihli ve 64/1770 sayılı kararı kapsamında, tasfiyeye tabi fonların portföylerindeki varlıkların Ziraat Bankası’na devir işlemlerinin hızlı, sorunsuz ve başarılı şekilde tamamlandığını bildirdi. Açıklamaya göre bu varlıkların nakde dönüştürülmesine ilişkin işlemler Ziraat Bankası tarafından gerçekleştirilecek. Tasfiye işlemleri, SPK’nın belirlediği usul ve esaslar doğrultusunda öncelikle para piyasası fonlarından başlayacak. İşleme kapalı fonlar için açılış tarihi belirlenecek Tasfiye kapsamında bulunmayan ancak SPK’nın 17 Eylül 2026 tarihli kararlarıyla TEFAS ve diğer dağıtım kanallarında alım satıma kapatılan fonların, tasfiye sürecinin tamamlanmasının ardından tüm dağıtım kanallarında eş zamanlı olarak yeniden işleme açılması öngörülüyor. Şirket, bu fonların açılış tarihi ile katılma paylarının alım satım esaslarının; fon portföylerinin yapısı, likidite durumu, piyasa koşulları ve yatırımcı menfaatleri dikkate alınarak Bulls Portföy tarafından belirleneceğini açıkladı. Duyuruda ayrıca, tasfiye işlemlerinin etkin ve sağlıklı biçimde tamamlanması için gerekli görülmesi halinde, tasfiye kapsamı dışında kalan işleme kapalı fonların tasfiye süreci tamamlanmadan da yeniden açılabileceği belirtildi.",browser_full_article,https://www.dunya.com/sirketler/bulls-portfoy-tasfiye-kapsamindaki-fonlar-ziraat-bankasina-devredildi-haberi-842377,,,,,,,,il yok | ilçe yok | firma yok | faaliyet/tesis yok,,,,maps araması yapılmadı,,,78.0,144
2026-10-07 05:52:18,tasfiye,İflas / Konkordato / Mali Sorun,Koza Altın'ın İngiltere'deki şirketi için karar: Tasfiye talebi kabul edildi,Koza Altın'ın İngiltere'deki şirketi için karar: Tasfiye talebi kabul edildi CNBC-e,https://news.google.com/rss/articles/CBMirAFBVV95cUxPMGlMQ0ZIUjBMQlBZeWRzbFhyZkowNkFyS2Q3SlNlSTZyMDhFZkVNamJYYjFVaTFyY0RGMWYxS0NncW5YU2xaSFEwdVlqRERBb2RXRzhzMWJ0OVVYaldNem1YWXloajVtS2cwZ211c1ZLNWhhWThWS1dSV2JRRG9nSDFWUzQtaXI5elZQSnJlaXZhM3NMRE5BWlhhM1FxVWtwR29MSDJTREZreDNr?oc=5,şirket,şirket / firma,"Türk Altın İşletmeleri, İngiltere’deki iştiraki Koza Ltd.’nin tasfiye sürecine ilişkin KAP’a açıklama yaptı. Mahkeme, tasfiye talebinin kabulü yönünde şirket lehine özet karar verirken, nihai karar ve resmi tasfiye memuru ataması için gözler önümüzdeki günlerdeki duruşmaya çevrildi. Türk Altın İşletmeleri, İngiltere’deki iştiraki Koza Ltd.’nin tasfiye sürecine ilişkin KAP’a açıklama yaptı. Mahkeme, tasfiye talebinin kabulü yönünde şirket lehine özet karar verirken, nihai karar ve resmi tasfiye memuru ataması için gözler önümüzdeki günlerdeki duruşmaya çevrildi. Türk Altın İşletmeleri, İngiltere’deki iştiraki Koza Ltd.’nin tasfiye sürecine ilişkin KAP’a açıklama yaptı. Mahkeme, tasfiye talebinin kabulü yönünde şirket lehine özet karar verirken, nihai karar ve resmi tasfiye memuru ataması için gözler önümüzdeki günlerdeki duruşmaya çevrildi.","Koza Altın'ın İngiltere'deki şirketi için karar: Tasfiye talebi kabul edildi Koza Altın'ın İngiltere'deki şirketi için karar: Tasfiye talebi kabul edildi CNBC-e Türk Altın İşletmeleri, İngiltere’deki iştiraki Koza Ltd.’nin tasfiye sürecine ilişkin KAP’a açıklama yaptı. Mahkeme, tasfiye talebinin kabulü yönünde şirket lehine özet karar verirken, nihai karar ve resmi tasfiye memuru ataması için gözler önümüzdeki günlerdeki duruşmaya çevrildi.",browser_full_article,https://www.cnbce.com/borsa/koza-altinin-ingilteredeki-sirketi-icin-karar-tasfiye-talebi-kabul-edildi-h38881,,,,,,,,il yok | ilçe yok | firma yok | faaliyet/tesis yok,,,,maps araması yapılmadı,,,73.26,145
2026-10-06 07:15:00,tasfiye,İflas / Konkordato / Mali Sorun,Çin’de finans sisteminde büyük dönüşüm: 670 banka tasfiye edildi,Çin’de finans sisteminde büyük dönüşüm: 670 banka tasfiye edildi Cumhuriyet,https://news.google.com/rss/articles/CBMirgFBVV95cUxOcEJtMGcxUUd1NGJpUWs4amdWQkdYa1dMZGVXblNrcEtVNG4xRHpaam5EZUN6ZzZSMjNUVHA5TFMxc2I3OFJNM25hc2ZLanN5X0RKTFhkaEVsbXpvblpLZGxENXozTlR1TkpmTno5TkR2NU5TUkQ2N1RrUWhzblZ2WGVUWk9SZEYxd1JScFVjd3ZwbWpyUVlNMUtMX3dtd3NJZ2xZbXp0T2k1ZmFBaUE?oc=5,banka,finansal kuruluş,Çin’de finans sisteminde büyük dönüşüm: 670 banka tasfiye edildi Cumhuriyet,Çin’de finans sisteminde büyük dönüşüm: 670 banka tasfiye edildi Çin’de finans sisteminde büyük dönüşüm: 670 banka tasfiye edildi Cumhuriyet Çin’de finans sisteminde büyük dönüşüm: 670 banka tasfiye edildi Cumhuriyet,browser_failed,https://news.google.com/rss/articles/CBMirgFBVV95cUxOcEJtMGcxUUd1NGJpUWs4amdWQkdYa1dMZGVXblNrcEtVNG4xRHpaam5EZUN6ZzZSMjNUVHA5TFMxc2I3OFJNM25hc2ZLanN5X0RKTFhkaEVsbXpvblpLZGxENXozTlR1TkpmTno5TkR2NU5TUkQ2N1RrUWhzblZ2WGVUWk9SZEYxd1JScFVjd3ZwbWpyUVlNMUtMX3dtd3NJZ2xZbXp0T2k1ZmFBaUE?oc=5&hl=tr&gl=TR&ceid=TR:tr,,,,,,,,il yok | ilçe yok | firma yok | faaliyet/tesis yok,,,,maps araması yapılmadı,,,49.5,146
2026-10-06 12:38:28,tasfiye,Banka / Finansal Kuruluş,Merkez Bankası Başkanı Karahan fonlardan çıkan paranın yöneldiği adresi açıkladı,Merkez Bankası Başkanı Karahan fonlardan çıkan paranın yöneldiği adresi açıkladı A Haber,https://news.google.com/rss/articles/CBMirwFBVV95cUxOR05nQmNzZHlqbE44aHl4S1FMMHAxbXdiVEtYZUJoSnB0ZlFjenZIbTNueWREcVlKZU9JRmpKMWc5Ql80Qi1kTVY5NFlWU0JIVW11NzlBbnM5cGdDUk95WXozcGJqNXh5OTNEdlhFOV95b1BUZFMtZW5ic1l3ZnlBd2Jac3ZHbjVlLTlQTVRqeTVJQ2RxX0trNmFXSDZ2bDFzRUtEMzhFMmEtWFFIbVVr?oc=5,banka,finansal kuruluş,"TBMM Plan ve Bütçe Komisyonunda milletvekillerine sunum yapan TCMB Başkanı Fatih Karahan, son dönemde para piyasası ve benzeri fonlardan çıkışlar yaşandığını belirterek, 'Ancak fonlardaki çıkışlar büyük oranda mevduata yöneldi. Mevduata yönelime para birimi kompozisyonunda baktığımızda TL tercihinin mevcut TL payı ile uyumlu olduğunu görüyoruz' dedi. TBMM Plan ve Bütçe Komisyonunda milletvekillerine sunum yapan TCMB Başkanı Fatih Karahan, son dönemde para piyasası ve benzeri fonlardan çıkışlar yaşandığını belirterek, 'Ancak fonlardaki çıkışlar büyük oranda mevduata yöneldi. Mevduata yönelime para birimi kompozisyonunda baktığımızda TL tercihinin mevcut TL payı ile uyumlu olduğunu görüyoruz' dedi. TBMM Plan ve Bütçe Komisyonunda milletvekillerine sunum yapan TCMB Başkanı Fatih Karahan, son dönemde para piyasası ve benzeri fonlardan çıkışlar yaşandığını belirterek, 'Ancak fonlardaki çıkışlar büyük oranda mevduata yöneldi. Mevduata yönelime para birimi kompozisyonunda baktığımızda TL tercihinin mevcut TL payı ile uyumlu olduğunu görüyoruz' dedi. Giriş Tarihi: 06 Ekim 2026 15:38 Son Güncelleme: 06 Ekim 2026 19:38 ahaber.com.tr Haber Merkezi Giriş Tarihi: 06 Ekim 2026 15:38 Son Güncelleme: 06 Ekim 2026 19:38 ahaber.com.tr Haber Merkezi TBMM Plan ve Bütçe Komisyonunda milletvekillerine sunum yapan TCMB Başkanı Fatih Karahan, son dönemde para piyasası ve benzeri fonlardan çıkışlar yaşandığını belirterek, ""Ancak fonlardaki çıkışlar büyük oranda mevduata yöneldi. Mevduata yönelime para birimi kompozisyonunda baktığımızda TL tercihinin mevcut TL payı ile uyumlu olduğunu görüyoruz"" dedi. Karahan, tasfiye sürecine ilişkin de ""Prensip olarak kamu kaynakları kullanılmaması kararlaştırıldı."" dedi. TBMM Plan ve Bütçe Komisyonu, Komisyon Başkanı ve AK Parti Samsun Milletvekili Mehmet Muş başkanlığında toplandı. Komisyonda milletvekillerine sunum yapan Türkiye Cumhuriyet Merkez Bankası Başkanı (TCMB) Fatih Karahan, ekonomi gündemine yönelik değerlendirmelerde bulundu. KARAHAN: DEZENFLASYON SÜRECİ YENİDEN İVME KAZANACAK Karahan, yüksek seyreden enerji fiyatlarının küresel enflasyon ve enflasyon beklentileri üzerinde etkili olmayı sürdürdüğünü belirtti. TCMB Başkanı Karahan, ""Yüksek seyreden enerji fiyatları küresel enflasyon ve enflasyon beklentileri üzerinde etkili olmayı sürdürüyor. Dezenflasyon sürecinin yeniden ivme kazanacağını öngörüyoruz"" ifadelerini kullandı. ""FONLARDAN ÇIKIŞLAR MEVDUATA YÖNELDİ"" TCMB Başkanı Fatih Karahan, son dönemde para piyasası ve benzeri fonlardan çıkışlar yaşandığını belirterek bu kaynakların büyük bölümünün mevduata yöneldiğini söyledi. Karahan, ""Son dönemde para piyasası ve benzeri fonlardan çıkışlar oldu. Ancak fonlardaki çıkışlar büyük oranda mevduata yöneldi. Mevduata yönelime para birimi kompozisyonunda baktığımızda TL tercihinin mevcut TL payı ile uyumlu olduğunu görüyoruz"" dedi. ""KAMU KAYNAĞI KULLANILMAYACAK"" Son olarak Karahan, tasfiye sürecine ilişkin ""prensip"" olarak kamu kaynakları kullanılmaması yönünde karar alındığını belirterek ""Yetkili kurumlarımız bu doğrultuda gerekli adımları atıyor ve biz de bu kurumlarla yakın bir iş birliği ve eşgüdüm içinde çalışıyoruz."" mesajını verdi. Merkez bankası başkanları İstanbulda buluşacak! MERKEZ BANKASI BAŞKANLARI İSTANBUL'DA BULUŞACAK! Önceki Haber Piyasaların gözü kulağı Fed kararında! Altın için kritik viraja girildi: 4.150 dolardan döndü Sonraki Haber Gram altında kritik eşik: Güçlü dolar ve yüksek tahvil faizleri fiyatları baskılıyor Önceki Haber Piyasaların gözü kulağı Fed kararında! Altın için kritik viraja girildi: 4.150 dolardan döndü Sonraki Haber Gram altında kritik eşik: Güçlü dolar ve yüksek tahvil faizleri fiyatları baskılıyor Mobil uygulamalarımızı indirin TBMM Plan ve Bütçe Komisyonu sonrası fon mesajı! TCMB Başkanı Karahan: Tasfiye sürecinde kamu kaynağı kullanılmayacak TBMM Plan ve Bütçe Komisyonu, Komisyon Başkanı ve AK Parti Samsun Milletvekili Mehmet Muş başkanlığında toplandı. Komisyonda milletvekillerine sunum yapan Türkiye Cumhuriyet Merkez Bankası Başkanı (TCMB) Fatih Karahan, ekonomi gündemine yönelik değerlendirmelerde bulundu. KARAHAN: DEZENFLASYON SÜRECİ YENİDEN İVME KAZANACAK Karahan, yüksek seyreden enerji fiyatlarının küresel enflasyon ve enflasyon beklentileri üzerinde etkili olmayı sürdürdüğünü belirtti. TCMB Başkanı Karahan, ""Yüksek seyreden enerji fiyatları küresel enflasyon ve enflasyon beklentileri üzerinde etkili olmayı sürdürüyor. Dezenflasyon sürecinin yeniden ivme kazanacağını öngörüyoruz"" ifadelerini kullandı. ""FONLARDAN ÇIKIŞLAR MEVDUATA YÖNELDİ"" TCMB Başkanı Fatih Karahan, son dönemde para piyasası ve benzeri fonlardan çıkışlar yaşandığını belirterek bu kaynakların büyük bölümünün mevduata yöneldiğini söyledi. Karahan, ""Son dönemde para piyasası ve benzeri fonlardan çıkışlar oldu. Ancak fonlardaki çıkışlar büyük oranda mevduata yöneldi. Mevduata yönelime para birimi kompozisyonunda baktığımızda TL tercihinin mevcut TL payı ile uyumlu olduğunu görüyoruz"" dedi. ""KAMU KAYNAĞI KULLANILMAYACAK"" Son olarak Karahan, tasfiye sürecine ilişkin ""prensip"" olarak kamu kaynakları kullanılmaması yönünde karar alındığını belirterek ""Yetkili kurumlarımız bu doğrultuda gerekli adımları atıyor ve biz de bu kurumlarla yakın bir iş birliği ve eşgüdüm içinde çalışıyoruz."" mesajını verdi.","Merkez Bankası Başkanı Karahan fonlardan çıkan paranın yöneldiği adresi açıkladı Merkez Bankası Başkanı Karahan fonlardan çıkan paranın yöneldiği adresi açıkladı A Haber TBMM Plan ve Bütçe Komisyonunda milletvekillerine sunum yapan TCMB Başkanı Fatih Karahan, son dönemde para piyasası ve benzeri fonlardan çıkışlar yaşandığını belirterek, 'Ancak fonlardaki çıkışlar büyük oranda mevduata yöneldi. Mevduata yönelime para birimi kompozisyonunda baktığımızda TL tercihinin mevcut TL payı ile uyumlu olduğunu görüyoruz' dedi. Giriş Tarihi: 06 Ekim 2026 15:38 Son Güncelleme: 06 Ekim 2026 19:38 ahaber.com.tr Haber Merkezi Giriş Tarihi: 06 Ekim 2026 15:38 Son Güncelleme: 06 Ekim 2026 19:38 ahaber.com.tr Haber Merkezi TBMM Plan ve Bütçe Komisyonunda milletvekillerine sunum yapan TCMB Başkanı Fatih Karahan, son dönemde para piyasası ve benzeri fonlardan çıkışlar yaşandığını belirterek, ""Ancak fonlardaki çıkışlar büyük oranda mevduata yöneldi. Karahan, tasfiye sürecine ilişkin de ""Prensip olarak kamu kaynakları kullanılmaması kararlaştırıldı."" dedi. TBMM Plan ve Bütçe Komisyonu, Komisyon Başkanı ve AK Parti Samsun Milletvekili Mehmet Muş başkanlığında toplandı. Komisyonda milletvekillerine sunum yapan Türkiye Cumhuriyet Merkez Bankası Başkanı (TCMB) Fatih Karahan, ekonomi gündemine yönelik değerlendirmelerde bulundu. KARAHAN: DEZENFLASYON SÜRECİ YENİDEN İVME KAZANACAK Karahan, yüksek seyreden enerji fiyatlarının küresel enflasyon ve enflasyon beklentileri üzerinde etkili olmayı sürdürdüğünü belirtti. TCMB Başkanı Karahan, ""Yüksek seyreden enerji fiyatları küresel enflasyon ve enflasyon beklentileri üzerinde etkili olmayı sürdürüyor. Dezenflasyon sürecinin yeniden ivme kazanacağını öngörüyoruz"" ifadelerini kullandı. ""FONLARDAN ÇIKIŞLAR MEVDUATA YÖNELDİ"" TCMB Başkanı Fatih Karahan, son dönemde para piyasası ve benzeri fonlardan çıkışlar yaşandığını belirterek bu kaynakların büyük bölümünün mevduata yöneldiğini söyledi. Karahan, ""Son dönemde para piyasası ve benzeri fonlardan çıkışlar oldu. ""KAMU KAYNAĞI KULLANILMAYACAK"" Son olarak Karahan, tasfiye sürecine ilişkin ""prensip"" olarak kamu kaynakları kullanılmaması yönünde karar alındığını belirterek ""Yetkili kurumlarımız bu doğrultuda gerekli adımları atıyor ve biz de bu kurumlarla yakın bir iş birliği ve eşgüdüm içinde çalışıyoruz."" mesajını verdi. Merkez bankası başkanları İstanbulda buluşacak! MERKEZ BANKASI BAŞKANLARI İSTANBUL'DA BULUŞACAK! TCMB Başkanı Karahan: Tasfiye sürecinde kamu kaynağı kullanılmayacak TBMM Plan ve Bütçe Komisyonu, Komisyon Başkanı ve AK Parti Samsun Milletvekili Mehmet Muş başkanlığında toplandı.",browser_full_article,https://www.ahaber.com.tr/ekonomi/2026/10/06/tcmb-baskani-karahandan-fon-tasfiye-surecine-iliskin-onemli-mesaj,İstanbul,,,,,,,ilçe yok | firma yok | faaliyet/tesis yok,,,,maps araması yapılmadı,,,93.0,147
2026-10-06 11:45:00,tasfiye,İflas / Konkordato / Mali Sorun,"SPK FON TASFİYESİ SON DURUM: Tasfiye edilen 131 fon hangi şirketlerin, yatırımcının parası ne olacak?","SPK FON TASFİYESİ SON DURUM: Tasfiye edilen 131 fon hangi şirketlerin, yatırımcının parası ne olacak? Yayla Haber",https://news.google.com/rss/articles/CBMixwFBVV95cUxONzFCZG02NllSTk9rd1lRM3BkS3VEUnhWWURKNldsRGNmR09SUW9LYkh2aG1wMTh4cXkzd19la1c1LTU2a3AteWtLM0ZlUWhJcDdWQ0wxWm5pbHNUQzFLYnNuUERnZHNqYU9lN09TTnVabHFEQ2FjT0tXcGt3YmFrVHgxZ0JCcUdLQjFrWGZkYUpQQWVkOFNjVmVDRWd4Qlh6OGFrenJoTmNvLVJROERBeTFRVGRXWElSR3dKbTE1RDBPMk5Va3A00gHMAUFVX3lxTE5EakQ2MkJJdGcxejYyel9LcEpxaWFjZXdVc1Q4RXBMTEtpZjNBMU1tYXZVZ0xtcVBnSnBZVWV4TVVRczdVSnBXMUcyaTdTTWJES2hHSmNLRGFzUDR0a3dQMUFJMzVQWGJZX202VW5vQ1hRMUNnQXJPMk5wSHJUU3ZtLWFVdEJ2R1hVRVc2OVhNcWdhNlZnamNOMFhfR05Pc3NfZ3VReU5EX3IyZ0EzaWxlUVU5ZVlCTkxiMkV2NUN3NUlqU0t1TUpEZ2Fkaw?oc=5,şirket,şirket / firma,"www.yaylahaber.com.tr Güvenlik doğrulaması yapılıyor Bu web sitesi, kötü niyetli botlara karşı korunmak için bir güvenlik hizmeti kullanıyor. Web sitesi bir bot olmadığınızı doğrularken bu sayfa görüntülenir. Doğrulama başarılı. www.yaylahaber.com.tr adresinin yanıt vermesi bekleniyor Güvenlik doğrulaması yapılıyor Doğrulama başarılı. www.yaylahaber.com.tr adresinin yanıt vermesi bekleniyor Bu web sitesi, kötü niyetli botlara karşı korunmak için bir güvenlik hizmeti kullanıyor. Web sitesi bir bot olmadığınızı doğrularken bu sayfa görüntülenir.","SPK FON TASFİYESİ SON DURUM: Tasfiye edilen 131 fon hangi şirketlerin, yatırımcının parası ne olacak? SPK FON TASFİYESİ SON DURUM: Tasfiye edilen 131 fon hangi şirketlerin, yatırımcının parası ne olacak? Yayla Haber www.yaylahaber.com.tr Güvenlik doğrulaması yapılıyor Bu web sitesi, kötü niyetli botlara karşı korunmak için bir güvenlik hizmeti kullanıyor. Web sitesi bir bot olmadığınızı doğrularken bu sayfa görüntülenir. www.yaylahaber.com.tr adresinin yanıt vermesi bekleniyor Güvenlik doğrulaması yapılıyor Doğrulama başarılı.",browser_full_article,https://www.yaylahaber.com.tr/spk-fon-tasfiyesi-son-durum-tasfiye-edilen-131-fon-hangi-sirketlerin-yatirimcinin-parasi-ne-olacak,,,,,,,,il yok | ilçe yok | firma yok | faaliyet/tesis yok,,,,maps araması yapılmadı,,,85.24,148
2026-10-08 10:15:28,usulsüzlük,Diğer,"Zonguldak'ta Kaçak Maden Operasyonu: Rüşvet, Sahte Mühür ve İntihar Şüphesi!","Zonguldak'ta Kaçak Maden Operasyonu: Rüşvet, Sahte Mühür ve İntihar Şüphesi! Giresun İleri",https://news.google.com/rss/articles/CBMirgFBVV95cUxNTXkyYUNrY29aN2QxT3B0bmhra2V2TzI5QjBISDZ1YVIzY3BCY2NlWTZQVGpaUkxDY0FYaFZjQ3E5Vld3SzBNUjRNNHhFYnpob2dpWnFsTjRaYXZBVnNRWU1PcTJYQmlJbDRsaEVxZ0hjcTB6d3REbEJJOF93eHJib25VNHYyelg3cmZrSTZzVnJ5QzB1ZmY1SWRRRjNlVFlQblg5OG1NZ0paakxGd2fSAbsBQVVfeXFMT09PTTFfZXZQWjBFOFdrUU93UHNwUXhLUU9fazhFZXZCU1hXM3R1Z1J1NDZxRk9oZndURTdQTHpJZDNra1BTOE9scXdIYWxoV0ViNXRxVGtmZlNhZExndnlPS2doN2xkZEIwLV9XTWI5STdLUVd6Uzl1NHVZVlJPYWdjZ0pncHo3OHo2VTVDWVRLbHI5UGxQbkZ1RXE5QnNaRWN6Rmk5RndTWjAzdmlwNk5XcVc5ZXRnaFhsWQ?oc=5,maden,,"www.giresunileri.com Güvenlik doğrulaması yapılıyor Bu web sitesi, kötü niyetli botlara karşı korunmak için bir güvenlik hizmeti kullanıyor. Web sitesi bir bot olmadığınızı doğrularken bu sayfa görüntülenir. Doğrulama başarılı. www.giresunileri.com adresinin yanıt vermesi bekleniyor Güvenlik doğrulaması yapılıyor Doğrulama başarılı. www.giresunileri.com adresinin yanıt vermesi bekleniyor Bu web sitesi, kötü niyetli botlara karşı korunmak için bir güvenlik hizmeti kullanıyor. Web sitesi bir bot olmadığınızı doğrularken bu sayfa görüntülenir.","Zonguldak'ta Kaçak Maden Operasyonu: Rüşvet, Sahte Mühür ve İntihar Şüphesi! Zonguldak'ta Kaçak Maden Operasyonu: Rüşvet, Sahte Mühür ve İntihar Şüphesi! Giresun İleri www.giresunileri.com Güvenlik doğrulaması yapılıyor Bu web sitesi, kötü niyetli botlara karşı korunmak için bir güvenlik hizmeti kullanıyor. Web sitesi bir bot olmadığınızı doğrularken bu sayfa görüntülenir. www.giresunileri.com adresinin yanıt vermesi bekleniyor Güvenlik doğrulaması yapılıyor Doğrulama başarılı. www.giresunileri.com adresinin yanıt vermesi bekleniyor Bu web sitesi, kötü niyetli botlara karşı korunmak için bir güvenlik hizmeti kullanıyor.",browser_full_article,https://www.giresunileri.com/zonguldak-ta-kacak-maden-operasyonu-rusvet-sahte-muhur-ve-intihar-suphesi/62259/,Zonguldak,,,,,,,ilçe yok | firma yok | faaliyet/tesis yok,,,,maps araması yapılmadı,,,81.96,149
2026-10-04 12:47:00,rüşvet,Operasyon / Soruşturma / Suç,Yargıda rüşvet soruşturması: 5 hakim ve savcı görevden uzaklaştırıldı,Yargıda rüşvet soruşturması: 5 hakim ve savcı görevden uzaklaştırıldı Haber 7,https://news.google.com/rss/articles/CBMisgFBVV95cUxQN2psY09iQkMtV3EyWW83VWNjVEFzcG53RnNDaEU2M09nc2szeS1Mc2xINEZKN1FmNEJSVVBrdUh2bVF3YTFrYmZyT0FJcDFyU09ERjZPVmI2SnBJOU5SN0ZwQTI4SmthTTMtaTdYYmlNLTZOVDRjaHNsQ1NmOTIxRHhoajJnNHRmMmRRdy13MDI4UHdjejdXN01fTVAtMXFHcHZDM3NGeEtBdXh6NjM5WmtR0gG6AUFVX3lxTE1HM2tiYmxocThEZDVqRlAzV21UdElTY2k2X3E2Q2pVekxibmRGd2tRMndkSzhXYURVc2dRbFB1N3Rla1NmSDlVeTZzM3B2aHZGelowMldZTmViRHlnNWVVTEFMalRBY01kVmgzWklBN2VwSExHRVJqVjFJZzVjc2pmNjFWX0dLWlpqbGtjM3MyMEJIQTJqVThRM0laSEJqbDFfZ0FwNWx6VV96bjdHZVFaaGEyVzhzM2V4QQ?oc=5,gıda,,Yargıda rüşvet soruşturması: 5 hakim ve savcı görevden uzaklaştırıldı Haber 7,Yargıda rüşvet soruşturması: 5 hakim ve savcı görevden uzaklaştırıldı Yargıda rüşvet soruşturması: 5 hakim ve savcı görevden uzaklaştırıldı Haber 7 Yargıda rüşvet soruşturması: 5 hakim ve savcı görevden uzaklaştırıldı Haber 7,browser_timeout,https://news.google.com/rss/articles/CBMisgFBVV95cUxQN2psY09iQkMtV3EyWW83VWNjVEFzcG53RnNDaEU2M09nc2szeS1Mc2xINEZKN1FmNEJSVVBrdUh2bVF3YTFrYmZyT0FJcDFyU09ERjZPVmI2SnBJOU5SN0ZwQTI4SmthTTMtaTdYYmlNLTZOVDRjaHNsQ1NmOTIxRHhoajJnNHRmMmRRdy13MDI4UHdjejdXN01fTVAtMXFHcHZDM3NGeEtBdXh6NjM5WmtR0gG6AUFVX3lxTE1HM2tiYmxocThEZDVqRlAzV21UdElTY2k2X3E2Q2pVekxibmRGd2tRMndkSzhXYURVc2dRbFB1N3Rla1NmSDlVeTZzM3B2aHZGelowMldZTmViRHlnNWVVTEFMalRBY01kVmgzWklBN2VwSExHRVJqVjFJZzVjc2pmNjFWX0dLWlpqbGtjM3MyMEJIQTJqVThRM0laSEJqbDFfZ0FwNWx6VV96bjdHZVFaaGEyVzhzM2V4QQ?oc=5&hl=en-US&gl=US&ceid=US:en,,,,,,,,il yok | ilçe yok | firma yok | faaliyet/tesis yok,,,,maps araması yapılmadı,,,62.52,150
2026-10-09 08:37:00,rüşvet,Diğer,İmamoğlu davasında 10 milyon TL'lik rüşvet iddiası: Medya AŞ yöneticisinden Ongun'a isyan,İmamoğlu davasında 10 milyon TL'lik rüşvet iddiası: Medya AŞ yöneticisinden Ongun'a isyan Hürriyet,https://news.google.com/rss/articles/CBMiygFBVV95cUxNUmIyZHFIMWx5eXdUb3ZhTW5nT3BZWnVlaTE3aVUzSDlQQzItMTJaWUJrRzdsZFJzd1lGSk9rY3ZUQVhYYWhPY2gzU0xCT2hnb2NmbnNGT0lKeGdxSlV2VXlCNnQ3OGI3a2JnRkpoQ185VEkteGN2U0ZuQV9aUmROY094ajVQWFpqV3JWdkh5UHplRXI4T05fcDdhclM2SENCSkstRnN6d0tBZl9VTDdhaVdTQXd4VDFoNk51VExlQjJGU2FkengySTRR?oc=5,A.Ş.,,"Suç örgütü davasının 94'üncü duruşmasında gergin anlar yaşanırken, peş peşe gelen rüşvet iddiaları oturuma damga vurdu. Duruşmada müteahhit Ali Nuhoğlu,... Son Dakika Haber - Suç örgütü davasının 94'üncü duruşmasında gergin anlar yaşanırken, peş peşe gelen rüşvet iddiaları oturuma damga vurdu. Duruşmada müteahhit Ali Nuhoğlu, Ekrem İmamoğlu’na 4 milyon 700 bin dolar rüşvet verdiğini savunurken, iş insanı Cüneyt Yakut da otobüs ve reklam işleri karşılığında Murat... Suç örgütü davasının 94'üncü duruşmasında gergin anlar yaşanırken, peş peşe gelen rüşvet iddiaları oturuma damga vurdu. Duruşmada müteahhit Ali Nuhoğlu,... Haberlerimizi Google’da Takip Edin Gelişmelerden anında haberdar olun. İmamoğlu davasında 10 milyon TL'lik rüşvet iddiası: Medya AŞ yöneticisinden Ongun'a isyan Güncelleme Tarihi: Ekim 09, 2026 11:49 ""4 MİLYON 700 BİN DOLAR RÜŞVET VERDİM"" Ekrem İmamoğlu suç örgütü davasının 94. duruşmasına müteahhit Ali Nuhoğlu'nun rüşvet itirafı damga vurdu. Ekrem İmamoğlu'na, ""4 milyon 700 bin dolar rüşvet verdim"" dedi. Fatih Keleş'in Ekrem İmamoğlu adına para trafiğini yönettiğini de iddia etti. Nuhoğlu, değeri 480 milyon lira olduğu belirtilen 2 villanın İmamoğlu İnşaat'a devrine ilişkin de konuştu. Villaları, Ekrem İmamoğlu'nun istediğini savundu. Hak ediş ödemelerini alabilmek için 2024 yılında devretmek zorunda kaldığını öne sürdü. YAKUT: MURAT ONGUN MEDYA AŞ'DE RÜŞVET ÇARKI KURDU Duruşmada, bir rüşvet iddiası da iş insanı Cüneyt Yakut'tan geldi. Tutuklu Medya AŞ Yönetim Kurulu Başkanı Murat Ongun'a 10 milyon liralık çeki, rüşvet olarak verdiğini iddia etti. ""Murat Ongun ile ilgili bildiklerimi anlatmak istiyorum. Maalesef mantıklı düşünemiyor. Madem öyle anlatalım her şeyi açık açık. Murat Ongun, Emrah Bağdatlı ile beraber bir düzen kurdu. Bugün Medya AŞ'de yargılanan 100 kişinin sebebi Emrah Bağdatlı ile beraber kurdukları çark..."" ""MURAT ONGUN CÜNEYT YAKUT'U TANIYORMUŞ"" Bu itiraf duruşma salonunda tansiyonu yükseltti. Cüneyt Yakut, Medya AŞ'deki makamında Murat Ongun'a 10 milyon liralık rüşvet verdiğini iddia etti. Murat Ongun iddiaları reddetti, ""Baz kayıtlarına bakılsın"" dedi. Bu gerilim ardından tutuklu Medya AŞ Genel Müdürü Fatoş Pınar Türker de söz aldı. Murat Ongun ile aralarında geçen Cüney Yakut ile ilgili diyaloğu anlattı. Konuşurken isyan etti, sesi titredi. ""Murat Ongun’a gittim, dedim ki: Murat Bey, siz Cüneyt Yakut’u tanıyor musunuz? “Hayır tanımıyorum” dedi bana. Halbuki tanıyormuş. Size biz Medya AŞ olarak ihtar da çektik, belki hatırlarsınız. Biz burada 19 aydır yatıyoruz. Şimdi burada gerçekten gönül koyuyorum Murat Bey size. Kalkıp “ben tabii Emrah Bağdatlı'yı soracağım. Arkada siz böyle iş yapıyordunuz” diyorsunuz. Bizim bundan haberimiz yok, ayıp değil mi bu bize?"" Pınar Türker'in ardından Cüneyt Yakut yeniden söz aldı. Murat Ongun'la ilgili rüşvet verdiği iddiasını yineledi. "" Medya AŞ 'de Murat Ongun ve Emrah Bağdatlı haricinde kimsenin tek bir kuruş aldığını ne duydum ne de gördüm. Murat Ongun ve Emrah Bağdatlı her şeyi organize etti. Verdiğim 10 milyon da bahsettiği otobüs işiyle ilgili. Çıksın desinler yahu ""yedim"", bari 3-5 kişi çıkar hiç olmazsa. Bu kadının suçu ne? Savcı, Cüneyt Yakut'un iddiaları sonrası Murat Ongun hakkında suç duyurusunda bulunulmasını istedi.","İmamoğlu davasında 10 milyon TL'lik rüşvet iddiası: Medya AŞ yöneticisinden Ongun'a isyan İmamoğlu davasında 10 milyon TL'lik rüşvet iddiası: Medya AŞ yöneticisinden Ongun'a isyan Hürriyet Suç örgütü davasının 94'üncü duruşmasında gergin anlar yaşanırken, peş peşe gelen rüşvet iddiaları oturuma damga vurdu. Duruşmada müteahhit Ali Nuhoğlu,... Duruşmada müteahhit Ali Nuhoğlu, Ekrem İmamoğlu’na 4 milyon 700 bin dolar rüşvet verdiğini savunurken, iş insanı Cüneyt Yakut da otobüs ve reklam işleri karşılığında Murat... İmamoğlu davasında 10 milyon TL'lik rüşvet iddiası: Medya AŞ yöneticisinden Ongun'a isyan Güncelleme Tarihi: Ekim 09, 2026 11:49 ""4 MİLYON 700 BİN DOLAR RÜŞVET VERDİM"" Ekrem İmamoğlu suç örgütü davasının 94. duruşmasına müteahhit Ali Nuhoğlu'nun rüşvet itirafı damga vurdu. Ekrem İmamoğlu'na, ""4 milyon 700 bin dolar rüşvet verdim"" dedi. Fatih Keleş'in Ekrem İmamoğlu adına para trafiğini yönettiğini de iddia etti. Nuhoğlu, değeri 480 milyon lira olduğu belirtilen 2 villanın İmamoğlu İnşaat'a devrine ilişkin de konuştu. Villaları, Ekrem İmamoğlu'nun istediğini savundu. YAKUT: MURAT ONGUN MEDYA AŞ'DE RÜŞVET ÇARKI KURDU Duruşmada, bir rüşvet iddiası da iş insanı Cüneyt Yakut'tan geldi. Tutuklu Medya AŞ Yönetim Kurulu Başkanı Murat Ongun'a 10 milyon liralık çeki, rüşvet olarak verdiğini iddia etti. ""Murat Ongun ile ilgili bildiklerimi anlatmak istiyorum. Murat Ongun, Emrah Bağdatlı ile beraber bir düzen kurdu. Bugün Medya AŞ'de yargılanan 100 kişinin sebebi Emrah Bağdatlı ile beraber kurdukları çark..."" ""MURAT ONGUN CÜNEYT YAKUT'U TANIYORMUŞ"" Bu itiraf duruşma salonunda tansiyonu yükseltti. Cüneyt Yakut, Medya AŞ'deki makamında Murat Ongun'a 10 milyon liralık rüşvet verdiğini iddia etti. Murat Ongun iddiaları reddetti, ""Baz kayıtlarına bakılsın"" dedi. Bu gerilim ardından tutuklu Medya AŞ Genel Müdürü Fatoş Pınar Türker de söz aldı. Murat Ongun ile aralarında geçen Cüney Yakut ile ilgili diyaloğu anlattı. Konuşurken isyan etti, sesi titredi. ""Murat Ongun’a gittim, dedim ki: Murat Bey, siz Cüneyt Yakut’u tanıyor musunuz? Size biz Medya AŞ olarak ihtar da çektik, belki hatırlarsınız. Arkada siz böyle iş yapıyordunuz” diyorsunuz. Murat Ongun'la ilgili rüşvet verdiği iddiasını yineledi. "" Medya AŞ 'de Murat Ongun ve Emrah Bağdatlı haricinde kimsenin tek bir kuruş aldığını ne duydum ne de gördüm. Murat Ongun ve Emrah Bağdatlı her şeyi organize etti. Verdiğim 10 milyon da bahsettiği otobüs işiyle ilgili. Savcı, Cüneyt Yakut'un iddiaları sonrası Murat Ongun hakkında suç duyurusunda bulunulmasını istedi.",browser_full_article,https://www.hurriyet.com.tr/gundem/imamoglu-davasinda-10-milyon-tllik-rusvet-iddiasi-medya-as-yoneticisinden-onguna-isyan-43335097,Adana,İmamoğlu,,,,Tutuklu Medya AŞ | Bugün Medya AŞ,Medya AŞ:328:body+summary+title | Tutuklu Medya AŞ:raw_legal | Bugün Medya AŞ:raw_legal,faaliyet/tesis yok,Tutuklu Medya AŞ İmamoğlu Adana Türkiye | Bugün Medya AŞ İmamoğlu Adana Türkiye,Tutuklu Medya AŞ İmamoğlu Adana Türkiye | Bugün Medya AŞ İmamoğlu Adana Türkiye,Tutuklu Medya AŞ İmamoğlu Adana Türkiye,firma adı + güvenli maps adayı var,100.0 | 100.0,,234.0,151
2026-10-08 06:06:18,rüşvet,Diğer,Yargıdaki rüşvet ağından Bakan Gürlek'e kumpas girişimi! İmamoğlu detayı ortaya çıktı,Yargıdaki rüşvet ağından Bakan Gürlek'e kumpas girişimi! İmamoğlu detayı ortaya çıktı A Haber,https://news.google.com/rss/articles/CBMi4wFBVV95cUxOeHloYWYwY0d1bVJwb2VWTUhZTm1NTkMxeFpkOXVhRzdGUVFLYnB4ZG84cU1WdWc3QkVfMkpKanBSLVhPdXpiV0Q2eHFVcXFycF83blVRN3NtZV9abUdseWgzR18xR04wM2xsdnpnWVpsX1hGVFBLMXpncm5uYi1iRFJZQlVKS2N0UkQ0eFJ3Y3hOZF9FcDRuSS1PWWFpbTFZM0FhcmVPYTNGNk5HZC1CektudEFGcHVHdWMzdldHUG4ySW1sUnVFaHpvWDJZSXkxQmRTVmJBVGJuZ0NKLWZxYm9kNA?oc=5,gıda,,"Yargıdaki rüşvet soruşturmasında çarpıcı gelişme! Bakan Akın Gürlek'e yönelik kumpas girişimi, Mine M.'nin ihbar dilekçesiyle ortaya çıktı. İşte detaylar. Yargıdaki rüşvet soruşturmasında çarpıcı gelişme! Bakan Akın Gürlek'e yönelik kumpas girişimi, Mine M.'nin ihbar dilekçesiyle ortaya çıktı. İşte detaylar. Yargıdaki rüşvet soruşturmasında çarpıcı gelişme! Bakan Akın Gürlek'e yönelik kumpas girişimi, Mine M.'nin ihbar dilekçesiyle ortaya çıktı. İşte detaylar. Giriş Tarihi: 08 Ekim 2026 09:06 Son Güncelleme: 08 Ekim 2026 09:40 ahaber.com.tr Haber Merkezi Giriş Tarihi: 08 Ekim 2026 09:06 Son Güncelleme: 08 Ekim 2026 09:40 ahaber.com.tr Haber Merkezi Bakırköy Cumhuriyet Başsavcılığının yürüttüğü yargıdaki rüşvet soruşturmasını deşifre eden cezaevindeki Mine M.'nin verdiği ihbar dilekçesi ortaya çıktı. Daha önce CHP'li Beşiktaş Belediye Başkanı Hüseyin Avni Sipahi'ye yapılacak operasyonu 500 bin dolar karşılığında sızdırdığı saptanan, içerisinde savcıların da olduğu ve liderliğini Musa Şit'in yaptığı şebekenin, Adalet Bakanı Akın Gürlek 'i fiziksel takibe alarak Ekrem İmamoğlu lobisiyle birlikte montajlı kumpas hazırladığı deşifre oldu. Bakırköy Cumhuriyet Başsavcılığınca yürütülen yargıdaki rüşvet soruşturmasında, yargıdaki kirli çetenin Adalet Bakanı Akın Gürlek'i fiziksel takibe alıp kumpas kurmaya çalıştığı ortaya çıktı. Yargıdaki ağın köklerini, tutuklu Mine M. isimli kadın deşifre etti. Ağın başrolünde İstanbul Sarıyer'de restoran sahibi Musa Şit'in olduğunu aktaran Mine M., bu kişinin rüşvetle iş çözdüğünü belirtti. HÜSEYİN AVNİ SİPAHİ'Yİ UYARAN EKİP Sabah gazetesinin haberine göre, aralarında Musa Şit ve avukat Buket Tekışık'ın da yer aldığı 5 şüpheli tutuklandı. Şebekenin merkezindeki eski savcı Bayram Gülhan'ın, Aralık 2022'deki operasyon öncesinde eski Beşiktaş Belediye Başkan Yardımcısı Hüseyin Avni Sipahi'ye bilgi sızdırdığı saptanmıştı. 500 bin dolarlık rüşvet anlaşmasıyla Sipahi'nin eşi ve şoförüyle birlikte delil kaçırmasına göz yumulmuştu. Soruşturmada İYİ Parti Kocaeli Milletvekili Lütfü Türkkan'ın taraf olduğu dava da öne çıktı. İstanbul 4. İcra Hukuk Mahkemesindeki davanın, Musa Şit ve firari Y.A. aracılığıyla Türkkan lehine sonuçlandırıldığı saptanarak dosya tefrik edilip Ankara'ya gönderildi. İMAMOĞLU LOBİSİYLE ORTAK HAREKET 2022-2024 yılları arasında Musa Şit'in restoranında ve Ankara'daki bir otelde yargı mensupları, avukatlar ve siyasilerin buluşup para karşılığı kararlara müdahale ettiği anlaşıldı. Örgüt lideri Musa Şit'in, Akın Gürlek'i İstanbul Cumhuriyet Başsavcılığı döneminden itibaren izlettiği, Ekrem İmamoğlu lobisiyle koordineli hareket ederek tapu ve montaj görsellerle kumpas haberleri servis ettirdiği saptandı. Şit'in, Gürlek'in bir din görevlisiyle olan görüntüsünü montajlatıp muhalif basına ve trollere verdirdiği belirlendi. Başsavcılık soruşturmayı çok yönlü sürdürüyor. Savcı rüşvete aracılık suçlarından tutuklandı SAVCI ""RÜŞVETE ARACILIK"" SUÇLARINDAN TUTUKLANDI #Hüseyin Avni Sipahi #Akın Gürlek #Ekrem İmamoğlu Önceki Haber Bolu'yu kaplayan sis bulutu görüntülendi! Sonraki Haber Türkiye’de sıcaklıklar yükseliyor! 25 derece sonrası yağışlı hava geliyor Önceki Haber Bolu'yu kaplayan sis bulutu görüntülendi! Sonraki Haber Türkiye’de sıcaklıklar yükseliyor! 25 derece sonrası yağışlı hava geliyor Mobil uygulamalarımızı indirin Yargıdaki rüşvet ağından Bakan Akın Gürlek’e kumpas girişimi! İhbar dilekçesi ile İmamoğlu izi deşifre oldu Daha önce CHP'li Beşiktaş Belediye Başkanı Hüseyin Avni Sipahi'ye yapılacak operasyonu 500 bin dolar karşılığında sızdırdığı saptanan, içerisinde savcıların da olduğu ve liderliğini Musa Şit'in yaptığı şebekenin, Adalet Bakanı Akın Gürlek 'i fiziksel takibe alarak Ekrem İmamoğlu lobisiyle birlikte montajlı kumpas hazırladığı deşifre oldu. Bakırköy Cumhuriyet Başsavcılığınca yürütülen yargıdaki rüşvet soruşturmasında, yargıdaki kirli çetenin Adalet Bakanı Akın Gürlek'i fiziksel takibe alıp kumpas kurmaya çalıştığı ortaya çıktı. Yargıdaki ağın köklerini, tutuklu Mine M. isimli kadın deşifre etti. Ağın başrolünde İstanbul Sarıyer'de restoran sahibi Musa Şit'in olduğunu aktaran Mine M., bu kişinin rüşvetle iş çözdüğünü belirtti. HÜSEYİN AVNİ SİPAHİ'Yİ UYARAN EKİP Sabah gazetesinin haberine göre, aralarında Musa Şit ve avukat Buket Tekışık'ın da yer aldığı 5 şüpheli tutuklandı. Şebekenin merkezindeki eski savcı Bayram Gülhan'ın, Aralık 2022'deki operasyon öncesinde eski Beşiktaş Belediye Başkan Yardımcısı Hüseyin Avni Sipahi'ye bilgi sızdırdığı saptanmıştı. 500 bin dolarlık rüşvet anlaşmasıyla Sipahi'nin eşi ve şoförüyle birlikte delil kaçırmasına göz yumulmuştu. Soruşturmada İYİ Parti Kocaeli Milletvekili Lütfü Türkkan'ın taraf olduğu dava da öne çıktı. İstanbul 4. İcra Hukuk Mahkemesindeki davanın, Musa Şit ve firari Y.A. aracılığıyla Türkkan lehine sonuçlandırıldığı saptanarak dosya tefrik edilip Ankara'ya gönderildi. İMAMOĞLU LOBİSİYLE ORTAK HAREKET 2022-2024 yılları arasında Musa Şit'in restoranında ve Ankara'daki bir otelde yargı mensupları, avukatlar ve siyasilerin buluşup para karşılığı kararlara müdahale ettiği anlaşıldı. Örgüt lideri Musa Şit'in, Akın Gürlek'i İstanbul Cumhuriyet Başsavcılığı döneminden itibaren izlettiği, Ekrem İmamoğlu lobisiyle koordineli hareket ederek tapu ve montaj görsellerle kumpas haberleri servis ettirdiği saptandı. Şit'in, Gürlek'in bir din görevlisiyle olan görüntüsünü montajlatıp muhalif basına ve trollere verdirdiği belirlendi. Başsavcılık soruşturmayı çok yönlü sürdürüyor.","Yargıdaki rüşvet ağından Bakan Gürlek'e kumpas girişimi! İmamoğlu detayı ortaya çıktı Yargıdaki rüşvet ağından Bakan Gürlek'e kumpas girişimi! İmamoğlu detayı ortaya çıktı A Haber Yargıdaki rüşvet soruşturmasında çarpıcı gelişme! Bakan Akın Gürlek'e yönelik kumpas girişimi, Mine M.'nin ihbar dilekçesiyle ortaya çıktı. Giriş Tarihi: 08 Ekim 2026 09:06 Son Güncelleme: 08 Ekim 2026 09:40 ahaber.com.tr Haber Merkezi Giriş Tarihi: 08 Ekim 2026 09:06 Son Güncelleme: 08 Ekim 2026 09:40 ahaber.com.tr Haber Merkezi Bakırköy Cumhuriyet Başsavcılığının yürüttüğü yargıdaki rüşvet soruşturmasını deşifre eden cezaevindeki Mine M.'nin verdiği ihbar dilekçesi ortaya çıktı. Daha önce CHP'li Beşiktaş Belediye Başkanı Hüseyin Avni Sipahi'ye yapılacak operasyonu 500 bin dolar karşılığında sızdırdığı saptanan, içerisinde savcıların da olduğu ve liderliğini Musa Şit'in yaptığı şebekenin, Adalet Bakanı Akın Gürlek 'i fiziksel takibe alarak Ekrem İmamoğlu lobisiyle birlikte montajlı kumpas hazırladığı deşifre oldu. Bakırköy Cumhuriyet Başsavcılığınca yürütülen yargıdaki rüşvet soruşturmasında, yargıdaki kirli çetenin Adalet Bakanı Akın Gürlek'i fiziksel takibe alıp kumpas kurmaya çalıştığı ortaya çıktı. Yargıdaki ağın köklerini, tutuklu Mine M. isimli kadın deşifre etti. Ağın başrolünde İstanbul Sarıyer'de restoran sahibi Musa Şit'in olduğunu aktaran Mine M., bu kişinin rüşvetle iş çözdüğünü belirtti. Şebekenin merkezindeki eski savcı Bayram Gülhan'ın, Aralık 2022'deki operasyon öncesinde eski Beşiktaş Belediye Başkan Yardımcısı Hüseyin Avni Sipahi'ye bilgi sızdırdığı saptanmıştı. 500 bin dolarlık rüşvet anlaşmasıyla Sipahi'nin eşi ve şoförüyle birlikte delil kaçırmasına göz yumulmuştu. Soruşturmada İYİ Parti Kocaeli Milletvekili Lütfü Türkkan'ın taraf olduğu dava da öne çıktı. İcra Hukuk Mahkemesindeki davanın, Musa Şit ve firari Y.A. İMAMOĞLU LOBİSİYLE ORTAK HAREKET 2022-2024 yılları arasında Musa Şit'in restoranında ve Ankara'daki bir otelde yargı mensupları, avukatlar ve siyasilerin buluşup para karşılığı kararlara müdahale ettiği anlaşıldı. Örgüt lideri Musa Şit'in, Akın Gürlek'i İstanbul Cumhuriyet Başsavcılığı döneminden itibaren izlettiği, Ekrem İmamoğlu lobisiyle koordineli hareket ederek tapu ve montaj görsellerle kumpas haberleri servis ettirdiği saptandı. Şit'in, Gürlek'in bir din görevlisiyle olan görüntüsünü montajlatıp muhalif basına ve trollere verdirdiği belirlendi. Başsavcılık soruşturmayı çok yönlü sürdürüyor. Savcı rüşvete aracılık suçlarından tutuklandı SAVCI ""RÜŞVETE ARACILIK"" SUÇLARINDAN TUTUKLANDI #Hüseyin Avni Sipahi #Akın Gürlek #Ekrem İmamoğlu Önceki Haber Bolu'yu kaplayan sis bulutu görüntülendi! 25 derece sonrası yağışlı hava geliyor Önceki Haber Bolu'yu kaplayan sis bulutu görüntülendi! 25 derece sonrası yağışlı hava geliyor Mobil uygulamalarımızı indirin Yargıdaki rüşvet ağından Bakan Akın Gürlek’e kumpas girişimi! İhbar dilekçesi ile İmamoğlu izi deşifre oldu Daha önce CHP'li Beşiktaş Belediye Başkanı Hüseyin Avni Sipahi'ye yapılacak operasyonu 500 bin dolar karşılığında sızdırdığı saptanan, içerisinde savcıların da olduğu ve liderliğini Musa Şit'in yaptığı şebekenin, Adalet Bakanı Akın Gürlek 'i fiziksel takibe alarak Ekrem İmamoğlu lobisiyle birlikte montajlı kumpas hazırladığı deşifre oldu.",browser_full_article,https://www.ahaber.com.tr/gundem/2026/10/08/yargidaki-rusvet-agindan-bakan-akin-gurleke-kumpas-girisimi-ihbar-dilekcesi-ile-imamoglu-izi-desifre-oldu,İstanbul | Elazığ,Ağın | Sarıyer,,,,,,firma yok | faaliyet/tesis yok,,,,maps araması yapılmadı,,,124.75,152
2026-10-08 04:04:21,rüşvet,Diğer,Ağaç A.Ş.'deki rüşvet sarmalında yeni itiraf,Ağaç A.Ş.'deki rüşvet sarmalında yeni itiraf Sabah,https://news.google.com/rss/articles/CBMijwFBVV95cUxNRkJtN29RRlkzbS1RQ3B4bE5uc09xNmFNa1luaE1ZeTc3NTZ5aFRQYzJnTVRKUlg4MUczNk8xUE5GZGF5Si1veV9pZnQ1bkNVejNEekMzTkR2MmlJZW5QcklSaUZYdnV1dkJTRjVqdDlaamJqTjJTQ3BCRmZDOUFPY2RfUUpyTUlVSjNNQUxyWdIBjwFBVV95cUxNRkJtN29RRlkzbS1RQ3B4bE5uc09xNmFNa1luaE1ZeTc3NTZ5aFRQYzJnTVRKUlg4MUczNk8xUE5GZGF5Si1veV9pZnQ1bkNVejNEekMzTkR2MmlJZW5QcklSaUZYdnV1dkJTRjVqdDlaamJqTjJTQ3BCRmZDOUFPY2RfUUpyTUlVSjNNQUxyWQ?oc=5,A.Ş.,,"Ağaç A.Ş.'deki rüşvet sarmalında yeni itiraf İmamoğlu Çıkar Amaçlı Suç Örgütü davasının 2. celsesinin 30. duruşmasına Ağaç AŞ tedarikçisi itirafçı Süleyman Uzun'un beyanları damga vurdu. Hakim karşısına çıkan işadamı Süleyman Uzun, verdiği ifadesinin arkasında olduğunu söyleyerek İBB Ağaç A.Ş.'deki rüşvet ve ihaleye fesat karıştırma çarkını... Ağaç A.Ş.'deki rüşvet sarmalında yeni itiraf Haberler Gündem Haberleri Ağaç A.Ş.'deki rüşvet sarmalında yeni itiraf Giriş Tarihi: 08.10.2026 Batuhan ALTINBAŞ Gündem Haberleri Atilla Taş'ın kızı Sezen Taş'tan acı haber! 14. kattan düşerek hayatını kaybetti: O sözler tekrar gündeme geldi Mercan Köşk'te ayrılık rüzgarları! Cemre'nin veda kararı Aras'ı sarsacak! Ağaç A.Ş.'deki rüşvet sarmalında yeni itiraf","Ağaç A.Ş.'deki rüşvet sarmalında yeni itiraf Ağaç A.Ş.'deki rüşvet sarmalında yeni itiraf Sabah Ağaç A.Ş.'deki rüşvet sarmalında yeni itiraf İmamoğlu Çıkar Amaçlı Suç Örgütü davasının 2. duruşmasına Ağaç AŞ tedarikçisi itirafçı Süleyman Uzun'un beyanları damga vurdu. Hakim karşısına çıkan işadamı Süleyman Uzun, verdiği ifadesinin arkasında olduğunu söyleyerek İBB Ağaç A.Ş.'deki rüşvet ve ihaleye fesat karıştırma çarkını... Ağaç A.Ş.'deki rüşvet sarmalında yeni itiraf Haberler Gündem Haberleri Ağaç A.Ş.'deki rüşvet sarmalında yeni itiraf Giriş Tarihi: 08.10.2026 Batuhan ALTINBAŞ Gündem Haberleri Atilla Taş'ın kızı Sezen Taş'tan acı haber! Cemre'nin veda kararı Aras'ı sarsacak! Ağaç A.Ş.'deki rüşvet sarmalında yeni itiraf",browser_full_article,https://m.sabah.com.tr/gundem/2026/10/08/agac-asdeki-rusvet-sarmalinda-yeni-itiraf/amp,,,,,,Ağaç A.Ş.'deki | İBB Ağaç A.Ş,Ağaç A.Ş.'deki:328:body+summary+title | Ağaç AŞ:73:body | İBB Ağaç A.Ş:raw_legal,il yok | ilçe yok | faaliyet/tesis yok,Ağaç A.Ş.'deki Türkiye | İBB Ağaç A.Ş Türkiye,İSTANBUL AĞAÇ A.Ş | İBB Ağaç ve Peyzaj A.Ş | Ağaç A.Ş | İSTANBUL AĞAÇ BUDAMA,İSTANBUL AĞAÇ A.Ş,firma adı + güvenli maps adayı var,100 | 100.0 | 100.0 | 100,,156.01,153
2026-10-08 19:51:00,şüpheli para transferi,Operasyon / Soruşturma / Suç,Zonguldak'ta kaçak maden soruşturmasında 16 şüpheli gözaltına alındı,Zonguldak'ta kaçak maden soruşturmasında 16 şüpheli gözaltına alındı Diriliş Postası,https://news.google.com/rss/articles/CBMipAFBVV95cUxObERKeUYtVW8yX1JiRnZERTlUUHRweDR2VEZaTGVxZWxuNTNNMTA5TDVERUxEeXFld3JRenhDTVJoZ1o3bWM3QW96Q0tZa2dnRlpzYzhLQ211R1MtckJVeDU3cV9vMlpMM3ZVd050X2FEcVRya1ZUamlrNWZiYlJqM3pFYkNSWmxOUjBnS2R3S25KdGZQdFVEdWs1WHA0OGV6N3lfZNIBpAFBVV95cUxObERKeUYtVW8yX1JiRnZERTlUUHRweDR2VEZaTGVxZWxuNTNNMTA5TDVERUxEeXFld3JRenhDTVJoZ1o3bWM3QW96Q0tZa2dnRlpzYzhLQ211R1MtckJVeDU3cV9vMlpMM3ZVd050X2FEcVRya1ZUamlrNWZiYlJqM3pFYkNSWmxOUjBnS2R3S25KdGZQdFVEdWs1WHA0OGV6N3lfZA?oc=5,maden,,"Zonguldak Cumhuriyet Başsavcılığınca yürütülen soruşturma kapsamında İl Emniyet Müdürlüğü Kaçakçılık ve Organize Suçlarla Mücadele (KOM) Şube Müdürlüğü ekiplerince iki ayrı operasyon düzenlendi. Denetimlerin önceden haber verildiği iddiası Başsavcılık, Kilimli ilçesinde faaliyet gösteren bazı kaçak ve ruhsatsız maden ocaklarına yönelik denetim ve imha işlemleri öncesinde işletmecilere bilgi sızdırıldığı ve bu işlemlerin engellenmesi veya geciktirilmesi karşılığında maddi menfaat sağlandığı iddialarını araştırmaya başladı. İlk operasyonda 8 şüpheli yakalandı Soruşturma kapsamında elde edilen delil ve tespitler doğrultusunda 5 Ekim'de saat 07.00'de belirlenen adreslere eş zamanlı operasyon gerçekleştirildi. Operasyonda aralarında 2 kamu görevlisinin de bulunduğu 8 şüpheli gözaltına alındı. Şüphelilerin evlerinde yapılan aramalarda 1 ruhsatsız tabanca ile 68 fişek ele geçirildi. İkinci operasyonda 8 şüpheli daha gözaltına alındı Soruşturma kapsamında alınan ifadeler ve yapılan ilave araştırmaların ardından 6 Ekim'de saat 08.00'de ikinci operasyon düzenlendi. Operasyonda, rödovans sözleşmesi kapsamında maden işletmeciliği yapan bir kişinin de aralarında bulunduğu 8 şüpheli daha yakalandı. Böylece soruşturma kapsamında gözaltına alınanların sayısı 16'ya yükseldi. 4 şüpheli tutuklandı Emniyetteki işlemlerinin ardından 16 şüpheli, 8 Ekim'de Zonguldak Cumhuriyet Başsavcılığına sevk edildi. Adli işlemler sonucunda 4 şüpheli tutuklanırken, 8 şüpheli adli kontrol şartıyla serbest bırakıldı. Diğer 4 şüpheli ise savcılık tarafından serbest bırakıldı. Adli kontrol talebi kapsamında 2 şüphelinin mahkemeye sevk edildiği, 6 şüphelinin ise mahkeme kararıyla adli kontrol şartıyla serbest bırakıldığı belirtildi. Soruşturma sürüyor Zonguldak Cumhuriyet Başsavcılığından yapılan açıklamada, kaçak maden ocaklarına yönelik denetim ve imha işlemleriyle bağlantılı rüşvet iddialarına ilişkin soruşturmanın sürdüğü bildirildi. Soruşturma kapsamında maddi gerçeğin tüm yönleriyle ortaya çıkarılması amacıyla delillerin hukuka uygun şekilde toplanması ve değerlendirilmesine devam edildiği belirtildi. Zonguldak'ta kaçak maden soruşturmasında 16 şüpheli gözaltına alındı Zonguldak'ın Kilimli ilçesindeki kaçak ve ruhsatsız maden ocaklarına yönelik denetim ve imha işlemlerinin önceden haber verildiği, işlemlerin engellendiği veya geciktirildiği ve bu yolla maddi menfaat sağlandığı iddiaları üzerine yürütülen soruşturmada 16 şüpheli gözaltına alındı. Şüphelilerden 4'ü tutuklandı. Zonguldak Cumhuriyet Başsavcılığınca yürütülen soruşturma kapsamında İl Emniyet Müdürlüğü Kaçakçılık ve Organize Suçlarla Mücadele (KOM) Şube Müdürlüğü ekiplerince iki ayrı operasyon düzenlendi. Denetimlerin önceden haber verildiği iddiası Başsavcılık, Kilimli ilçesinde faaliyet gösteren bazı kaçak ve ruhsatsız maden ocaklarına yönelik denetim ve imha işlemleri öncesinde işletmecilere bilgi sızdırıldığı ve bu işlemlerin engellenmesi veya geciktirilmesi karşılığında maddi menfaat sağlandığı iddialarını araştırmaya başladı. İlk operasyonda 8 şüpheli yakalandı Soruşturma kapsamında elde edilen delil ve tespitler doğrultusunda 5 Ekim'de saat 07.00'de belirlenen adreslere eş zamanlı operasyon gerçekleştirildi. Operasyonda aralarında 2 kamu görevlisinin de bulunduğu 8 şüpheli gözaltına alındı. Şüphelilerin evlerinde yapılan aramalarda 1 ruhsatsız tabanca ile 68 fişek ele geçirildi. İkinci operasyonda 8 şüpheli daha gözaltına alındı Soruşturma kapsamında alınan ifadeler ve yapılan ilave araştırmaların ardından 6 Ekim'de saat 08.00'de ikinci operasyon düzenlendi. Operasyonda, rödovans sözleşmesi kapsamında maden işletmeciliği yapan bir kişinin de aralarında bulunduğu 8 şüpheli daha yakalandı. Böylece soruşturma kapsamında gözaltına alınanların sayısı 16'ya yükseldi. Emniyetteki işlemlerinin ardından 16 şüpheli, 8 Ekim'de Zonguldak Cumhuriyet Başsavcılığına sevk edildi. Adli işlemler sonucunda 4 şüpheli tutuklanırken, 8 şüpheli adli kontrol şartıyla serbest bırakıldı. Diğer 4 şüpheli ise savcılık tarafından serbest bırakıldı. Adli kontrol talebi kapsamında 2 şüphelinin mahkemeye sevk edildiği, 6 şüphelinin ise mahkeme kararıyla adli kontrol şartıyla serbest bırakıldığı belirtildi. Zonguldak Cumhuriyet Başsavcılığından yapılan açıklamada, kaçak maden ocaklarına yönelik denetim ve imha işlemleriyle bağlantılı rüşvet iddialarına ilişkin soruşturmanın sürdüğü bildirildi. Soruşturma kapsamında maddi gerçeğin tüm yönleriyle ortaya çıkarılması amacıyla delillerin hukuka uygun şekilde toplanması ve değerlendirilmesine devam edildiği belirtildi.","Zonguldak'ta kaçak maden soruşturmasında 16 şüpheli gözaltına alındı Zonguldak'ta kaçak maden soruşturmasında 16 şüpheli gözaltına alındı Diriliş Postası Zonguldak Cumhuriyet Başsavcılığınca yürütülen soruşturma kapsamında İl Emniyet Müdürlüğü Kaçakçılık ve Organize Suçlarla Mücadele (KOM) Şube Müdürlüğü ekiplerince iki ayrı operasyon düzenlendi. Denetimlerin önceden haber verildiği iddiası Başsavcılık, Kilimli ilçesinde faaliyet gösteren bazı kaçak ve ruhsatsız maden ocaklarına yönelik denetim ve imha işlemleri öncesinde işletmecilere bilgi sızdırıldığı ve bu işlemlerin engellenmesi veya geciktirilmesi karşılığında maddi menfaat sağlandığı iddialarını araştırmaya başladı. İlk operasyonda 8 şüpheli yakalandı Soruşturma kapsamında elde edilen delil ve tespitler doğrultusunda 5 Ekim'de saat 07.00'de belirlenen adreslere eş zamanlı operasyon gerçekleştirildi. Operasyonda aralarında 2 kamu görevlisinin de bulunduğu 8 şüpheli gözaltına alındı. Şüphelilerin evlerinde yapılan aramalarda 1 ruhsatsız tabanca ile 68 fişek ele geçirildi. İkinci operasyonda 8 şüpheli daha gözaltına alındı Soruşturma kapsamında alınan ifadeler ve yapılan ilave araştırmaların ardından 6 Ekim'de saat 08.00'de ikinci operasyon düzenlendi. Operasyonda, rödovans sözleşmesi kapsamında maden işletmeciliği yapan bir kişinin de aralarında bulunduğu 8 şüpheli daha yakalandı. Böylece soruşturma kapsamında gözaltına alınanların sayısı 16'ya yükseldi. 4 şüpheli tutuklandı Emniyetteki işlemlerinin ardından 16 şüpheli, 8 Ekim'de Zonguldak Cumhuriyet Başsavcılığına sevk edildi. Adli işlemler sonucunda 4 şüpheli tutuklanırken, 8 şüpheli adli kontrol şartıyla serbest bırakıldı. Diğer 4 şüpheli ise savcılık tarafından serbest bırakıldı. Adli kontrol talebi kapsamında 2 şüphelinin mahkemeye sevk edildiği, 6 şüphelinin ise mahkeme kararıyla adli kontrol şartıyla serbest bırakıldığı belirtildi. Soruşturma sürüyor Zonguldak Cumhuriyet Başsavcılığından yapılan açıklamada, kaçak maden ocaklarına yönelik denetim ve imha işlemleriyle bağlantılı rüşvet iddialarına ilişkin soruşturmanın sürdüğü bildirildi. Soruşturma kapsamında maddi gerçeğin tüm yönleriyle ortaya çıkarılması amacıyla delillerin hukuka uygun şekilde toplanması ve değerlendirilmesine devam edildiği belirtildi. Zonguldak'ta kaçak maden soruşturmasında 16 şüpheli gözaltına alındı Zonguldak'ın Kilimli ilçesindeki kaçak ve ruhsatsız maden ocaklarına yönelik denetim ve imha işlemlerinin önceden haber verildiği, işlemlerin engellendiği veya geciktirildiği ve bu yolla maddi menfaat sağlandığı iddiaları üzerine yürütülen soruşturmada 16 şüpheli gözaltına alındı. Emniyetteki işlemlerinin ardından 16 şüpheli, 8 Ekim'de Zonguldak Cumhuriyet Başsavcılığına sevk edildi. Zonguldak Cumhuriyet Başsavcılığından yapılan açıklamada, kaçak maden ocaklarına yönelik denetim ve imha işlemleriyle bağlantılı rüşvet iddialarına ilişkin soruşturmanın sürdüğü bildirildi.",browser_full_article_dom,https://news.google.com/rss/articles/CBMipAFBVV95cUxObERKeUYtVW8yX1JiRnZERTlUUHRweDR2VEZaTGVxZWxuNTNNMTA5TDVERUxEeXFld3JRenhDTVJoZ1o3bWM3QW96Q0tZa2dnRlpzYzhLQ211R1MtckJVeDU3cV9vMlpMM3ZVd050X2FEcVRya1ZUamlrNWZiYlJqM3pFYkNSWmxOUjBnS2R3S25KdGZQdFVEdWs1WHA0OGV6N3lfZNIBpAFBVV95cUxObERKeUYtVW8yX1JiRnZERTlUUHRweDR2VEZaTGVxZWxuNTNNMTA5TDVERUxEeXFld3JRenhDTVJoZ1o3bWM3QW96Q0tZa2dnRlpzYzhLQ211R1MtckJVeDU3cV9vMlpMM3ZVd050X2FEcVRya1ZUamlrNWZiYlJqM3pFYkNSWmxOUjBnS2R3S25KdGZQdFVEdWs1WHA0OGV6N3lfZA?oc=5&hl=tr&gl=TR&ceid=TR:tr,Zonguldak,Kilimli,,,,,,firma yok | faaliyet/tesis yok,,,,maps araması yapılmadı,,,114.0,154
2026-10-08 10:28:15,rüşvet,Operasyon / Soruşturma / Suç,Ruhsatsız maden ocaklarında “rüşvet” soruşturması: 16 kişi adliyede... Şüpheli ölüm araştırılıyor,Ruhsatsız maden ocaklarında “rüşvet” soruşturması: 16 kişi adliyede... Şüpheli ölüm araştırılıyor Odatv,https://news.google.com/rss/articles/CBMiygFBVV95cUxObExHX19lUk51dXFJOW9sV2hSclBUcWM3X2hlNkJSRU5Ob0c2eFdJQWpKZzNoblRuT2MwSW5OWklNQlJIQkh1VF8zM2l6YlVBZFJqcVcxaXBEYk13azJPSEpoSDRSQ2lINE1sNDlHSHVNOFFFU0dhbGNJOXZpbGZiZktRLVVPXzdBYmJyckVXMHBoNllEUFh5dFpSNUhhVDF6MlJIYlQxdjNaOGVRUXFyc1ZzOXU1OG12bVVVR2FGUFZBOW5RckFGeUtn?oc=5,maden,,Zonguldak'ta ruhsatsız işletilen maden ocaklarına yönelik denetimlerde rüşvet alındığı iddialarıyla başlatılan soruşturma kapsamında 16 şüpheli adliyeye sevk edildi. Şüpheliler arasında Türkiye Taşkömürü Kurumu'nda (TTK) görev yapan maden ocağı imha görevlileri ile iki orman muhafaza memuru var.,Ruhsatsız maden ocaklarında “rüşvet” soruşturması: 16 kişi adliyede... Şüpheli ölüm araştırılıyor Ruhsatsız maden ocaklarında “rüşvet” soruşturması: 16 kişi adliyede... Şüpheli ölüm araştırılıyor Odatv Zonguldak'ta ruhsatsız işletilen maden ocaklarına yönelik denetimlerde rüşvet alındığı iddialarıyla başlatılan soruşturma kapsamında 16 şüpheli adliyeye sevk edildi. Şüpheliler arasında Türkiye Taşkömürü Kurumu'nda (TTK) görev yapan maden ocağı imha görevlileri ile iki orman muhafaza memuru var.,browser_full_article,https://www.odatv.com/guncel/ruhsatsiz-maden-ocaklarinda-rusvet-sorusturmasi-16-kisi-adliyede-supheli-olum-arastiriliyor-120165768,Zonguldak,,,,,,,ilçe yok | firma yok | faaliyet/tesis yok,,,,maps araması yapılmadı,,,103.21,155
2026-10-04 07:31:56,şirketlere operasyon,Operasyon / Soruşturma / Suç,"155 firma, 52 gözaltı... Sahte belgelerle 31 milyarlık vurgun","155 firma, 52 gözaltı... Sahte belgelerle 31 milyarlık vurgun Odatv",https://news.google.com/rss/articles/CBMinAFBVV95cUxQc2pFZ3BVNDhUd2RtNEhaM3doczQxWGIwYURwZWFOMm5HQWQ3NTBUenA2cVpBUlNMR0J1aUdCLW1QSVRXNm1SbjBzSVM1S0ZjNFdVakMzOVAzM1cySVJ0MmF6NWZTckE3RHRuVkx5am54aEREZTEzcUxJMnJycHppS2ZaVUs0MlFtOEdSbHg5YTF1dlhlOGxwSnYwMmM?oc=5,firma,şirket / firma,"155 firma, 52 gözaltı... Sahte belgelerle 31 milyarlık vurgun Odatv","155 firma, 52 gözaltı... Sahte belgelerle 31 milyarlık vurgun 155 firma, 52 gözaltı... Sahte belgelerle 31 milyarlık vurgun Odatv Sahte belgelerle 31 milyarlık vurgun Odatv",browser_failed,https://www.odatv.com/guncel/155-firma-52-gozalti-sahte-belgelerle-31-milyarlik-vurgun-120165116,,,,,,,,il yok | ilçe yok | firma yok | faaliyet/tesis yok,,,,maps araması yapılmadı,,,55.92,156
2026-10-08 13:28:28,şirketlere operasyon,Operasyon / Soruşturma / Suç,Bursa'da AB fonu yalanıyla 6 şirketi yaklaşık 30 milyon TL dolandırdılar: 9 gözaltı,Bursa'da AB fonu yalanıyla 6 şirketi yaklaşık 30 milyon TL dolandırdılar: 9 gözaltı Yeni Akit Gazetesi,https://news.google.com/rss/articles/CBMixwFBVV95cUxQNTZDdXhqMnVKaHFKLUJkZDNYaDhKSjBrdVZsZmxmSU1kMkVPSXg3N2pBVWJCMmN2cFE3bWxOdjl3WFhKOWxOWkZmX21CX1ZtWllSck9NWkx5SkRMaVpYblpKbVZobUhXQzNXUHRtVWlIb1gwYmM5bS1DZHB3X1Q3VDdaeFJsa0xHVmptV3IwQjdXSm9HNUR6TnljZGhhVWNjV3BhS0dtVmNVMHdfVy1sQVJXUzYwV1dfWlBQellyVGtTeTdZaXA00gHDAUFVX3lxTFBJMy1fWmlEWnZZRXh2c21abWs4alQ5UjhKb3o2NUF0SzFhUEt6SWs2cHdRNXptRktseVlrSmVuaHd6MktkNTRPcDVGMTBBVGtqLTA4d2E5VnE2MEhFWUhreFZfTDRXOFhORmgtTFFTeVFvZGp4T1k2bDRaTkVmV0ZhczhqYURGbk5XRGJYd3p2RjJkSlJkV3RGcUZXSTRJLXZhZ3FHbklmQWswQktPaXAza2lPdFU2NzJJUGs2b1F6c1M1SQ?oc=5,şirket,şirket / firma,Bursa'da AB fonu vaadiyle 6 şirketi yaklaşık 30 milyon TL dolandırdığı belirlenen 9 şüpheli gözaltına alındı; 10 adreste 10 kilogram külçe altın ele geçirildi. Bursa'da AB fonu vaadiyle 6 şirketi yaklaşık 30 milyon TL dolandırdığı belirlenen 9 şüpheli gözaltına alındı; 10 adreste 10 kilogram külçe altın ele geçirildi. Bursa'da AB fonu vaadiyle 6 şirketi yaklaşık 30 milyon TL dolandırdığı belirlenen 9 şüpheli gözaltına alındı; 10 adreste 10 kilogram külçe altın ele geçirildi.,Bursa'da AB fonu yalanıyla 6 şirketi yaklaşık 30 milyon TL dolandırdılar: 9 gözaltı Bursa'da AB fonu yalanıyla 6 şirketi yaklaşık 30 milyon TL dolandırdılar: 9 gözaltı Yeni Akit Gazetesi Bursa'da AB fonu vaadiyle 6 şirketi yaklaşık 30 milyon TL dolandırdığı belirlenen 9 şüpheli gözaltına alındı; 10 adreste 10 kilogram külçe altın ele geçirildi.,browser_full_article,https://www.yeniakit.com.tr/haber/bursada-ab-fonu-yalaniyla-6-sirketi-yaklasik-30-milyon-tl-dolandirdilar-9-gozalti-2027136.html,Bursa,,,,,,,ilçe yok | firma yok | faaliyet/tesis yok,,,,maps araması yapılmadı,,,97.79,157
2026-10-08 16:18:41,şirketlere operasyon,Dolandırıcılık / Sahtecilik,Bursa’da Ab Desteği Vaadiyle Şirketleri Hedef Alan Dolandırıcılık Operasyonu,"Bursa’da Ab Desteği Vaadiyle Şirketleri Hedef Alan Dolandırıcılık Operasyonu Yurt Haberleri | Gaziantep Haberleri, Son Dakika ve Güncel Haberler",https://news.google.com/rss/articles/CBMiowFBVV95cUxPcGtPa3Zhcm4zX292VVNiWnpSdlMycG9xa3lGbnlpRUVhZEkyeGtCeUthSzZQaGt0eDZJZW8tWWxlVURMZlBhdlU1WUMwRk90alFiUUNVNXpOMWVjSDJqRFZtVkhGdWxSUi05X0NZX01LbkFXeHhvU2g3TFpOS1FEN3Z2Q21aTFpuZTRhalZnZTZPQmVxT0JqVjJDdkljSzB3ZF9Z0gGoAUFVX3lxTE94emQ5dXFvanFXeldXeDNuVmN2WXk2REhuYmd4YU1Qczh5MUNrTDBFOGRFLTFPZU84RmFiRlppd2pKbl8xekxENXFqREtYbFNDc25fTUdST3dlR2g1R2pCX2tBN1lMMnExRnFza1lTYVR2WUNCZ1ZhLUJoMERHdllxRkZybWFQRjI0YU1mV21TZjBxd09QbE9zTGkzWTZic3NpZWR3UlhiSw?oc=5,şirket,şirket / firma,"Bursa’da Ab Desteği Vaadiyle Şirketleri Hedef Alan Dolandırıcılık Operasyonu Yurt Haberleri | Gaziantep Haberleri, Son Dakika ve Güncel Haberler","Bursa’da Ab Desteği Vaadiyle Şirketleri Hedef Alan Dolandırıcılık Operasyonu Bursa’da Ab Desteği Vaadiyle Şirketleri Hedef Alan Dolandırıcılık Operasyonu Yurt Haberleri | Gaziantep Haberleri, Son Dakika ve Güncel Haberler Bursa’da Ab Desteği Vaadiyle Şirketleri Hedef Alan Dolandırıcılık Operasyonu Yurt Haberleri | Gaziantep Haberleri, Son Dakika ve Güncel Haberler",browser_failed,https://news.google.com/rss/articles/CBMiowFBVV95cUxPcGtPa3Zhcm4zX292VVNiWnpSdlMycG9xa3lGbnlpRUVhZEkyeGtCeUthSzZQaGt0eDZJZW8tWWxlVURMZlBhdlU1WUMwRk90alFiUUNVNXpOMWVjSDJqRFZtVkhGdWxSUi05X0NZX01LbkFXeHhvU2g3TFpOS1FEN3Z2Q21aTFpuZTRhalZnZTZPQmVxT0JqVjJDdkljSzB3ZF9Z0gGoAUFVX3lxTE94emQ5dXFvanFXeldXeDNuVmN2WXk2REhuYmd4YU1Qczh5MUNrTDBFOGRFLTFPZU84RmFiRlppd2pKbl8xekxENXFqREtYbFNDc25fTUdST3dlR2g1R2pCX2tBN1lMMnExRnFza1lTYVR2WUNCZ1ZhLUJoMERHdllxRkZybWFQRjI0YU1mV21TZjBxd09QbE9zTGkzWTZic3NpZWR3UlhiSw?oc=5&hl=tr&gl=TR&ceid=TR:tr,Bursa,,,,,,,ilçe yok | firma yok | faaliyet/tesis yok,,,,maps araması yapılmadı,,,101.44,158
2026-10-08 10:44:43,yolsuzluk,Operasyon / Soruşturma / Suç,Yahşihan Belediyesi odaklı soruşturma: 2 bin 31 taşınmaza el konuldu,Yahşihan Belediyesi odaklı soruşturma: 2 bin 31 taşınmaza el konuldu Diken,https://news.google.com/rss/articles/CBMimAFBVV95cUxNRnYxMy01LWQ3bEdtUk1RQjYyVzVyVGdLeVJtRXRfQnpOZmR0MTR0RDN0TDRhWTF2eXduMExVMURMa05HckFXYllKNmpYOTk2OEFFYXpWYkFtOUstNTFFS2R4dWJqbklaOVhkRDR2VG1XVVBaOFZqdExKUlpfa3MwM2tnZWU4bkV5dEl4S3ZMclpxR0FOREJnNg?oc=5,el konuldu,,"08.10.2026 - Kırıkkale’de Yahşihan Belediyesi odaklı 'yolsuzluk' operasyonunda dokuz kişi daha gözaltına alındı, 2 bin 31 taşınmaza el konuldu. 08.10.2026 - Kırıkkale’de Yahşihan Belediyesi odaklı 'yolsuzluk' operasyonunda dokuz kişi daha gözaltına alındı, 2 bin 31 taşınmaza el konuldu. 08.10.2026 - Kırıkkale’de Yahşihan Belediyesi odaklı 'yolsuzluk' operasyonunda dokuz kişi daha gözaltına alındı, 2 bin 31 taşınmaza el konuldu. Yahşihan Belediyesi odaklı soruşturma: 2 bin 31 taşınmaza el konuldu 08/10/2026 13:44 Okuma süresi: 1 dk. WhatsApp X Facebook Telegram Linkedin Copy URL Pinterest ReddIt Flip Email Yazdır Kırıkkale’de Yahşihan Belediyesi odaklı ‘yolsuzluk’ operasyonunda dokuz kişi daha gözaltına alındı, 2 bin 31 taşınmaza el konuldu. Fotoğraf: AA Kırıkkale başsavcılığınca yürütülen soruşturmada suçlamalar, ‘ suç işlemek amacıyla örgüt kurma’, ‘suç işlemek amacıyla kurulmuş örgüte üye olmak’, ‘rüşvet’, ‘irtikap’, ‘ihaleye fesat karıştırma ve kamu kurum ve kuruluşlarının zararına dolandırıcılık ‘. Eski belediye başkanları AKP’li Ahmet Sungur ve MHP’li Osman Türkyılmaz dahil 15 kişi 29 Eylül’de tutuklanmıştı . Savcılık talimatıyla jandarma bugün (8 Ekim) sabah operasyon düzenledi. Belediye başkanvekili Yahşihan Belediyesi Başkan Vekili Aydın Demirdirek dahil dokuz kişi gözaltına alındı. Bilgisayar, cep telefonu, tablet, harici disk, evraklar ve diğer dijital materyallere el konuldu. Başkan yardımcısına kayıtlı 1630 taşınmaz çıktı Soruşturmada 2 bin 31 taşınmaza da el konuldu. Bunlardan 1630’unun belediye başkan yardımcısı S.S.Y., 11’inin Demirdirek, 32’sinin belediye encümen üyesi F.D. ve 22’sinin de belediye encümen üyesi Ö.H. adına kayıtlı olduğu tespit edildi. S.S.Y.’nin, tutuklu Sungur’un finansal işlerini yürüttüğü ve ‘kasası’ olduğu yönünde ifadelerin bulunduğu öne sürüldü. Soruşturmada ‘örgüt elebaşı’ olarak yer alan, tutuklu eski imar müdürü U.B.’nin yakınlarının mal varlıklarına da tedbir getirildi. U.B.’nin eşi E.B. adına kayıtlı 83, kayınvalidesi A.D.’ye kayıtlı 122, baldızı olan sekreteri C.D.’ye kayıtlı 122 ve A.Ö. adına da dokuz olmak üzere toplam 336 taşınmaza el konuldu. Şüphelilerin mal varlıklarının sigorta ve gelir kayıtlarıyla uyumsuz olduğu belirtildi. U.B.’yle eşi E.B.’nin arasındaki para hareketlerinin 72 milyon 153 bin lira olduğu ortaya çıktı. Yahşihan Belediyesi odaklı ‘yolsuzluk’ soruşturması: 15 tutuklama Yahşihan Belediyesi odaklı ‘yolsuzluk’ soruşturması: 31 gözaltı AKP’li Yahşihan belediye başkanı gözaltına alındı WhatsApp X Facebook Telegram Linkedin Copy URL Pinterest ReddIt Flip Email Yazdır Ana Sayfa Aktüel Osman Kavala 3 bin 265 gündür hapiste Kırıkkale’de Yahşihan Belediyesi odaklı ‘yolsuzluk’ operasyonunda dokuz kişi daha gözaltına alındı, 2 bin 31 taşınmaza el konuldu. Fotoğraf: AA Kırıkkale başsavcılığınca yürütülen soruşturmada suçlamalar, ‘ suç işlemek amacıyla örgüt kurma’, ‘suç işlemek amacıyla kurulmuş örgüte üye olmak’, ‘rüşvet’, ‘irtikap’, ‘ihaleye fesat karıştırma ve kamu kurum ve kuruluşlarının zararına dolandırıcılık ‘. Eski belediye başkanları AKP’li Ahmet Sungur ve MHP’li Osman Türkyılmaz dahil 15 kişi 29 Eylül’de tutuklanmıştı . Savcılık talimatıyla jandarma bugün (8 Ekim) sabah operasyon düzenledi. Belediye başkanvekili Yahşihan Belediyesi Başkan Vekili Aydın Demirdirek dahil dokuz kişi gözaltına alındı. Bilgisayar, cep telefonu, tablet, harici disk, evraklar ve diğer dijital materyallere el konuldu. Başkan yardımcısına kayıtlı 1630 taşınmaz çıktı Soruşturmada 2 bin 31 taşınmaza da el konuldu. Bunlardan 1630’unun belediye başkan yardımcısı S.S.Y., 11’inin Demirdirek, 32’sinin belediye encümen üyesi F.D. ve 22’sinin de belediye encümen üyesi Ö.H. adına kayıtlı olduğu tespit edildi. S.S.Y.’nin, tutuklu Sungur’un finansal işlerini yürüttüğü ve ‘kasası’ olduğu yönünde ifadelerin bulunduğu öne sürüldü. Soruşturmada ‘örgüt elebaşı’ olarak yer alan, tutuklu eski imar müdürü U.B.’nin yakınlarının mal varlıklarına da tedbir getirildi. U.B.’nin eşi E.B. adına kayıtlı 83, kayınvalidesi A.D.’ye kayıtlı 122, baldızı olan sekreteri C.D.’ye kayıtlı 122 ve A.Ö. adına da dokuz olmak üzere toplam 336 taşınmaza el konuldu. Şüphelilerin mal varlıklarının sigorta ve gelir kayıtlarıyla uyumsuz olduğu belirtildi. U.B.’yle eşi E.B.’nin arasındaki para hareketlerinin 72 milyon 153 bin lira olduğu ortaya çıktı. Yahşihan Belediyesi odaklı ‘yolsuzluk’ soruşturması: 15 tutuklama Yahşihan Belediyesi odaklı ‘yolsuzluk’ soruşturması: 31 gözaltı AKP’li Yahşihan belediye başkanı gözaltına alındı WhatsApp X Facebook Telegram Linkedin Copy URL Pinterest ReddIt Flip Email Yazdır Ana Sayfa Aktüel Osman Kavala 3 bin 265 gündür hapiste Kırıkkale’de Yahşihan Belediyesi odaklı ‘yolsuzluk’ operasyonunda dokuz kişi daha gözaltına alındı, 2 bin 31 taşınmaza el konuldu. Fotoğraf: AA Kırıkkale başsavcılığınca yürütülen soruşturmada suçlamalar, ‘ suç işlemek amacıyla örgüt kurma’, ‘suç işlemek amacıyla kurulmuş örgüte üye olmak’, ‘rüşvet’, ‘irtikap’, ‘ihaleye fesat karıştırma ve kamu kurum ve kuruluşlarının zararına dolandırıcılık ‘. Eski belediye başkanları AKP’li Ahmet Sungur ve MHP’li Osman Türkyılmaz dahil 15 kişi 29 Eylül’de tutuklanmıştı . Savcılık talimatıyla jandarma bugün (8 Ekim) sabah operasyon düzenledi. Belediye başkanvekili Yahşihan Belediyesi Başkan Vekili Aydın Demirdirek dahil dokuz kişi gözaltına alındı. Bilgisayar, cep telefonu, tablet, harici disk, evraklar ve diğer dijital materyallere el konuldu. Başkan yardımcısına kayıtlı 1630 taşınmaz çıktı Soruşturmada 2 bin 31 taşınmaza da el konuldu. Bunlardan 1630’unun belediye başkan yardımcısı S.S.Y., 11’inin Demirdirek, 32’sinin belediye encümen üyesi F.D. ve 22’sinin de belediye encümen üyesi Ö.H. adına kayıtlı olduğu tespit edildi. S.S.Y.’nin, tutuklu Sungur’un finansal işlerini yürüttüğü ve ‘kasası’ olduğu yönünde ifadelerin bulunduğu öne sürüldü. Soruşturmada ‘örgüt elebaşı’ olarak yer alan, tutuklu eski imar müdürü U.B.’nin yakınlarının mal varlıklarına da tedbir getirildi. U.B.’nin eşi E.B. adına kayıtlı 83, kayınvalidesi A.D.’ye kayıtlı 122, baldızı olan sekreteri C.D.’ye kayıtlı 122 ve A.Ö. adına da dokuz olmak üzere toplam 336 taşınmaza el konuldu. Şüphelilerin mal varlıklarının sigorta ve gelir kayıtlarıyla uyumsuz olduğu belirtildi. U.B.’yle eşi E.B.’nin arasındaki para hareketlerinin 72 milyon 153 bin lira olduğu ortaya çıktı. Yahşihan Belediyesi odaklı ‘yolsuzluk’ soruşturması: 15 tutuklama Yahşihan Belediyesi odaklı ‘yolsuzluk’ soruşturması: 31 gözaltı AKP’li Yahşihan belediye başkanı gözaltına alındı Yahşihan Belediyesi odaklı soruşturma: 2 bin 31 taşınmaza el konuldu Kırıkkale’de Yahşihan Belediyesi odaklı ‘yolsuzluk’ operasyonunda dokuz kişi daha gözaltına alındı, 2 bin 31 taşınmaza el konuldu. Kırıkkale başsavcılığınca yürütülen soruşturmada suçlamalar, ‘ suç işlemek amacıyla örgüt kurma’, ‘suç işlemek amacıyla kurulmuş örgüte üye olmak’, ‘rüşvet’, ‘irtikap’, ‘ihaleye fesat karıştırma ve kamu kurum ve kuruluşlarının zararına dolandırıcılık ‘. Eski belediye başkanları AKP’li Ahmet Sungur ve MHP’li Osman Türkyılmaz dahil 15 kişi 29 Eylül’de tutuklanmıştı . Savcılık talimatıyla jandarma bugün (8 Ekim) sabah operasyon düzenledi. Belediye başkanvekili Yahşihan Belediyesi Başkan Vekili Aydın Demirdirek dahil dokuz kişi gözaltına alındı. Bilgisayar, cep telefonu, tablet, harici disk, evraklar ve diğer dijital materyallere el konuldu. Soruşturmada 2 bin 31 taşınmaza da el konuldu. Bunlardan 1630’unun belediye başkan yardımcısı S.S.Y., 11’inin Demirdirek, 32’sinin belediye encümen üyesi F.D. ve 22’sinin de belediye encümen üyesi Ö.H. adına kayıtlı olduğu tespit edildi. S.S.Y.’nin, tutuklu Sungur’un finansal işlerini yürüttüğü ve ‘kasası’ olduğu yönünde ifadelerin bulunduğu öne sürüldü. Soruşturmada ‘örgüt elebaşı’ olarak yer alan, tutuklu eski imar müdürü U.B.’nin yakınlarının mal varlıklarına da tedbir getirildi. U.B.’nin eşi E.B. adına kayıtlı 83, kayınvalidesi A.D.’ye kayıtlı 122, baldızı olan sekreteri C.D.’ye kayıtlı 122 ve A.Ö. adına da dokuz olmak üzere toplam 336 taşınmaza el konuldu. Şüphelilerin mal varlıklarının sigorta ve gelir kayıtlarıyla uyumsuz olduğu belirtildi. U.B.’yle eşi E.B.’nin arasındaki para hareketlerinin 72 milyon 153 bin lira olduğu ortaya çıktı. © Keskin Kalem Yayıncılık","Yahşihan Belediyesi odaklı soruşturma: 2 bin 31 taşınmaza el konuldu Yahşihan Belediyesi odaklı soruşturma: 2 bin 31 taşınmaza el konuldu Diken 08.10.2026 - Kırıkkale’de Yahşihan Belediyesi odaklı 'yolsuzluk' operasyonunda dokuz kişi daha gözaltına alındı, 2 bin 31 taşınmaza el konuldu. Yahşihan Belediyesi odaklı soruşturma: 2 bin 31 taşınmaza el konuldu 08/10/2026 13:44 Okuma süresi: 1 dk. WhatsApp X Facebook Telegram Linkedin Copy URL Pinterest ReddIt Flip Email Yazdır Kırıkkale’de Yahşihan Belediyesi odaklı ‘yolsuzluk’ operasyonunda dokuz kişi daha gözaltına alındı, 2 bin 31 taşınmaza el konuldu. Fotoğraf: AA Kırıkkale başsavcılığınca yürütülen soruşturmada suçlamalar, ‘ suç işlemek amacıyla örgüt kurma’, ‘suç işlemek amacıyla kurulmuş örgüte üye olmak’, ‘rüşvet’, ‘irtikap’, ‘ihaleye fesat karıştırma ve kamu kurum ve kuruluşlarının zararına dolandırıcılık ‘. Eski belediye başkanları AKP’li Ahmet Sungur ve MHP’li Osman Türkyılmaz dahil 15 kişi 29 Eylül’de tutuklanmıştı . Savcılık talimatıyla jandarma bugün (8 Ekim) sabah operasyon düzenledi. Belediye başkanvekili Yahşihan Belediyesi Başkan Vekili Aydın Demirdirek dahil dokuz kişi gözaltına alındı. Bilgisayar, cep telefonu, tablet, harici disk, evraklar ve diğer dijital materyallere el konuldu. Başkan yardımcısına kayıtlı 1630 taşınmaz çıktı Soruşturmada 2 bin 31 taşınmaza da el konuldu. Bunlardan 1630’unun belediye başkan yardımcısı S.S.Y., 11’inin Demirdirek, 32’sinin belediye encümen üyesi F.D. S.S.Y.’nin, tutuklu Sungur’un finansal işlerini yürüttüğü ve ‘kasası’ olduğu yönünde ifadelerin bulunduğu öne sürüldü. Soruşturmada ‘örgüt elebaşı’ olarak yer alan, tutuklu eski imar müdürü U.B.’nin yakınlarının mal varlıklarına da tedbir getirildi. adına da dokuz olmak üzere toplam 336 taşınmaza el konuldu. U.B.’yle eşi E.B.’nin arasındaki para hareketlerinin 72 milyon 153 bin lira olduğu ortaya çıktı. Yahşihan Belediyesi odaklı ‘yolsuzluk’ soruşturması: 15 tutuklama Yahşihan Belediyesi odaklı ‘yolsuzluk’ soruşturması: 31 gözaltı AKP’li Yahşihan belediye başkanı gözaltına alındı WhatsApp X Facebook Telegram Linkedin Copy URL Pinterest ReddIt Flip Email Yazdır Ana Sayfa Aktüel Osman Kavala 3 bin 265 gündür hapiste Kırıkkale’de Yahşihan Belediyesi odaklı ‘yolsuzluk’ operasyonunda dokuz kişi daha gözaltına alındı, 2 bin 31 taşınmaza el konuldu. Yahşihan Belediyesi odaklı ‘yolsuzluk’ soruşturması: 15 tutuklama Yahşihan Belediyesi odaklı ‘yolsuzluk’ soruşturması: 31 gözaltı AKP’li Yahşihan belediye başkanı gözaltına alındı Yahşihan Belediyesi odaklı soruşturma: 2 bin 31 taşınmaza el konuldu Kırıkkale’de Yahşihan Belediyesi odaklı ‘yolsuzluk’ operasyonunda dokuz kişi daha gözaltına alındı, 2 bin 31 taşınmaza el konuldu. Kırıkkale başsavcılığınca yürütülen soruşturmada suçlamalar, ‘ suç işlemek amacıyla örgüt kurma’, ‘suç işlemek amacıyla kurulmuş örgüte üye olmak’, ‘rüşvet’, ‘irtikap’, ‘ihaleye fesat karıştırma ve kamu kurum ve kuruluşlarının zararına dolandırıcılık ‘. Soruşturmada 2 bin 31 taşınmaza da el konuldu.",browser_full_article,https://www.diken.com.tr/yahsihan-belediyesi-odakli-sorusturma-2-bin-31-tasinmaza-el-konuldu/,Kırıkkale,,,,,,,ilçe yok | firma yok | faaliyet/tesis yok,,,,maps araması yapılmadı,,,75.5,159
2026-10-08 22:50:46,yolsuzluk,Operasyon / Soruşturma / Suç,Yahşihan Belediyesi yolsuzluk soruşturmasında yeni detay: Özel şoföre bankamatik kadrosu,Yahşihan Belediyesi yolsuzluk soruşturmasında yeni detay: Özel şoföre bankamatik kadrosu Takvim,https://news.google.com/rss/articles/CBMiogFBVV95cUxQdDJwQ2RiUzJwODFvbS1ERHNNdzJMcFhTZDdaZzZ1NndGLW9aSlVtMDNXRjdlbnQxYno3RUxodmFmX2h2SmFjdUQ2SkJCcXBRQW9yeWY3TXd2Z1NIN19td08wbDZqRnpmZUhiazdLSDBNZVZxb29NUUU0dkNmb0NtU1BwV3VEcDFXUGJGeUE0NUxVdExrZDZWZWQ3V05HUm0wUmc?oc=5,banka,finansal kuruluş,"Kırıkkale Yahşihan Belediyesi’ndeki yolsuzluk soruşturmasında yeni detaylar ortaya çıktı. Tutuklu eski İmar Müdürü Ulaş Biçer’in özel şoförü H.G., belediyede... Kırıkkale Yahşihan Belediyesi’ndeki yolsuzluk soruşturmasında yeni detaylar ortaya çıktı. Tutuklu eski İmar Müdürü Ulaş Biçer’in özel şoförü H.G., belediyede... Kırıkkale Yahşihan Belediyesi’ndeki yolsuzluk soruşturmasında yeni detaylar ortaya çıktı. Tutuklu eski İmar Müdürü Ulaş Biçer’in özel şoförü H.G., belediyede... Yahşihan Belediyesi yolsuzluk soruşturmasında yeni detay: Özel şoföre bankamatik kadrosu Kırıkkale Yahşihan Belediyesi'ndeki yolsuzluk soruşturmasında yeni detaylar ortaya çıktı. Tutuklu eski İmar Müdürü Ulaş Biçer'in özel şoförü H.G., belediyede hiç çalışmadan maaş aldığını ve üzerine bedelsiz daire devredildiğini itiraf etti. Takvim.com.tr Giriş Tarihi: 09 Ekim 2026 01:50 Güncelleme Tarihi: 09 Ekim 2026 01:51 Facebook X NSosyal Linki Kopyala Yazı Boyutu Takvim'i Google'a ekleyin, doğru kaynaktan haberi alın! Kırıkkale 'de Yahşihan Belediyesine yönelik ""yolsuzluk"" soruşturmasında, tutuklu eski imar müdürü Ulaş Biçer'in Ankara'daki özel şoförünün, belediyede çalışmadan maaş aldığı iddia edildi. Şoför, ifadesinde kendisine belediyede kadro ayarlandığını, üzerine bedelsiz daire devredildiğini ve Biçer'in gönderdiği paraları çekerek kendisine teslim ettiğini anlattı. Yahşihan Belediyesine ikinci dalga operasyon: Başkan yardımcısından 1.630 taşınmaz çıktı! Hepsine el konuldu Kırıkkale Cumhuriyet Başsavcılığınca Yahşihan Belediyesine yönelik yürütülen ""yolsuzluk"" soruşturmasında yeni detaylara ulaşıldı. İl Jandarma Komutanlığı ekiplerince gerçekleştirilen ilk dalga operasyonda tutuklanan eski Belediye Başkanı Ahmet Sungur, eski İmar Müdürü Ulaş Biçer ve diğer şüphelilerin mali ilişkilerine yönelik incelemeler sürüyor. ""Kamu kurumu zararına dolandırıcılık"" suçundan yürütülen soruşturma kapsamında hazırlanan Mali Suçları Araştırma Kurulu (MASAK) raporunda, müteahhit Cihan Sivri'nin Bahadır Grup Gıda Otomotiv İnşaat şirketi hesabından farklı kişilere para transferleri yaptığı ve şirket hesaplarında yüksek tutarlı para hareketleri bulunduğu belirlendi. ÖZEL ŞOFÖRÜN MAAŞI BELEDİYEDEN ÖDENMİŞ Soruşturma kapsamında ifadesine başvurulan H.G., eski İmar Müdürü Ulaş Biçer'in Ankara'da özel şoförlüğünü yaptığını anlattı. H.G., 2024 yerel seçimlerinin ardından Biçer'in kendisine Yahşihan Belediyesinde kadro ayarladığını öne sürdü. Belediyede fiilen çalışmadığını, Ankara'da Biçer'in özel şoförlüğünü yapmaya devam ettiğini belirten H.G., maaş ve SGK primlerinin ise belediye tarafından karşılandığını iddia etti. Tutuklu Eski İmar Müdürü Ulaş Biçer. (Foto: İHA) ÜZERİNE BEDELSİZ DAİRE DEVREDİLDİĞİNİ ANLATTI H.G., ifadesinde Biçer'in talimatıyla eski Belediye Başkanı Ahmet Sungur'un arkadaşı Seher Gül Çınar'a ait Ankara'daki bir dairenin herhangi bir bedel ödenmeden kendi üzerine devredildiğini ileri sürdü. Biçer'in banka hesabına gönderdiği paraları çekerek kendisine teslim ettiğini belirten H.G., zaman zaman çiftlik çalışanlarının ödemelerini de yaptığını söyledi. Soruşturma kapsamında, H.G.'nin belediyede fiilen çalışmadığı halde personel olarak gösterilerek maaş ve SGK ödemelerinin belediye bütçesinden karşılandığı iddiası ile Biçer arasındaki para ve taşınmaz hareketleri incelemeye alındı. Cumhuriyet Başsavcılığınca yürütülen soruşturmanın, yeni deliller ve mali incelemeler doğrultusunda çok yönlü olarak sürdürüldüğü öğrenildi. SONRAKİ HABER Başkan Erdoğan'dan fon soruşturması mesajı ÖNCEKİ HABER Başakşehir’de okula saldırı kaydı paniği! Nilsu Çakıroğlu Takvim.com.tr Güncel Günün Manşetleri Tüm","Yahşihan Belediyesi yolsuzluk soruşturmasında yeni detay: Özel şoföre bankamatik kadrosu Yahşihan Belediyesi yolsuzluk soruşturmasında yeni detay: Özel şoföre bankamatik kadrosu Takvim Kırıkkale Yahşihan Belediyesi’ndeki yolsuzluk soruşturmasında yeni detaylar ortaya çıktı. Tutuklu eski İmar Müdürü Ulaş Biçer’in özel şoförü H.G., belediyede... Yahşihan Belediyesi yolsuzluk soruşturmasında yeni detay: Özel şoföre bankamatik kadrosu Kırıkkale Yahşihan Belediyesi'ndeki yolsuzluk soruşturmasında yeni detaylar ortaya çıktı. Tutuklu eski İmar Müdürü Ulaş Biçer'in özel şoförü H.G., belediyede hiç çalışmadan maaş aldığını ve üzerine bedelsiz daire devredildiğini itiraf etti. Takvim.com.tr Giriş Tarihi: 09 Ekim 2026 01:50 Güncelleme Tarihi: 09 Ekim 2026 01:51 Facebook X NSosyal Linki Kopyala Yazı Boyutu Takvim'i Google'a ekleyin, doğru kaynaktan haberi alın! Kırıkkale 'de Yahşihan Belediyesine yönelik ""yolsuzluk"" soruşturmasında, tutuklu eski imar müdürü Ulaş Biçer'in Ankara'daki özel şoförünün, belediyede çalışmadan maaş aldığı iddia edildi. Şoför, ifadesinde kendisine belediyede kadro ayarlandığını, üzerine bedelsiz daire devredildiğini ve Biçer'in gönderdiği paraları çekerek kendisine teslim ettiğini anlattı. Yahşihan Belediyesine ikinci dalga operasyon: Başkan yardımcısından 1.630 taşınmaz çıktı! Hepsine el konuldu Kırıkkale Cumhuriyet Başsavcılığınca Yahşihan Belediyesine yönelik yürütülen ""yolsuzluk"" soruşturmasında yeni detaylara ulaşıldı. İl Jandarma Komutanlığı ekiplerince gerçekleştirilen ilk dalga operasyonda tutuklanan eski Belediye Başkanı Ahmet Sungur, eski İmar Müdürü Ulaş Biçer ve diğer şüphelilerin mali ilişkilerine yönelik incelemeler sürüyor. ""Kamu kurumu zararına dolandırıcılık"" suçundan yürütülen soruşturma kapsamında hazırlanan Mali Suçları Araştırma Kurulu (MASAK) raporunda, müteahhit Cihan Sivri'nin Bahadır Grup Gıda Otomotiv İnşaat şirketi hesabından farklı kişilere para transferleri yaptığı ve şirket hesaplarında yüksek tutarlı para hareketleri bulunduğu belirlendi. ÖZEL ŞOFÖRÜN MAAŞI BELEDİYEDEN ÖDENMİŞ Soruşturma kapsamında ifadesine başvurulan H.G., eski İmar Müdürü Ulaş Biçer'in Ankara'da özel şoförlüğünü yaptığını anlattı. Belediyede fiilen çalışmadığını, Ankara'da Biçer'in özel şoförlüğünü yapmaya devam ettiğini belirten H.G., maaş ve SGK primlerinin ise belediye tarafından karşılandığını iddia etti. Tutuklu Eski İmar Müdürü Ulaş Biçer. (Foto: İHA) ÜZERİNE BEDELSİZ DAİRE DEVREDİLDİĞİNİ ANLATTI H.G., ifadesinde Biçer'in talimatıyla eski Belediye Başkanı Ahmet Sungur'un arkadaşı Seher Gül Çınar'a ait Ankara'daki bir dairenin herhangi bir bedel ödenmeden kendi üzerine devredildiğini ileri sürdü. Soruşturma kapsamında, H.G.'nin belediyede fiilen çalışmadığı halde personel olarak gösterilerek maaş ve SGK ödemelerinin belediye bütçesinden karşılandığı iddiası ile Biçer arasındaki para ve taşınmaz hareketleri incelemeye alındı. Cumhuriyet Başsavcılığınca yürütülen soruşturmanın, yeni deliller ve mali incelemeler doğrultusunda çok yönlü olarak sürdürüldüğü öğrenildi. SONRAKİ HABER Başkan Erdoğan'dan fon soruşturması mesajı ÖNCEKİ HABER Başakşehir’de okula saldırı kaydı paniği!",browser_full_article,https://www.takvim.com.tr/guncel/2026/10/08/yahsihan-belediyesi-yolsuzluk-sorusturmasinda-yeni-detay,Ankara | Kırıkkale | İstanbul,Başakşehir | Yahşihan,,,,,,firma yok | faaliyet/tesis yok,,,,maps araması yapılmadı,,,116.75,160
2026-10-08 12:52:12,soruşturma,Operasyon / Soruşturma / Suç,"İtalya, Microsoft'un oyun şirketlerine soruşturma başlattı","İtalya, Microsoft'un oyun şirketlerine soruşturma başlattı - TREND Mynet",https://news.google.com/rss/articles/CBMilwFBVV95cUxNSEFsMWZISFZDUmdaLXZCOXl5SnFzS3B1Q2RIanhMeTNLM1JVVmRueko5c2hydU41VldQcjVZRGtHMG5IS0gtcktBTlhROTFCUDB4ZDFhX0ptREhvRlpySE1NNVMycnN5NkNDZ0ZhUUlJczVnOW9FNlVhX3N4dllOVFd5WXlVTlJnUF90V0k1eGdmUEtMMVgw0gGcAUFVX3lxTFBQT1gwRUdmZDd1cDdiMl9ZcTN4X29mWm1TS3g0Yi1EcVlmVzJnb05fekUxUl8yX0FDYUVnM1dYSjRHMXluSUNSV2h1WFVLS3ZfMjNtXzlUbjJ2QmlaOTBfdDVtZ1RmYW9VVThPMVZ5NlRoU2F2TFk5QmlsVzRlT2NZNHY3XzJjWEZ3elVpbEhLNVd4NXVzTlRXeDJ4RA?oc=5,şirket,şirket / firma,"İtalya Rekabet Kurumu, Microsoft bünyesindeki Activision Blizzard ve diğer oyun şirketlerine yönelik bir soruşturma başlattı. Avrupa Birliği (AB) koordinasyonunda yürütülen soruşturma, oyun içi sanal para birimlerinin şeffaflığını ve adilliğini mercek altına alıyor. İtalya Rekabet Kurumu, Microsoft bünyesindeki Activision Blizzard ve diğer oyun şirketlerine yönelik bir soruşturma başlattı. Avrupa Birliği (AB) koordinasyonunda yürütülen soruşturma, oyun içi sanal para birimlerinin şeffaflığını ve adilliğini mercek altına alıyor. İtalya Rekabet Kurumu, Microsoft bünyesindeki Activision Blizzard ve diğer oyun şirketlerine yönelik bir soruşturma başlattı. Avrupa Birliği (AB) koordinasyonunda yürütülen soruşturma, oyun içi sanal para birimlerinin şeffaflığını ve adilliğini mercek altına alıyor.","İtalya, Microsoft'un oyun şirketlerine soruşturma başlattı İtalya, Microsoft'un oyun şirketlerine soruşturma başlattı - TREND Mynet İtalya Rekabet Kurumu, Microsoft bünyesindeki Activision Blizzard ve diğer oyun şirketlerine yönelik bir soruşturma başlattı. Avrupa Birliği (AB) koordinasyonunda yürütülen soruşturma, oyun içi sanal para birimlerinin şeffaflığını ve adilliğini mercek altına alıyor.",browser_full_article,https://www.mynet.com/italya-microsoft-un-oyun-sirketlerine-sorusturma-baslatti-190101302025,,,,,,,,il yok | ilçe yok | firma yok | faaliyet/tesis yok,,,,maps araması yapılmadı,,,63.0,161
2026-10-07 11:22:54,ihale yolsuzluğu,Kara Para / MASAK / Bahis,Esenyurt Belediyesi'nde rüşvet çarkı: Evinden çıkan servet ve dudak uçuklatan MASAK raporu,Esenyurt Belediyesi'nde rüşvet çarkı: Evinden çıkan servet ve dudak uçuklatan MASAK raporu havadis.com,https://news.google.com/rss/articles/CBMi0AFBVV95cUxPRlowdmhRdHNic295bkluSUwwbHpObUlfRy1GaWNMblRkSVNtRXhCa2tUbWhrazNORHBjVWNEVEUtQWtQWVZyYmtFamp5NUltanlfZmMzdlBJSHNlSW1QcGMzQXZFOTA0eUYyV3lyaW1kYmI5eEtEbWUxN0RXTlRObEtZTnY5VzRHcjhuS01OTXlfSTRUeEpNM1lsRWNvMDQycUtUMEJaT0RybXl1SmROY0JTQ21pTnhkaFZmRDdPcXFDVTVmM0FackxxbFBLZmZU?oc=5,masak,,Esenyurt Belediyesi'nde rüşvet çarkı: Evinden çıkan servet ve dudak uçuklatan MASAK raporu havadis.com,Esenyurt Belediyesi'nde rüşvet çarkı: Evinden çıkan servet ve dudak uçuklatan MASAK raporu Esenyurt Belediyesi'nde rüşvet çarkı: Evinden çıkan servet ve dudak uçuklatan MASAK raporu havadis.com Esenyurt Belediyesi'nde rüşvet çarkı: Evinden çıkan servet ve dudak uçuklatan MASAK raporu havadis.com,browser_failed,https://news.google.com/rss/articles/CBMi0AFBVV95cUxPRlowdmhRdHNic295bkluSUwwbHpObUlfRy1GaWNMblRkSVNtRXhCa2tUbWhrazNORHBjVWNEVEUtQWtQWVZyYmtFamp5NUltanlfZmMzdlBJSHNlSW1QcGMzQXZFOTA0eUYyV3lyaW1kYmI5eEtEbWUxN0RXTlRObEtZTnY5VzRHcjhuS01OTXlfSTRUeEpNM1lsRWNvMDQycUtUMEJaT0RybXl1SmROY0JTQ21pTnhkaFZmRDdPcXFDVTVmM0FackxxbFBLZmZU?oc=5&hl=tr&gl=TR&ceid=TR:tr,,,,,,,,il yok | ilçe yok | firma yok | faaliyet/tesis yok,,,,maps araması yapılmadı,,,87.52,162
2026-10-06 08:34:13,banka soruşturma,Operasyon / Soruşturma / Suç,Hackerlar yapay zekayı kullanarak 70.000 banka veri kaydını çaldı; Güney Kore geniş çaplı bir soruşturma başlattı.,Hackerlar yapay zekayı kullanarak 70.000 banka veri kaydını çaldı; Güney Kore geniş çaplı bir soruşturma başlattı. Vietnam.vn,https://news.google.com/rss/articles/CBMisAFBVV95cUxNVjkwQzBNMXh3SW9RQ0w3RHlRUm16R1gtdXFrSTJ6M3RzRVBhT0swMjJidGJ0MERsTzhTZFUzbGxfRDlabTB6a1Jhb0o4N2habFJnUl9vWm1EQnFJN0d0aGZlQzE1Ym1LbG9OQ0lMWjkyVFFmRjAycDBMTExrOVpyaTZCaXcyVFljSUpRYTNaS2xYZS15Mk4wX1h0dkxscHFMQUFxc05hVmdxZnJKejhIVA?oc=5,banka,finansal kuruluş,Hackerlar yapay zekayı kullanarak 70.000 banka veri kaydını çaldı; Güney Kore geniş çaplı bir soruşturma başlattı. Vietnam.vn,Hackerlar yapay zekayı kullanarak 70.000 banka veri kaydını çaldı; Güney Kore geniş çaplı bir soruşturma başlattı. Hackerlar yapay zekayı kullanarak 70.000 banka veri kaydını çaldı; Güney Kore geniş çaplı bir soruşturma başlattı. Vietnam.vn Hackerlar yapay zekayı kullanarak 70.000 banka veri kaydını çaldı; Güney Kore geniş çaplı bir soruşturma başlattı.,browser_failed,https://news.google.com/rss/articles/CBMisAFBVV95cUxNVjkwQzBNMXh3SW9RQ0w3RHlRUm16R1gtdXFrSTJ6M3RzRVBhT0swMjJidGJ0MERsTzhTZFUzbGxfRDlabTB6a1Jhb0o4N2habFJnUl9vWm1EQnFJN0d0aGZlQzE1Ym1LbG9OQ0lMWjkyVFFmRjAycDBMTExrOVpyaTZCaXcyVFljSUpRYTNaS2xYZS15Mk4wX1h0dkxscHFMQUFxc05hVmdxZnJKejhIVA?oc=5&hl=tr&gl=TR&ceid=TR:tr,,,,,,,,il yok | ilçe yok | firma yok | faaliyet/tesis yok,,,,maps araması yapılmadı,,,95.5,163
2026-10-04 10:27:47,banka soruşturma,Operasyon / Soruşturma / Suç,"Güney Kore Devlet Başkanı Lee, banka siber saldırılarında soruşturma talimatı verdi","Güney Kore Devlet Başkanı Lee, banka siber saldırılarında soruşturma talimatı verdi Haberler",https://news.google.com/rss/articles/CBMilAFBVV95cUxOcnFSMHptVzFOR3ZyZTlZNDJQMjhuV1N6Y3RLNW1lcC1ybWNxaGlOOGFXQzVhWl9OeHh6U3JnM2l2ZEVzUzc0REhHRDJDZEdUNHdJSE1pZTRxMlFzWTVLZkdBMHpPajV3NElOR1RObjlpcG9MZzVVNzhTcFRXSE00T09ZWlVNZzM4b1ZvOVl5N1dJcl8w0gGQAUFVX3lxTE50M1NoclJNUG5BMnB2MktqLXgxTUdfcUpaRFdxa0xKM2F4cHRZb2tvMV9scWdVWnZkb3ktcnQwZnB0RUo1SE5DLVhuR3ZGNDJ5VUI4cFdoS042QVBqY1I3a1ZkTl94aE92RnBfZ3RwdDltNnF4NzZZWVdKRDg0eXJQYndpV1FJM3Z3Q1R4cTktcA?oc=5,banka,finansal kuruluş,"Güney Kore Devlet Başkanı Lee, banka siber saldırılarında soruşturma talimatı verdi Haberler","Güney Kore Devlet Başkanı Lee, banka siber saldırılarında soruşturma talimatı verdi Güney Kore Devlet Başkanı Lee, banka siber saldırılarında soruşturma talimatı verdi Haberler Güney Kore Devlet Başkanı Lee, banka siber saldırılarında soruşturma talimatı verdi Haberler",browser_failed,https://news.google.com/rss/articles/CBMilAFBVV95cUxOcnFSMHptVzFOR3ZyZTlZNDJQMjhuV1N6Y3RLNW1lcC1ybWNxaGlOOGFXQzVhWl9OeHh6U3JnM2l2ZEVzUzc0REhHRDJDZEdUNHdJSE1pZTRxMlFzWTVLZkdBMHpPajV3NElOR1RObjlpcG9MZzVVNzhTcFRXSE00T09ZWlVNZzM4b1ZvOVl5N1dJcl8w0gGQAUFVX3lxTE50M1NoclJNUG5BMnB2MktqLXgxTUdfcUpaRFdxa0xKM2F4cHRZb2tvMV9scWdVWnZkb3ktcnQwZnB0RUo1SE5DLVhuR3ZGNDJ5VUI4cFdoS042QVBqY1I3a1ZkTl94aE92RnBfZ3RwdDltNnF4NzZZWVdKRDg0eXJQYndpV1FJM3Z3Q1R4cTktcA?oc=5&hl=tr&gl=TR&ceid=TR:tr,,,,,,,,il yok | ilçe yok | firma yok | faaliyet/tesis yok,,,,maps araması yapılmadı,,,71.42,164
2026-10-05 15:46:03,banka soruşturma,Operasyon / Soruşturma / Suç,Fon soruşturmasında kritik gelişme: Yabancı bankalara hisse transferi radarda,Fon soruşturmasında kritik gelişme: Yabancı bankalara hisse transferi radarda Yeniçağ Gazetesi,https://news.google.com/rss/articles/CBMivgFBVV95cUxQRElWVmdOVXo2LU5uQkxnUDI4bVdjaWo3RGFTcWw1dUxtekVCclVkVVNwSTliRGx4YjA2QnRxLWZtdkNwMkJ3c2NtZU1BUGg2SFFIcHpYSVJmUjgwVnJ0YzlEVkI3b1hwbVFBb2pOdDE5YW15dkhpVVJNZ2N5WTROdnhiTU5MblZzMWJwXzdWcS1UYzhDMnZBWHk3VUszWnRvc3p3ZUpzbWlITmRnbHU5TXZPbUpQYm1ET2tNeVlR?oc=5,banka,finansal kuruluş,Fon soruşturmasında kritik gelişme: Yabancı bankalara hisse transferi radarda Yeniçağ Gazetesi,Fon soruşturmasında kritik gelişme: Yabancı bankalara hisse transferi radarda Fon soruşturmasında kritik gelişme: Yabancı bankalara hisse transferi radarda Yeniçağ Gazetesi Fon soruşturmasında kritik gelişme: Yabancı bankalara hisse transferi radarda Yeniçağ Gazetesi,browser_failed,https://www.yenicaggazetesi.com/fon-sorusturmasinda-kritik-gelisme-yabanci-bankalara-hisse-transferi-radarda-1078772h.htm,,,,,,,,il yok | ilçe yok | firma yok | faaliyet/tesis yok,,,,maps araması yapılmadı,,,68.94,165
2026-10-03 15:42:00,banka soruşturma,Operasyon / Soruşturma / Suç,Eski hakem Alper Ulusoy’dan soruşturmada kritik çağrı: 'Banka hesapları incelensin',Eski hakem Alper Ulusoy’dan soruşturmada kritik çağrı: 'Banka hesapları incelensin' https://www.babaocagi.com/,https://news.google.com/rss/articles/CBMirAFBVV95cUxNeEwtV1NMRHNfUUNyUTlZZFZuT1JQcjVaRzZmaUcwNW5YZHc4X1RRWnE2ODJ2eGphRUFwTXJsNFdVMjBpXzJiNG1ETE52eHVtNTJ5bUlad3kzWmZoZzVrR1loMmhWMktiTDRuWnZUZFdldWE4d2o5VzVwYzlmckpDdzY1MlNHMHFfbVpaSDczeWFPN01oc0gxcmVwZlJFSzBZb3A1SEF1WU84b3ZD?oc=5,banka,finansal kuruluş,"Türk futbolundaki hakemlere yönelik yürütülen soruşturma devam ederken, eski hakem Alper Ulusoy'un verdiği ifadenin ayrıntıları ortaya çıktı. İşte detaylar... Türk futbolundaki hakemlere yönelik yürütülen soruşturma devam ederken, eski hakem Alper Ulusoy'un verdiği ifadenin ayrıntıları ortaya çıktı. İşte detaylar... Türk futbolundaki hakemlere yönelik yürütülen soruşturma devam ederken, eski hakem Alper Ulusoy'un verdiği ifadenin ayrıntıları ortaya çıktı. İşte detaylar... Eski hakem Alper Ulusoy’dan soruşturmada kritik çağrı: 'Banka hesapları incelensin' Türk futbolundaki hakemlere yönelik yürütülen soruşturma devam ederken, eski hakem Alper Ulusoy'un verdiği ifadenin ayrıntıları ortaya çıktı. İşte detaylar... 03.10.2026 - 18:42 Yayınlanma Paylaş Linkedin Pinterest Telegram Yazdır Kopyala A - A + Paylaş Linkedin Pinterest Telegram Yazdır Kopyala A - A + Türk futbolundaki hakemlere yönelik yürütülen soruşturma devam ederken, eski hakem Alper Ulusoy'un verdiği ifadenin ayrıntıları ortaya çıktı. İfade tutanaklarına yansıyan sözlerde Alper Ulusoy, Merkez Hakem Kurulu'nun geçmiş dönemde aldığı kararlarla ilgili çeşitli iddialar ve sorular gündeme getirdi. Alper Ulusoy'un ifadesinde, eski MHK Başkanı Serdar Tatlı'nın görev dönemi ve Ferhat Gündoğdu'nun MHK Başkanlığı'na geliş süreciyle ilgili dikkat çeken değerlendirmelerde bulunduğu görüldü. Ulusoy'un ifadesinde şu sözler yer aldı: Orkun Kökçü için çarpıcı 'iğne' iddiası! İçeriği Görüntüle ""Bazı kulüpler Ferhat Gündoğdu'dan önceki MHK Başkanı Serdar Tatlı'dan da bazı hakemlerin kadro dışı bırakılmasını istemiş midir? Serdar Tatlı neden istifa etmiştir? Acaba kulüplerin hukuksuz isteklerini geri çevirdiği için mi istifa etmiştir?"" ""Yerine hiçbir hakemlik başarısı olmayan Ferhat Gündoğdu kimlerin isteği ile MHK Başkanı yapılmıştır? 1 yıl önce TV'de Ferhat Gündoğdu'dan özür dileyen Süper Lig kulübü başkanı neden 1 yıl sonra Ferhat Gündoğdu için 'Görevden gitmelidir, şahsi meseledir' demiştir? Acaba yalan yanlış belgelerle kulüpleri kandırmakta ya da uygunsuz vaatler mi vermektedir?"" ""Basında yakın ilişkide bulundukları şahısların da banka hesapları dahil soruşturulmasını, MHK ile aralarındaki maddi-manevi çıkarların tespit edilmesini, yurt dışından kendilerine maddi çıkar sağlayacak şekilde uygun fiyatlı gayri menkul alıp almadıklarının, ayrıca şahsımla ilgili bir belgeleri mevcut ise kanıtlamalarını talep ediyorum."" Editörün Seçtiği Banka kartı kullananlar dikkat: Paranızı doğrudan etkileyen 3 kritik detay! Editörün Seçtiği IBAN’la para gönderenler dikkat! İnceleme başlatıldı Editörün Seçtiği BDDK’dan kredi kartı limiti için 'özel' çalışma Bunlar","Eski hakem Alper Ulusoy’dan soruşturmada kritik çağrı: 'Banka hesapları incelensin' Eski hakem Alper Ulusoy’dan soruşturmada kritik çağrı: 'Banka hesapları incelensin' https://www.babaocagi.com/ Türk futbolundaki hakemlere yönelik yürütülen soruşturma devam ederken, eski hakem Alper Ulusoy'un verdiği ifadenin ayrıntıları ortaya çıktı. Eski hakem Alper Ulusoy’dan soruşturmada kritik çağrı: 'Banka hesapları incelensin' Türk futbolundaki hakemlere yönelik yürütülen soruşturma devam ederken, eski hakem Alper Ulusoy'un verdiği ifadenin ayrıntıları ortaya çıktı. 03.10.2026 - 18:42 Yayınlanma Payl",browser_full_article,https://www.babaocagi.com.tr/eski-hakem-alper-ulusoydan-sorusturmada-kritik-cagri-banka-hesaplari-incelensin,,,,,,,,il yok | ilçe yok | firma yok | faaliyet/tesis yok,,,,maps araması yapılmadı,,,90.0,166
2026-10-07 09:02:17,banka soruşturma,Banka / Finansal Kuruluş,Güney Kore Bankalarındaki Siber Saldırılarda Yapay Zekâ Şüphesi Araştırılıyor,Güney Kore Bankalarındaki Siber Saldırılarda Yapay Zekâ Şüphesi Araştırılıyor CozumPark,https://news.google.com/rss/articles/CBMipwFBVV95cUxPX3hzOHVzTnlHSmRiSFB5RW11bFRKUXJaTUJlNk9ubTdSYkVmX0lCOVpObzZmdTVxNjJ5Y0FCR1ViN1lYdkxGd3JkVTNJT3phZEUxWWxpdDdlVG5LeUJWWkctSW1LQklfQ3ZNOFdDOTVlZlFwMGFxV2JfOV80QTRkTnp6RkxwWncyaWZfTXBBNnFuaHRpOEplalV2VERlMGZlVjJXNUh3MA?oc=5,banka,finansal kuruluş,"Güney Kore banka siber saldırısı soruşturuluyor. Lee Jae Myung, bazı saldırılarda yapay zekâ kullanılmış olabileceğini açıkladı. Güney Kore banka siber saldırısı soruşturuluyor. Lee Jae Myung, bazı saldırılarda yapay zekâ kullanılmış olabileceğini açıkladı. Haberler Güney Kore Bankalarındaki Siber Saldırılarda Yapay Zekâ Şüphesi Araştırılıyor Ahmet Çakmak Bir e-posta göndermek 07/10/2026 0 2 dakika okuma süresi Facebook X LinkedIn E-Posta ile paylaş Yazdır Güney Kore Devlet Başkanı Lee Jae Myung, son dönemde bankalara yönelik bazı siber saldırılarda yapay zekâ modellerinin kullanılmış olabileceğini açıkladı. Saldırılar, müşterilerin kişisel bilgilerinin ihlal edilmesine yol açarken Güney Kore makamları olayların kaynağını, kullanılan yöntemleri ve ihlallerin kapsamını araştırıyor. Lee, ülkenin yapay zekâ çağındaki tehditlere karşı yeni siber güvenlik yöntemleri geliştirmesi gerektiğini belirtti. Güney Kore Banka Saldırılarını Kapsamlı Soruşturmayla İnceliyor Güney Kore polisi, ticari bankaları hedef alan saldırılarla ilgili kapsamlı bir soruşturma yürütüyor. Shinhan Bank ile KB Kookmin Bank, Finansal Hizmetler Komisyonu’na siber saldırı bildiriminde bulunurken Yonhap, Hana Bank ile Woori Bank’ın da ihlallerden etkilendiğini aktardı. Saldırılarda müşterilere ait kişisel bilgilerin ihlal edildiği belirtilirken yetkililer henüz ele geçirilen verilerin tamamını açıklamadı. Güney Kore makamları ayrıca saldırganların hangi sistemlere eriştiğini, saldırıların ne kadar sürdüğünü ve olaylar arasında doğrudan bağlantı bulunup bulunmadığını belirlemeye çalışıyor. Finansal Hizmetler Komisyonu Başkanı Lee Eog-weon, pazar günü finans sektörü birlikleri, düzenleyici kurumlar ile etkilenen kuruluşların yöneticilerini acil toplantıya çağırdı. Toplantıda finans kuruluşlarının siber saldırılara karşı en yüksek düzeyde hazırlıkla hareket etmesi gerektiği vurgulandı. Güney Kore Devlet Başkanı Lee Jae Myung, kabine toplantısında bazı saldırılarda yapay zekâ kullanımına ilişkin işaretlerin ortaya çıktığını söyledi. Lee, yetkililerden olayların koşullarını hızlı biçimde ortaya çıkarmalarını ve zararı azaltmak amacıyla insan kaynağı ile teknik kaynakları soruşturma sürecine yönlendirmelerini istedi. Yetkililer, saldırılarda hangi yapay zekâ araçlarının kullanılmış olabileceğini henüz açıklamadı. Soruşturma ayrıca yapay zekânın saldırının hangi aşamasında devreye girdiğini de ortaya koymaya çalışacak; sistemlerin hedef belirleme, açık araştırma, kimlik avı hazırlama veya başka bir işlemde kullanılıp kullanılmadığı kaynakta belirtilmiyor. Yapay zekâ destekli siber saldırı şüphesi, saldırganların geleneksel yöntemlere kıyasla daha hızlı içerik üretmesi veya saldırı süreçlerinin bazı bölümlerini otomatikleştirmesi ihtimalini gündeme getiriyor. Güney Kore’deki soruşturma tamamlanmadan saldırıların doğrudan yapay zekâ tarafından gerçekleştirildiği sonucuna varmak ise erken olur. Finansal Denetim Servisi ile Finansal Güvenlik Enstitüsü, son saldırı girişimleriyle bağlantılı teknik verileri finans sektöründeki kuruluşlarla paylaştı. Kurumlar, saldırı girişimleriyle ilişkilendirilen 28 farklı IP adresine ilişkin bilgileri ve bazı ülke verilerini bankalara aktardı. Paylaşılan IP bilgileri, finans kuruluşlarının kendi ağlarındaki şüpheli bağlantıları karşılaştırmasına yardımcı olacak teknik göstergeler arasında yer alıyor. Yetkililer ise söz konusu adreslerin tek başına saldırıların arkasındaki kişi veya grupların kimliğini kanıtlamadığını belirtiyor. Finans kuruluşları açısından saldırıların kapsamının belirlenmesi kadar benzer girişimlerin yeniden gerçekleşmesini engellemek de önem taşıyor. Bankaların müşteri verilerini işleyen sistemleri, saldırı sonrasında yalnızca ihlal edilen noktaların değil aynı zamanda ilişkili erişimlerin de incelenmesini gerektiriyor. Avustralya’da eylül ayında açıklanan ayrı bir olay, yapay zekâ ajanlarının siber güvenlik riskleri açısından daha yakından incelenmesine neden oldu. Avustralya makamları, haziran ayında bir yapay zekâ aracısının hükümete ait sağlık verileri portalına yetkisiz erişim sağlayarak dosyalara ulaştığını açıklamıştı. Bir yapay zekâ araştırma şirketi de geçen hafta yapay zekâ ajanlarının Kanada hükümetine ait bir internet sitesine saldırmayı denediğini bildirdi. Kanada makamları ise sistemlerinin ele geçirildiğine ilişkin herhangi bir bulgu bulunmadığını açıkladı. Güney Kore’deki banka saldırıları, söz konusu örneklerle aynı yöntemlerin kullanıldığını göstermiyor. Ancak üç olay da yapay zekâ sistemlerinin siber güvenlik açısından yalnızca savunma amacıyla değil saldırı süreçlerinde kullanılma ihtimalinin de araştırılması gerektiğini ortaya koyuyor. Güney Kore hükümetinin önündeki temel sorun, yapay zekâ kullanımının saldırılardaki gerçek rolünü belirlemekle sınırlı kalmıyor. Yetkililerin soruşturma sonucunda elde edeceği teknik bulgular, bankaların tehdit tespit sistemlerini ve finans sektörünün olaylara müdahale yöntemlerini yeniden değerlendirmesine de yol açabilir. Finansal kurumlar, yapay zekâ destekli saldırı ihtimalini değerlendirirken mevcut siber güvenlik altyapılarını daha hızlı tehdit analizi yapacak şekilde geliştirmek zorunda kalabilir. Özellikle kişisel verilerin yoğun biçimde işlendiği bankacılık sistemlerinde saldırıların kaynağı kadar saldırganların kullandığı otomasyon düzeyinin belirlenmesi de önem kazanıyor. Güney Kore’deki soruşturmanın ortaya çıkaracağı teknik ayrıntılar, ülkenin yapay zekâ dönemindeki finansal siber güvenlik politikalarının yönünü belirleyebilir. Yetkililerin hangi araçların kullanıldığını, hangi sistemlerin ihlal edildiğini ve müşteri verilerinin ne ölçüde etkilendiğini açıklaması, bankaların gelecekteki savunma stratejileri açısından kritik bir sonraki aşama olacak. Ahmet Çakmak Bir e-posta göndermek 07/10/2026 0 2 dakika okuma süresi Facebook X LinkedIn E-Posta ile paylaş Yazdır Paylaş Facebook X LinkedIn E-Posta ile paylaş Yazdır Haberler Güney Kore Bankalarındaki Siber Saldırılarda Yapay Zekâ Şüphesi Araştırılıyor Ahmet Çakmak Bir e-posta göndermek 07/10/2026 0 2 dakika okuma süresi Facebook X LinkedIn E-Posta ile paylaş Yazdır Güney Kore Devlet Başkanı Lee Jae Myung, son dönemde bankalara yönelik bazı siber saldırılarda yapay zekâ modellerinin kullanılmış olabileceğini açıkladı. Saldırılar, müşterilerin kişisel bilgilerinin ihlal edilmesine yol açarken Güney Kore makamları olayların kaynağını, kullanılan yöntemleri ve ihlallerin kapsamını araştırıyor. Lee, ülkenin yapay zekâ çağındaki tehditlere karşı yeni siber güvenlik yöntemleri geliştirmesi gerektiğini belirtti. Güney Kore Banka Saldırılarını Kapsamlı Soruşturmayla İnceliyor Güney Kore polisi, ticari bankaları hedef alan saldırılarla ilgili kapsamlı bir soruşturma yürütüyor. Shinhan Bank ile KB Kookmin Bank, Finansal Hizmetler Komisyonu’na siber saldırı bildiriminde bulunurken Yonhap, Hana Bank ile Woori Bank’ın da ihlallerden etkilendiğini aktardı. Saldırılarda müşterilere ait kişisel bilgilerin ihlal edildiği belirtilirken yetkililer henüz ele geçirilen verilerin tamamını açıklamadı. Güney Kore makamları ayrıca saldırganların hangi sistemlere eriştiğini, saldırıların ne kadar sürdüğünü ve olaylar arasında doğrudan bağlantı bulunup bulunmadığını belirlemeye çalışıyor. Finansal Hizmetler Komisyonu Başkanı Lee Eog-weon, pazar günü finans sektörü birlikleri, düzenleyici kurumlar ile etkilenen kuruluşların yöneticilerini acil toplantıya çağırdı. Toplantıda finans kuruluşlarının siber saldırılara karşı en yüksek düzeyde hazırlıkla hareket etmesi gerektiği vurgulandı. Güney Kore Devlet Başkanı Lee Jae Myung, kabine toplantısında bazı saldırılarda yapay zekâ kullanımına ilişkin işaretlerin ortaya çıktığını söyledi. Lee, yetkililerden olayların koşullarını hızlı biçimde ortaya çıkarmalarını ve zararı azaltmak amacıyla insan kaynağı ile teknik kaynakları soruşturma sürecine yönlendirmelerini istedi. Yetkililer, saldırılarda hangi yapay zekâ araçlarının kullanılmış olabileceğini henüz açıklamadı. Soruşturma ayrıca yapay zekânın saldırının hangi aşamasında devreye girdiğini de ortaya koymaya çalışacak; sistemlerin hedef belirleme, açık araştırma, kimlik avı hazırlama veya başka bir işlemde kullanılıp kullanılmadığı kaynakta belirtilmiyor. Yapay zekâ destekli siber saldırı şüphesi, saldırganların geleneksel yöntemlere kıyasla daha hızlı içerik üretmesi veya saldırı süreçlerinin bazı bölümlerini otomatikleştirmesi ihtimalini gündeme getiriyor. Güney Kore’deki soruşturma tamamlanmadan saldırıların doğrudan yapay zekâ tarafından gerçekleştirildiği sonucuna varmak ise erken olur. Finansal Denetim Servisi ile Finansal Güvenlik Enstitüsü, son saldırı girişimleriyle bağlantılı teknik verileri finans sektöründeki kuruluşlarla paylaştı. Kurumlar, saldırı girişimleriyle ilişkilendirilen 28 farklı IP adresine ilişkin bilgileri ve bazı ülke verilerini bankalara aktardı. Paylaşılan IP bilgileri, finans kuruluşlarının kendi ağlarındaki şüpheli bağlantıları karşılaştırmasına yardımcı olacak teknik göstergeler arasında yer alıyor. Yetkililer ise söz konusu adreslerin tek başına saldırıların arkasındaki kişi veya grupların kimliğini kanıtlamadığını belirtiyor. Finans kuruluşları açısından saldırıların kapsamının belirlenmesi kadar benzer girişimlerin yeniden gerçekleşmesini engellemek de önem taşıyor. Bankaların müşteri verilerini işleyen sistemleri, saldırı sonrasında yalnızca ihlal edilen noktaların değil aynı zamanda ilişkili erişimlerin de incelenmesini gerektiriyor. Avustralya’da eylül ayında açıklanan ayrı bir olay, yapay zekâ ajanlarının siber güvenlik riskleri açısından daha yakından incelenmesine neden oldu. Avustralya makamları, haziran ayında bir yapay zekâ aracısının hükümete ait sağlık verileri portalına yetkisiz erişim sağlayarak dosyalara ulaştığını açıklamıştı. Bir yapay zekâ araştırma şirketi de geçen hafta yapay zekâ ajanlarının Kanada hükümetine ait bir internet sitesine saldırmayı denediğini bildirdi. Kanada makamları ise sistemlerinin ele geçirildiğine ilişkin herhangi bir bulgu bulunmadığını açıkladı. Güney Kore’deki banka saldırıları, söz konusu örneklerle aynı yöntemlerin kullanıldığını göstermiyor. Ancak üç olay da yapay zekâ sistemlerinin siber güvenlik açısından yalnızca savunma amacıyla değil saldırı süreçlerinde kullanılma ihtimalinin de araştırılması gerektiğini ortaya koyuyor. Güney Kore hükümetinin önündeki temel sorun, yapay zekâ kullanımının saldırılardaki gerçek rolünü belirlemekle sınırlı kalmıyor. Yetkililerin soruşturma sonucunda elde edeceği teknik bulgular, bankaların tehdit tespit sistemlerini ve finans sektörünün olaylara müdahale yöntemlerini yeniden değerlendirmesine de yol açabilir. Finansal kurumlar, yapay zekâ destekli saldırı ihtimalini değerlendirirken mevcut siber güvenlik altyapılarını daha hızlı tehdit analizi yapacak şekilde geliştirmek zorunda kalabilir. Özellikle kişisel verilerin yoğun biçimde işlendiği bankacılık sistemlerinde saldırıların kaynağı kadar saldırganların kullandığı otomasyon düzeyinin belirlenmesi de önem kazanıyor. Güney Kore’deki soruşturmanın ortaya çıkaracağı teknik ayrıntılar, ülkenin yapay zekâ dönemindeki finansal siber güvenlik politikalarının yönünü belirleyebilir. Yetkililerin hangi araçların kullanıldığını, hangi sistemlerin ihlal edildiğini ve müşteri verilerinin ne ölçüde etkilendiğini açıklaması, bankaların gelecekteki savunma stratejileri açısından kritik bir sonraki aşama olacak. Ahmet Çakmak Bir e-posta göndermek 07/10/2026 0 2 dakika okuma süresi Facebook X LinkedIn E-Posta ile paylaş Yazdır Paylaş Facebook X LinkedIn E-Posta ile paylaş Yazdır Ahmet Çakmak Sonrakini Oku Haberler 07/10/2026 Yapay Zekâ Becerileri Konusunda Blöf Yapan Çalışanların Sayısı Artıyor Haberler 07/10/2026 SpaceX, Uydu Operatörlerini Gerçek Zamanlı Yörünge Verisi Paylaşmaya Çağırdı Haberler 07/10/2026 Windows Uygulaması, Uzak Bilgisayar Bağlantılarını Genel Kullanıma Açtı Haberler 07/10/2026 AMD, Yapay Zekâ Talebi Nedeniyle 2027’de Çip Üretimini Artıracak Haberler 07/10/2026 Yeni Outlook, E-postaları Göndermeden Önce Otomatik Olarak Yazım Denetleyecek Haberler 07/10/2026 Adobe’nin 7 Popüler Uygulamasına Açık Kaynaklı Alternatif Geliştirildi Haberler 07/10/2026 Google, Yapay Zekâ Kaynaklı Hatalı Bildirimler Nedeniyle Açık Kaynak Hata Ödül Programını Duraklattı Haberler 07/10/2026 Park Halindeki Togg T10X’te Yangın Çıktı: Araç Kullanılamaz Hale Geldi Haberler 07/10/2026 AWS CEO’su Matt Garman, Veri Merkezi Karşıtlığının Dezenformasyonla Körüklendiğini Söyledi Haberler 07/10/2026 Anthropic, 10 Bin Yapay Zekâ Mühendisini Claude İçin Eğitecek Haberler 07/10/2026 Yapay Zekâ Becerileri Konusunda Blöf Yapan Çalışanların Sayısı Artıyor Haberler 07/10/2026 SpaceX, Uydu Operatörlerini Gerçek Zamanlı Yörünge Verisi Paylaşmaya Çağırdı 07/10/2026 Park Halindeki Togg T10X’te Yangın Çıktı: Araç Kullanılamaz Hale Geldi 07/10/2026 AWS CEO’su Matt Garman, Veri Merkezi Karşıtlığının Dezenformasyonla Körüklendiğini Söyledi 07/10/2026 Anthropic, 10 Bin Yapay Zekâ Mühendisini Claude İçin Eğitecek 07/10/2026 Yapay Zekâ Becerileri Konusunda Blöf Yapan Çalışanların Sayısı Artıyor 07/10/2026 SpaceX, Uydu Operatörlerini Gerçek Zamanlı Yörünge Verisi Paylaşmaya Çağırdı 07/10/2026 Windows Uygulaması, Uzak Bilgisayar Bağlantılarını Genel Kullanıma Açtı 07/10/2026 AMD, Yapay Zekâ Talebi Nedeniyle 2027’de Çip Üretimini Artıracak 07/10/2026 Yeni Outlook, E-postaları Göndermeden Önce Otomatik Olarak Yazım Denetleyecek 07/10/2026 Adobe’nin 7 Popüler Uygulamasına Açık Kaynaklı Alternatif Geliştirildi 07/10/2026 Google, Yapay Zekâ Kaynaklı Hatalı Bildirimler Nedeniyle Açık Kaynak Hata Ödül Programını Duraklattı 07/10/2026 Park Halindeki Togg T10X’te Yangın Çıktı: Araç Kullanılamaz Hale Geldi 07/10/2026 AWS CEO’su Matt Garman, Veri Merkezi Karşıtlığının Dezenformasyonla Körüklendiğini Söyledi 07/10/2026 Anthropic, 10 Bin Yapay Zekâ Mühendisini Claude İçin Eğitecek 07/10/2026 Yapay Zekâ Becerileri Konusunda Blöf Yapan Çalışanların Sayısı Artıyor 07/10/2026 SpaceX, Uydu Operatörlerini Gerçek Zamanlı Yörünge Verisi Paylaşmaya Çağırdı 07/10/2026 Windows Uygulaması, Uzak Bilgisayar Bağlantılarını Genel Kullanıma Açtı 07/10/2026 AMD, Yapay Zekâ Talebi Nedeniyle 2027’de Çip Üretimini Artıracak 07/10/2026 Yeni Outlook, E-postaları Göndermeden Önce Otomatik Olarak Yazım Denetleyecek Mistral CEO’su Yeni Yapay Zekâ Modelinin Çinli Rakiplerini Geride Bıraktığını Söyledi Mistral CEO’su Yeni Yapay Zekâ Modelinin Çinli Rakiplerini Geride Bıraktığını Söyledi Volantis, Yapay Zekâ Çiplerinde Bellek Duvarını Fotonik Ara Bağlayıcıyla Aşmayı Hedefliyor Volantis, Yapay Zekâ Çiplerinde Bellek Duvarını Fotonik Ara Bağlayıcıyla Aşmayı Hedefliyor İlgili Makaleler Volantis, Yapay Zekâ Çiplerinde Bellek Duvarını Fotonik Ara Bağlayıcıyla Aşmayı Hedefliyor 07/10/2026 Mistral CEO’su Yeni Yapay Zekâ Modelinin Çinli Rakiplerini Geride Bıraktığını Söyledi 07/10/2026 İspanya, Veri Merkezi Yatırımlarının Yeni Merkezi Haline Geliyor 07/10/2026 İngiltere, Meta Hakkında İlk Çevrim İçi Güvenlik Yasası Soruşturmasını Başlattı 07/10/2026 Bir yanıt yazın Yanıtı iptal et Yorum yapabilmek için oturum açmalısınız . Göz Atın Kapalı İngiltere, Meta Hakkında İlk Çevrim İçi Güvenlik Yasası Soruşturmasını Başlattı 07/10/2026 Güney Kore, 2027’de 3,5 Milyar Dolarlık Yapay Zekâ Modeli Geliştirecek 07/10/2026 AMD, 2027’de Çip Arzını Büyük Ölçüde Artıracak 06/10/2026 Microsoft, Outlook 365 Arama Sorununu Doğruladı 06/10/2026 Avrupa Birliği’nin Microsoft Teams Alternatifi Beklentileri Karşılamadı 06/10/2026 Haberler Güney Kore Bankalarındaki Siber Saldırılarda Yapay Zekâ Şüphesi Araştırılıyor Ahmet Çakmak Bir e-posta göndermek 07/10/2026 0 2 dakika okuma süresi Facebook X LinkedIn E-Posta ile paylaş Yazdır Güney Kore Devlet Başkanı Lee Jae Myung, son dönemde bankalara yönelik bazı siber saldırılarda yapay zekâ modellerinin kullanılmış olabileceğini açıkladı. Saldırılar, müşterilerin kişisel bilgilerinin ihlal edilmesine yol açarken Güney Kore makamları olayların kaynağını, kullanılan yöntemleri ve ihlallerin kapsamını araştırıyor. Lee, ülkenin yapay zekâ çağındaki tehditlere karşı yeni siber güvenlik yöntemleri geliştirmesi gerektiğini belirtti. Güney Kore Banka Saldırılarını Kapsamlı Soruşturmayla İnceliyor Güney Kore polisi, ticari bankaları hedef alan saldırılarla ilgili kapsamlı bir soruşturma yürütüyor. Shinhan Bank ile KB Kookmin Bank, Finansal Hizmetler Komisyonu’na siber saldırı bildiriminde bulunurken Yonhap, Hana Bank ile Woori Bank’ın da ihlallerden etkilendiğini aktardı. Saldırılarda müşterilere ait kişisel bilgilerin ihlal edildiği belirtilirken yetkililer henüz ele geçirilen verilerin tamamını açıklamadı. Güney Kore makamları ayrıca saldırganların hangi sistemlere eriştiğini, saldırıların ne kadar sürdüğünü ve olaylar arasında doğrudan bağlantı bulunup bulunmadığını belirlemeye çalışıyor. Finansal Hizmetler Komisyonu Başkanı Lee Eog-weon, pazar günü finans sektörü birlikleri, düzenleyici kurumlar ile etkilenen kuruluşların yöneticilerini acil toplantıya çağırdı. Toplantıda finans kuruluşlarının siber saldırılara karşı en yüksek düzeyde hazırlıkla hareket etmesi gerektiği vurgulandı. Güney Kore Devlet Başkanı Lee Jae Myung, kabine toplantısında bazı saldırılarda yapay zekâ kullanımına ilişkin işaretlerin ortaya çıktığını söyledi. Lee, yetkililerden olayların koşullarını hızlı biçimde ortaya çıkarmalarını ve zararı azaltmak amacıyla insan kaynağı ile teknik kaynakları soruşturma sürecine yönlendirmelerini istedi. Yetkililer, saldırılarda hangi yapay zekâ araçlarının kullanılmış olabileceğini henüz açıklamadı. Soruşturma ayrıca yapay zekânın saldırının hangi aşamasında devreye girdiğini de ortaya koymaya çalışacak; sistemlerin hedef belirleme, açık araştırma, kimlik avı hazırlama veya başka bir işlemde kullanılıp kullanılmadığı kaynakta belirtilmiyor. Yapay zekâ destekli siber saldırı şüphesi, saldırganların geleneksel yöntemlere kıyasla daha hızlı içerik üretmesi veya saldırı süreçlerinin bazı bölümlerini otomatikleştirmesi ihtimalini gündeme getiriyor. Güney Kore’deki soruşturma tamamlanmadan saldırıların doğrudan yapay zekâ tarafından gerçekleştirildiği sonucuna varmak ise erken olur. Finansal Denetim Servisi ile Finansal Güvenlik Enstitüsü, son saldırı girişimleriyle bağlantılı teknik verileri finans sektöründeki kuruluşlarla paylaştı. Kurumlar, saldırı girişimleriyle ilişkilendirilen 28 farklı IP adresine ilişkin bilgileri ve bazı ülke verilerini bankalara aktardı. Paylaşılan IP bilgileri, finans kuruluşlarının kendi ağlarındaki şüpheli bağlantıları karşılaştırmasına yardımcı olacak teknik göstergeler arasında yer alıyor. Yetkililer ise söz konusu adreslerin tek başına saldırıların arkasındaki kişi veya grupların kimliğini kanıtlamadığını belirtiyor. Finans kuruluşları açısından saldırıların kapsamının belirlenmesi kadar benzer girişimlerin yeniden gerçekleşmesini engellemek de önem taşıyor. Bankaların müşteri verilerini işleyen sistemleri, saldırı sonrasında yalnızca ihlal edilen noktaların değil aynı zamanda ilişkili erişimlerin de incelenmesini gerektiriyor. Avustralya’da eylül ayında açıklanan ayrı bir olay, yapay zekâ ajanlarının siber güvenlik riskleri açısından daha yakından incelenmesine neden oldu. Avustralya makamları, haziran ayında bir yapay zekâ aracısının hükümete ait sağlık verileri portalına yetkisiz erişim sağlayarak dosyalara ulaştığını açıklamıştı. Bir yapay zekâ araştırma şirketi de geçen hafta yapay zekâ ajanlarının Kanada hükümetine ait bir internet sitesine saldırmayı denediğini bildirdi. Kanada makamları ise sistemlerinin ele geçirildiğine ilişkin herhangi bir bulgu bulunmadığını açıkladı. Güney Kore’deki banka saldırıları, söz konusu örneklerle aynı yöntemlerin kullanıldığını göstermiyor. Ancak üç olay da yapay zekâ sistemlerinin siber güvenlik açısından yalnızca savunma amacıyla değil saldırı süreçlerinde kullanılma ihtimalinin de araştırılması gerektiğini ortaya koyuyor. Güney Kore hükümetinin önündeki temel sorun, yapay zekâ kullanımının saldırılardaki gerçek rolünü belirlemekle sınırlı kalmıyor. Yetkililerin soruşturma sonucunda elde edeceği teknik bulgular, bankaların tehdit tespit sistemlerini ve finans sektörünün olaylara müdahale yöntemlerini yeniden değerlendirmesine de yol açabilir. Finansal kurumlar, yapay zekâ destekli saldırı ihtimalini değerlendirirken mevcut siber güvenlik altyapılarını daha hızlı tehdit analizi yapacak şekilde geliştirmek zorunda kalabilir. Özellikle kişisel verilerin yoğun biçimde işlendiği bankacılık sistemlerinde saldırıların kaynağı kadar saldırganların kullandığı otomasyon düzeyinin belirlenmesi de önem kazanıyor. Güney Kore’deki soruşturmanın ortaya çıkaracağı teknik ayrıntılar, ülkenin yapay zekâ dönemindeki finansal siber güvenlik politikalarının yönünü belirleyebilir. Yetkililerin hangi araçların kullanıldığını, hangi sistemlerin ihlal edildiğini ve müşteri verilerinin ne ölçüde etkilendiğini açıklaması, bankaların gelecekteki savunma stratejileri açısından kritik bir sonraki aşama olacak. Ahmet Çakmak Bir e-posta göndermek 07/10/2026 0 2 dakika okuma süresi Facebook X LinkedIn E-Posta ile paylaş Yazdır Paylaş Facebook X LinkedIn E-Posta ile paylaş Yazdır Ahmet Çakmak Sonrakini Oku Haberler 07/10/2026 Yapay Zekâ Becerileri Konusunda Blöf Yapan Çalışanların Sayısı Artıyor Haberler 07/10/2026 SpaceX, Uydu Operatörlerini Gerçek Zamanlı Yörünge Verisi Paylaşmaya Çağırdı Haberler 07/10/2026 Windows Uygulaması, Uzak Bilgisayar Bağlantılarını Genel Kullanıma Açtı Haberler 07/10/2026 AMD, Yapay Zekâ Talebi Nedeniyle 2027’de Çip Üretimini Artıracak Haberler 07/10/2026 Yeni Outlook, E-postaları Göndermeden Önce Otomatik Olarak Yazım Denetleyecek Haberler 07/10/2026 Adobe’nin 7 Popüler Uygulamasına Açık Kaynaklı Alternatif Geliştirildi Haberler 07/10/2026 Google, Yapay Zekâ Kaynaklı Hatalı Bildirimler Nedeniyle Açık Kaynak Hata Ödül Programını Duraklattı Haberler 07/10/2026 Park Halindeki Togg T10X’te Yangın Çıktı: Araç Kullanılamaz Hale Geldi Haberler 07/10/2026 AWS CEO’su Matt Garman, Veri Merkezi Karşıtlığının Dezenformasyonla Körüklendiğini Söyledi Haberler 07/10/2026 Anthropic, 10 Bin Yapay Zekâ Mühendisini Claude İçin Eğitecek Haberler 07/10/2026 Yapay Zekâ Becerileri Konusunda Blöf Yapan Çalışanların Sayısı Artıyor Haberler 07/10/2026 SpaceX, Uydu Operatörlerini Gerçek Zamanlı Yörünge Verisi Paylaşmaya Çağırdı 07/10/2026 Park Halindeki Togg T10X’te Yangın Çıktı: Araç Kullanılamaz Hale Geldi 07/10/2026 AWS CEO’su Matt Garman, Veri Merkezi Karşıtlığının Dezenformasyonla Körüklendiğini Söyledi 07/10/2026 Anthropic, 10 Bin Yapay Zekâ Mühendisini Claude İçin Eğitecek 07/10/2026 Yapay Zekâ Becerileri Konusunda Blöf Yapan Çalışanların Sayısı Artıyor 07/10/2026 SpaceX, Uydu Operatörlerini Gerçek Zamanlı Yörünge Verisi Paylaşmaya Çağırdı 07/10/2026 Windows Uygulaması, Uzak Bilgisayar Bağlantılarını Genel Kullanıma Açtı 07/10/2026 AMD, Yapay Zekâ Talebi Nedeniyle 2027’de Çip Üretimini Artıracak 07/10/2026 Yeni Outlook, E-postaları Göndermeden Önce Otomatik Olarak Yazım Denetleyecek 07/10/2026 Adobe’nin 7 Popüler Uygulamasına Açık Kaynaklı Alternatif Geliştirildi 07/10/2026 Google, Yapay Zekâ Kaynaklı Hatalı Bildirimler Nedeniyle Açık Kaynak Hata Ödül Programını Duraklattı 07/10/2026 Park Halindeki Togg T10X’te Yangın Çıktı: Araç Kullanılamaz Hale Geldi 07/10/2026 AWS CEO’su Matt Garman, Veri Merkezi Karşıtlığının Dezenformasyonla Körüklendiğini Söyledi 07/10/2026 Anthropic, 10 Bin Yapay Zekâ Mühendisini Claude İçin Eğitecek 07/10/2026 Yapay Zekâ Becerileri Konusunda Blöf Yapan Çalışanların Sayısı Artıyor 07/10/2026 SpaceX, Uydu Operatörlerini Gerçek Zamanlı Yörünge Verisi Paylaşmaya Çağırdı 07/10/2026 Windows Uygulaması, Uzak Bilgisayar Bağlantılarını Genel Kullanıma Açtı 07/10/2026 AMD, Yapay Zekâ Talebi Nedeniyle 2027’de Çip Üretimini Artıracak 07/10/2026 Yeni Outlook, E-postaları Göndermeden Önce Otomatik Olarak Yazım Denetleyecek Mistral CEO’su Yeni Yapay Zekâ Modelinin Çinli Rakiplerini Geride Bıraktığını Söyledi Mistral CEO’su Yeni Yapay Zekâ Modelinin Çinli Rakiplerini Geride Bıraktığını Söyledi Volantis, Yapay Zekâ Çiplerinde Bellek Duvarını Fotonik Ara Bağlayıcıyla Aşmayı Hedefliyor Volantis, Yapay Zekâ Çiplerinde Bellek Duvarını Fotonik Ara Bağlayıcıyla Aşmayı Hedefliyor İlgili Makaleler Volantis, Yapay Zekâ Çiplerinde Bellek Duvarını Fotonik Ara Bağlayıcıyla Aşmayı Hedefliyor 07/10/2026 Mistral CEO’su Yeni Yapay Zekâ Modelinin Çinli Rakiplerini Geride Bıraktığını Söyledi 07/10/2026 İspanya, Veri Merkezi Yatırımlarının Yeni Merkezi Haline Geliyor 07/10/2026 İngiltere, Meta Hakkında İlk Çevrim İçi Güvenlik Yasası Soruşturmasını Başlattı 07/10/2026 Bir yanıt yazın Yanıtı iptal et Yorum yapabilmek için oturum açmalısınız . Güney Kore Devlet Başkanı Lee Jae Myung, son dönemde bankalara yönelik bazı siber saldırılarda yapay zekâ modellerinin kullanılmış olabileceğini açıkladı. Saldırılar, müşterilerin kişisel bilgilerinin ihlal edilmesine yol açarken Güney Kore makamları olayların kaynağını, kullanılan yöntemleri ve ihlallerin kapsamını araştırıyor. Lee, ülkenin yapay zekâ çağındaki tehditlere karşı yeni siber güvenlik yöntemleri geliştirmesi gerektiğini belirtti. Güney Kore Banka Saldırılarını Kapsamlı Soruşturmayla İnceliyor Güney Kore polisi, ticari bankaları hedef alan saldırılarla ilgili kapsamlı bir soruşturma yürütüyor. Shinhan Bank ile KB Kookmin Bank, Finansal Hizmetler Komisyonu’na siber saldırı bildiriminde bulunurken Yonhap, Hana Bank ile Woori Bank’ın da ihlallerden etkilendiğini aktardı. Saldırılarda müşterilere ait kişisel bilgilerin ihlal edildiği belirtilirken yetkililer henüz ele geçirilen verilerin tamamını açıklamadı. Güney Kore makamları ayrıca saldırganların hangi sistemlere eriştiğini, saldırıların ne kadar sürdüğünü ve olaylar arasında doğrudan bağlantı bulunup bulunmadığını belirlemeye çalışıyor. Finansal Hizmetler Komisyonu Başkanı Lee Eog-weon, pazar günü finans sektörü birlikleri, düzenleyici kurumlar ile etkilenen kuruluşların yöneticilerini acil toplantıya çağırdı. Toplantıda finans kuruluşlarının siber saldırılara karşı en yüksek düzeyde hazırlıkla hareket etmesi gerektiği vurgulandı. Güney Kore Devlet Başkanı Lee Jae Myung, kabine toplantısında bazı saldırılarda yapay zekâ kullanımına ilişkin işaretlerin ortaya çıktığını söyledi. Lee, yetkililerden olayların koşullarını hızlı biçimde ortaya çıkarmalarını ve zararı azaltmak amacıyla insan kaynağı ile teknik kaynakları soruşturma sürecine yönlendirmelerini istedi. Yetkililer, saldırılarda hangi yapay zekâ araçlarının kullanılmış olabileceğini henüz açıklamadı. Soruşturma ayrıca yapay zekânın saldırının hangi aşamasında devreye girdiğini de ortaya koymaya çalışacak; sistemlerin hedef belirleme, açık araştırma, kimlik avı hazırlama veya başka bir işlemde kullanılıp kullanılmadığı kaynakta belirtilmiyor. Yapay zekâ destekli siber saldırı şüphesi, saldırganların geleneksel yöntemlere kıyasla daha hızlı içerik üretmesi veya saldırı süreçlerinin bazı bölümlerini otomatikleştirmesi ihtimalini gündeme getiriyor. Güney Kore’deki soruşturma tamamlanmadan saldırıların doğrudan yapay zekâ tarafından gerçekleştirildiği sonucuna varmak ise erken olur. Finansal Denetim Servisi ile Finansal Güvenlik Enstitüsü, son saldırı girişimleriyle bağlantılı teknik verileri finans sektöründeki kuruluşlarla paylaştı. Kurumlar, saldırı girişimleriyle ilişkilendirilen 28 farklı IP adresine ilişkin bilgileri ve bazı ülke verilerini bankalara aktardı. Paylaşılan IP bilgileri, finans kuruluşlarının kendi ağlarındaki şüpheli bağlantıları karşılaştırmasına yardımcı olacak teknik göstergeler arasında yer alıyor. Yetkililer ise söz konusu adreslerin tek başına saldırıların arkasındaki kişi veya grupların kimliğini kanıtlamadığını belirtiyor. Finans kuruluşları açısından saldırıların kapsamının belirlenmesi kadar benzer girişimlerin yeniden gerçekleşmesini engellemek de önem taşıyor. Bankaların müşteri verilerini işleyen sistemleri, saldırı sonrasında yalnızca ihlal edilen noktaların değil aynı zamanda ilişkili erişimlerin de incelenmesini gerektiriyor. Avustralya’da eylül ayında açıklanan ayrı bir olay, yapay zekâ ajanlarının siber güvenlik riskleri açısından daha yakından incelenmesine neden oldu. Avustralya makamları, haziran ayında bir yapay zekâ aracısının hükümete ait sağlık verileri portalına yetkisiz erişim sağlayarak dosyalara ulaştığını açıklamıştı. Bir yapay zekâ araştırma şirketi de geçen hafta yapay zekâ ajanlarının Kanada hükümetine ait bir internet sitesine saldırmayı denediğini bildirdi. Kanada makamları ise sistemlerinin ele geçirildiğine ilişkin herhangi bir bulgu bulunmadığını açıkladı. Güney Kore’deki banka saldırıları, söz konusu örneklerle aynı yöntemlerin kullanıldığını göstermiyor. Ancak üç olay da yapay zekâ sistemlerinin siber güvenlik açısından yalnızca savunma amacıyla değil saldırı süreçlerinde kullanılma ihtimalinin de araştırılması gerektiğini ortaya koyuyor. Güney Kore hükümetinin önündeki temel sorun, yapay zekâ kullanımının saldırılardaki gerçek rolünü belirlemekle sınırlı kalmıyor. Yetkililerin soruşturma sonucunda elde edeceği teknik bulgular, bankaların tehdit tespit sistemlerini ve finans sektörünün olaylara müdahale yöntemlerini yeniden değerlendirmesine de yol açabilir. Finansal kurumlar, yapay zekâ destekli saldırı ihtimalini değerlendirirken mevcut siber güvenlik altyapılarını daha hızlı tehdit analizi yapacak şekilde geliştirmek zorunda kalabilir. Özellikle kişisel verilerin yoğun biçimde işlendiği bankacılık sistemlerinde saldırıların kaynağı kadar saldırganların kullandığı otomasyon düzeyinin belirlenmesi de önem kazanıyor. Güney Kore’deki soruşturmanın ortaya çıkaracağı teknik ayrıntılar, ülkenin yapay zekâ dönemindeki finansal siber güvenlik politikalarının yönünü belirleyebilir. Yetkililerin hangi araçların kullanıldığını, hangi sistemlerin ihlal edildiğini ve müşteri verilerinin ne ölçüde etkilendiğini açıklaması, bankaların gelecekteki savunma stratejileri açısından kritik bir sonraki aşama olacak. 07/10/2026 Yapay Zekâ Becerileri Konusunda Blöf Yapan Çalışanların Sayısı Artıyor 07/10/2026 SpaceX, Uydu Operatörlerini Gerçek Zamanlı Yörünge Verisi Paylaşmaya Çağırdı 07/10/2026 Windows Uygulaması, Uzak Bilgisayar Bağlantılarını Genel Kullanıma Açtı 07/10/2026 AMD, Yapay Zekâ Talebi Nedeniyle 2027’de Çip Üretimini Artıracak 07/10/2026 Yeni Outlook, E-postaları Göndermeden Önce Otomatik Olarak Yazım Denetleyecek 07/10/2026 Adobe’nin 7 Popüler Uygulamasına Açık Kaynaklı Alternatif Geliştirildi 07/10/2026 Google, Yapay Zekâ Kaynaklı Hatalı Bildirimler Nedeniyle Açık Kaynak Hata Ödül Programını Duraklattı 07/10/2026 Park Halindeki Togg T10X’te Yangın Çıktı: Araç Kullanılamaz Hale Geldi 07/10/2026 AWS CEO’su Matt Garman, Veri Merkezi Karşıtlığının Dezenformasyonla Körüklendiğini Söyledi 07/10/2026 Anthropic, 10 Bin Yapay Zekâ Mühendisini Claude İçin Eğitecek Güney Kore Bankalarındaki Siber Saldırılarda Yapay Zekâ Şüphesi Araştırılıyor Güney Kore Banka Saldırılarını Kapsamlı Soruşturmayla İnceliyor Yapay Zekâ Becerileri Konusunda Blöf Yapan Çalışanların Sayısı Artıyor SpaceX, Uydu Operatörlerini Gerçek Zamanlı Yörünge Verisi Paylaşmaya Çağırdı Windows Uygulaması, Uzak Bilgisayar Bağlantılarını Genel Kullanıma Açtı AMD, Yapay Zekâ Talebi Nedeniyle 2027’de Çip Üretimini Artıracak Yeni Outlook, E-postaları Göndermeden Önce Otomatik Olarak Yazım Denetleyecek Adobe’nin 7 Popüler Uygulamasına Açık Kaynaklı Alternatif Geliştirildi Google, Yapay Zekâ Kaynaklı Hatalı Bildirimler Nedeniyle Açık Kaynak Hata Ödül Programını Duraklattı Park Halindeki Togg T10X’te Yangın Çıktı: Araç Kullanılamaz Hale Geldi AWS CEO’su Matt Garman, Veri Merkezi Karşıtlığının Dezenformasyonla Körüklendiğini Söyledi Anthropic, 10 Bin Yapay Zekâ Mühendisini Claude İçin Eğitecek Güney Kore Devlet Başkanı Lee Jae Myung, son dönemde bankalara yönelik bazı siber saldırılarda yapay zekâ modellerinin kullanılmış olabileceğini açıkladı. Saldırılar, müşterilerin kişisel bilgilerinin ihlal edilmesine yol açarken Güney Kore makamları olayların kaynağını, kullanılan yöntemleri ve ihlallerin kapsamını araştırıyor. Lee, ülkenin yapay zekâ çağındaki tehditlere karşı yeni siber güvenlik yöntemleri geliştirmesi gerektiğini belirtti. Güney Kore polisi, ticari bankaları hedef alan saldırılarla ilgili kapsamlı bir soruşturma yürütüyor. Shinhan Bank ile KB Kookmin Bank, Finansal Hizmetler Komisyonu’na siber saldırı bildiriminde bulunurken Yonhap, Hana Bank ile Woori Bank’ın da ihlallerden etkilendiğini aktardı. Saldırılarda müşterilere ait kişisel bilgilerin ihlal edildiği belirtilirken yetkililer henüz ele geçirilen verilerin tamamını açıklamadı. Güney Kore makamları ayrıca saldırganların hangi sistemlere eriştiğini, saldırıların ne kadar sürdüğünü ve olaylar arasında doğrudan bağlantı bulunup bulunmadığını belirlemeye çalışıyor. Finansal Hizmetler Komisyonu Başkanı Lee Eog-weon, pazar günü finans sektörü birlikleri, düzenleyici kurumlar ile etkilenen kuruluşların yöneticilerini acil toplantıya çağırdı. Toplantıda finans kuruluşlarının siber saldırılara karşı en yüksek düzeyde hazırlıkla hareket etmesi gerektiği vurgulandı. Güney Kore Devlet Başkanı Lee Jae Myung, kabine toplantısında bazı saldırılarda yapay zekâ kullanımına ilişkin işaretlerin ortaya çıktığını söyledi. Lee, yetkililerden olayların koşullarını hızlı biçimde ortaya çıkarmalarını ve zararı azaltmak amacıyla insan kaynağı ile teknik kaynakları soruşturma sürecine yönlendirmelerini istedi. Yetkililer, saldırılarda hangi yapay zekâ araçlarının kullanılmış olabileceğini henüz açıklamadı. Soruşturma ayrıca yapay zekânın saldırının hangi aşamasında devreye girdiğini de ortaya koymaya çalışacak; sistemlerin hedef belirleme, açık araştırma, kimlik avı hazırlama veya başka bir işlemde kullanılıp kullanılmadığı kaynakta belirtilmiyor. Yapay zekâ destekli siber saldırı şüphesi, saldırganların geleneksel yöntemlere kıyasla daha hızlı içerik üretmesi veya saldırı süreçlerinin bazı bölümlerini otomatikleştirmesi ihtimalini gündeme getiriyor. Güney Kore’deki soruşturma tamamlanmadan saldırıların doğrudan yapay zekâ tarafından gerçekleştirildiği sonucuna varmak ise erken olur. Finansal Denetim Servisi ile Finansal Güvenlik Enstitüsü, son saldırı girişimleriyle bağlantılı teknik verileri finans sektöründeki kuruluşlarla paylaştı. Kurumlar, saldırı girişimleriyle ilişkilendirilen 28 farklı IP adresine ilişkin bilgileri ve bazı ülke verilerini bankalara aktardı. Paylaşılan IP bilgileri, finans kuruluşlarının kendi ağlarındaki şüpheli bağlantıları karşılaştırmasına yardımcı olacak teknik göstergeler arasında yer alıyor. Yetkililer ise söz konusu adreslerin tek başına saldırıların arkasındaki kişi veya grupların kimliğini kanıtlamadığını belirtiyor. Finans kuruluşları açısından saldırıların kapsamının belirlenmesi kadar benzer girişimlerin yeniden gerçekleşmesini engellemek de önem taşıyor. Bankaların müşteri verilerini işleyen sistemleri, saldırı sonrasında yalnızca ihlal edilen noktaların değil aynı zamanda ilişkili erişimlerin de incelenmesini gerektiriyor. Avustralya’da eylül ayında açıklanan ayrı bir olay, yapay zekâ ajanlarının siber güvenlik riskleri açısından daha yakından incelenmesine neden oldu. Avustralya makamları, haziran ayında bir yapay zekâ aracısının hükümete ait sağlık verileri portalına yetkisiz erişim sağlayarak dosyalara ulaştığını açıklamıştı. Bir yapay zekâ araştırma şirketi de geçen hafta yapay zekâ ajanlarının Kanada hükümetine ait bir internet sitesine saldırmayı denediğini bildirdi. Kanada makamları ise sistemlerinin ele geçirildiğine ilişkin herhangi bir bulgu bulunmadığını açıkladı. Güney Kore’deki banka saldırıları, söz konusu örneklerle aynı yöntemlerin kullanıldığını göstermiyor. Ancak üç olay da yapay zekâ sistemlerinin siber güvenlik açısından yalnızca savunma amacıyla değil saldırı süreçlerinde kullanılma ihtimalinin de araştırılması gerektiğini ortaya koyuyor. Güney Kore hükümetinin önündeki temel sorun, yapay zekâ kullanımının saldırılardaki gerçek rolünü belirlemekle sınırlı kalmıyor. Yetkililerin soruşturma sonucunda elde edeceği teknik bulgular, bankaların tehdit tespit sistemlerini ve finans sektörünün olaylara müdahale yöntemlerini yeniden değerlendirmesine de yol açabilir. Finansal kurumlar, yapay zekâ destekli saldırı ihtimalini değerlendirirken mevcut siber güvenlik altyapılarını daha hızlı tehdit analizi yapacak şekilde geliştirmek zorunda kalabilir. Özellikle kişisel verilerin yoğun biçimde işlendiği bankacılık sistemlerinde saldırıların kaynağı kadar saldırganların kullandığı otomasyon düzeyinin belirlenmesi de önem kazanıyor. Güney Kore’deki soruşturmanın ortaya çıkaracağı teknik ayrıntılar, ülkenin yapay zekâ dönemindeki finansal siber güvenlik politikalarının yönünü belirleyebilir. Yetkililerin hangi araçların kullanıldığını, hangi sistemlerin ihlal edildiğini ve müşteri verilerinin ne ölçüde etkilendiğini açıklaması, bankaların gelecekteki savunma stratejileri açısından kritik bir sonraki aşama olacak. Yorum yapabilmek için oturum açmalısınız .","Güney Kore Bankalarındaki Siber Saldırılarda Yapay Zekâ Şüphesi Araştırılıyor Güney Kore Bankalarındaki Siber Saldırılarda Yapay Zekâ Şüphesi Araştırılıyor CozumPark Güney Kore banka siber saldırısı soruşturuluyor. Lee Jae Myung, bazı saldırılarda yapay zekâ kullanılmış olabileceğini açıkladı. Haberler Güney Kore Bankalarındaki Siber Saldırılarda Yapay Zekâ Şüphesi Araştırılıyor Ahmet Çakmak Bir e-posta göndermek 07/10/2026 0 2 dakika okuma süresi Facebook X LinkedIn E-Posta ile paylaş Yazdır Güney Kore Devlet Başkanı Lee Jae Myung, son dönemde bankalara yönelik bazı siber saldırılarda yapay zekâ modellerinin kullanılmış olabileceğini açıkladı. Saldırılar, müşterilerin kişisel bilgilerinin ihlal edilmesine yol açarken Güney Kore makamları olayların kaynağını, kullanılan yöntemleri ve ihlallerin kapsamını araştırıyor. Lee, ülkenin yapay zekâ çağındaki tehditlere karşı yeni siber güvenlik yöntemleri geliştirmesi gerektiğini belirtti. Güney Kore Banka Saldırılarını Kapsamlı Soruşturmayla İnceliyor Güney Kore polisi, ticari bankaları hedef alan saldırılarla ilgili kapsamlı bir soruşturma yürütüyor. Shinhan Bank ile KB Kookmin Bank, Finansal Hizmetler Komisyonu’na siber saldırı bildiriminde bulunurken Yonhap, Hana Bank ile Woori Bank’ın da ihlallerden etkilendiğini aktardı. Saldırılarda müşterilere ait kişisel bilgilerin ihlal edildiği belirtilirken yetkililer henüz ele geçirilen verilerin tamamını açıklamadı. Güney Kore makamları ayrıca saldırganların hangi sistemlere eriştiğini, saldırıların ne kadar sürdüğünü ve olaylar arasında doğrudan bağlantı bulunup bulunmadığını belirlemeye çalışıyor. Finansal Hizmetler Komisyonu Başkanı Lee Eog-weon, pazar günü finans sektörü birlikleri, düzenleyici kurumlar ile etkilenen kuruluşların yöneticilerini acil toplantıya çağırdı. Toplantıda finans kuruluşlarının siber saldırılara karşı en yüksek düzeyde hazırlıkla hareket etmesi gerektiği vurgulandı. Güney Kore Devlet Başkanı Lee Jae Myung, kabine toplantısında bazı saldırılarda yapay zekâ kullanımına ilişkin işaretlerin ortaya çıktığını söyledi. Lee, yetkililerden olayların koşullarını hızlı biçimde ortaya çıkarmalarını ve zararı azaltmak amacıyla insan kaynağı ile teknik kaynakları soruşturma sürecine yönlendirmelerini istedi. Yetkililer, saldırılarda hangi yapay zekâ araçlarının kullanılmış olabileceğini henüz açıklamadı. Soruşturma ayrıca yapay zekânın saldırının hangi aşamasında devreye girdiğini de ortaya koymaya çalışacak; sistemlerin hedef belirleme, açık araştırma, kimlik avı hazırlama veya başka bir işlemde kullanılıp kullanılmadığı kaynakta belirtilmiyor. Yapay zekâ destekli siber saldırı şüphesi, saldırganların geleneksel yöntemlere kıyasla daha hızlı içerik üretmesi veya saldırı süreçlerinin bazı bölümlerini otomatikleştirmesi ihtimalini gündeme getiriyor. Güney Kore’deki soruşturma tamamlanmadan saldırıların doğrudan yapay zekâ tarafından gerçekleştirildiği sonucuna varmak ise erken olur. Yetkililer ise söz konusu adreslerin tek başına saldırıların arkasındaki kişi veya grupların kimliğini kanıtlamadığını belirtiyor. Finans kuruluşları açısından saldırıların kapsamının belirlenmesi kadar benzer girişimlerin yeniden gerçekleşmesini engellemek de önem taşıyor. Avustralya’da eylül ayında açıklanan ayrı bir olay, yapay zekâ ajanlarının siber güvenlik riskleri açısından daha yakından incelenmesine neden oldu. Avustralya makamları, haziran ayında bir yapay zekâ aracısının hükümete ait sağlık verileri portalına yetkisiz erişim sağlayarak dosyalara ulaştığını açıklamıştı. Bir yapay zekâ araştırma şirketi de geçen hafta yapay zekâ ajanlarının Kanada hükümetine ait bir internet sitesine saldırmayı denediğini bildirdi. Güney Kore’deki banka saldırıları, söz konusu örneklerle aynı yöntemlerin kullanıldığını göstermiyor. Ancak üç olay da yapay zekâ sistemlerinin siber güvenlik açısından yalnızca savunma amacıyla değil saldırı süreçlerinde kullanılma ihtimalinin de araştırılması gerektiğini ortaya koyuyor. Güney Kore hükümetinin önündeki temel sorun, yapay zekâ kullanımının saldırılardaki gerçek rolünü belirlemekle sınırlı kalmıyor. Yetkililerin soruşturma sonucunda elde edeceği teknik bulgular, bankaların tehdit tespit sistemlerini ve finans sektörünün olaylara müdahale yöntemlerini yeniden değerlendirmesine de yol açabilir. Finansal kurumlar, yapay zekâ destekli saldırı ihtimalini değerlendirirken mevcut siber güvenlik altyapılarını daha hızlı tehdit analizi yapacak şekilde geliştirmek zorunda kalabilir. Güney Kore’deki soruşturmanın ortaya çıkaracağı teknik ayrıntılar, ülkenin yapay zekâ dönemindeki finansal siber güvenlik politikalarının yönünü belirleyebilir. Yetkililerin hangi araçların kullanıldığını, hangi sistemlerin ihlal edildiğini ve müşteri verilerinin ne ölçüde etkilendiğini açıklaması, bankaların gelecekteki savunma stratejileri açısından kritik bir sonraki aşama olacak. Ahmet Çakmak Bir e-posta göndermek 07/10/2026 0 2 dakika okuma süresi Facebook X LinkedIn E-Posta ile paylaş Yazdır Paylaş Facebook X LinkedIn E-Posta ile paylaş Yazdır Haberler Güney Kore Bankalarındaki Siber Saldırılarda Yapay Zekâ Şüphesi Araştırılıyor Ahmet Çakmak Bir e-posta göndermek 07/10/2026 0 2 dakika okuma süresi Facebook X LinkedIn E-Posta ile paylaş Yazdır Güney Kore Devlet Başkanı Lee Jae Myung, son dönemde bankalara yönelik bazı siber saldırılarda yapay zekâ modellerinin kullanılmış olabileceğini açıkladı. Ahmet Çakmak Bir e-posta göndermek 07/10/2026 0 2 dakika okuma süresi Facebook X LinkedIn E-Posta ile paylaş Yazdır Paylaş Facebook X LinkedIn E-Posta ile paylaş Yazdır Ahmet Çakmak Sonrakini Oku Haberler 07/10/2026 Yapay Zekâ Becerileri Konusunda Blöf Yapan Çalışanların Sayısı Artıyor Haberler 07/10/2026 SpaceX, Uydu Operatörlerini Gerçek Zamanlı Yörünge Verisi Paylaşmaya Çağırdı Haberler 07/10/2026 Windows Uygulaması, Uzak Bilgisayar Bağlantılarını Genel Kullanıma Açtı Haberler 07/10/2026 AMD, Yapay Zekâ Talebi Nedeniyle 2027’de Çip Üretimini Artıracak Haberler 07/10/2026 Yeni Outlook, E-postaları Göndermeden Önce Otomatik Olarak Yazım Denetleyecek Haberler 07/10/2026 Adobe’nin 7 Popüler Uygulamasına Açık Kaynaklı Alternatif Geliştirildi Haberler 07/10/2026 Google, Yapay Zekâ Kaynaklı Hatalı Bildirimler Nedeniyle Açık Kaynak Hata Ödül Programını Duraklattı Haberler 07/10/2026 Park Halindeki Togg T10X’te Yangın Çıktı: Araç Kullanılamaz Hale Geldi Haberler 07/10/2026 AWS CEO’su Matt Garman, Veri Merkezi Karşıtlığının Dezenformasyonla Körüklendiğini Söyledi Haberler 07/10/2026 Anthropic, 10 Bin Yapay Zekâ Mühendisini Claude İçin Eğitecek Haberler 07/10/2026 Yapay Zekâ Becerileri Konusunda Blöf Yapan Çalışanların Sayısı Artıyor Haberler 07/10/2026 SpaceX, Uydu Operatörlerini Gerçek Zamanlı Yörünge Verisi Paylaşmaya Çağırdı 07/10/2026 Park Halindeki Togg T10X’te Yangın Çıktı: Araç Kullanılamaz Hale Geldi 07/10/2026 AWS CEO’su Matt Garman, Veri Merkezi Karşıtlığının Dezenformasyonla Körüklendiğini Söyledi 07/10/2026 Anthropic, 10 Bin Yapay Zekâ Mühendisini Claude İçin Eğitecek 07/10/2026 Yapay Zekâ Becerileri Konusunda Blöf Yapan Çalışanların Sayısı Artıyor 07/10/2026 SpaceX, Uydu Operatörlerini Gerçek Zamanlı Yörünge Verisi Paylaşmaya Çağırdı 07/10/2026 Windows Uygulaması, Uzak Bilgisayar Bağlantılarını Genel Kullanıma Açtı 07/10/2026 AMD, Yapay Zekâ Talebi Nedeniyle 2027’de Çip Üretimini Artıracak 07/10/2026 Yeni Outlook, E-postaları Göndermeden Önce Otomatik Olarak Yazım Denetleyecek 07/10/2026 Adobe’nin 7 Popüler Uygulamasına Açık Kaynaklı Alternatif Geliştirildi 07/10/2026 Google, Yapay Zekâ Kaynaklı Hatalı Bildirimler Nedeniyle Açık Kaynak Hata Ödül Programını Duraklattı 07/10/2026 Park Halindeki Togg T10X’te Yangın Çıktı: Araç Kullanılamaz Hale Geldi 07/10/2026 AWS CEO’su Matt Garman, Veri Merkezi Karşıtlığının Dezenformasyonla Körüklendiğini Söyledi 07/10/2026 Anthropic, 10 Bin Yapay Zekâ Mühendisini Claude İçin Eğitecek 07/10/2026 Yapay Zekâ Becerileri Konusunda Blöf Yapan Çalışanların Sayısı Artıyor 07/10/2026 SpaceX, Uydu Operatörlerini Gerçek Zamanlı Yörünge Verisi Paylaşmaya Çağırdı 07/10/2026 Windows Uygulaması, Uzak Bilgisayar Bağlantılarını Genel Kullanıma Açtı 07/10/2026 AMD, Yapay Zekâ Talebi Nedeniyle 2027’de Çip Üretimini Artıracak 07/10/2026 Yeni Outlook, E-postaları Göndermeden Önce Otomatik Olarak Yazım Denetleyecek Mistral CEO’su Yeni Yapay Zekâ Modelinin Çinli Rakiplerini Geride Bıraktığını Söyledi Mistral CEO’su Yeni Yapay Zekâ Modelinin Çinli Rakiplerini Geride Bıraktığını Söyledi Volantis, Yapay Zekâ Çiplerinde Bellek Duvarını Fotonik Ara Bağlayıcıyla Aşmayı Hedefliyor Volantis, Yapay Zekâ Çiplerinde Bellek Duvarını Fotonik Ara Bağlayıcıyla Aşmayı Hedefliyor İlgili Makaleler Volantis, Yapay Zekâ Çiplerinde Bellek Duvarını Fotonik Ara Bağlayıcıyla Aşmayı Hedefliyor 07/10/2026 Mistral CEO’su Yeni Yapay Zekâ Modelinin Çinli Rakiplerini Geride Bıraktığını Söyledi 07/10/2026 İspanya, Veri Merkezi Yatırımlarının Yeni Merkezi Haline Geliyor 07/10/2026 İngiltere, Meta Hakkında İlk Çevrim İçi Güvenlik Yasası Soruşturmasını Başlattı 07/10/2026 Bir yanıt yazın Yanıtı iptal et Yorum yapabilmek için oturum açmalısınız . Göz Atın Kapalı İngiltere, Meta Hakkında İlk Çevrim İçi Güvenlik Yasası Soruşturmasını Başlattı 07/10/2026 Güney Kore, 2027’de 3,5 Milyar Dolarlık Yapay Zekâ Modeli Geliştirecek 07/10/2026 AMD, 2027’de Çip Arzını Büyük Ölçüde Artıracak 06/10/2026 Microsoft, Outlook 365 Arama Sorununu Doğruladı 06/10/2026 Avrupa Birliği’nin Microsoft Teams Alternatifi Beklentileri Karşılamadı 06/10/2026 Haberler Güney Kore Bankalarındaki Siber Saldırılarda Yapay Zekâ Şüphesi Araştırılıyor Ahmet Çakmak Bir e-posta göndermek 07/10/2026 0 2 dakika okuma süresi Facebook X LinkedIn E-Posta ile paylaş Yazdır Güney Kore Devlet Başkanı Lee Jae Myung, son dönemde bankalara yönelik bazı siber saldırılarda yapay zekâ modellerinin kullanılmış olabileceğini açıkladı. Güney Kore Devlet Başkanı Lee Jae Myung, son dönemde bankalara yönelik bazı siber saldırılarda yapay zekâ modellerinin kullanılmış olabileceğini açıkladı. 07/10/2026 Yapay Zekâ Becerileri Konusunda Blöf Yapan Çalışanların Sayısı Artıyor 07/10/2026 SpaceX, Uydu Operatörlerini Gerçek Zamanlı Yörünge Verisi Paylaşmaya Çağırdı 07/10/2026 Windows Uygulaması, Uzak Bilgisayar Bağlantılarını Genel Kullanıma Açtı 07/10/2026 AMD, Yapay Zekâ Talebi Nedeniyle 2027’de Çip Üretimini Artıracak 07/10/2026 Yeni Outlook, E-postaları Göndermeden Önce Otomatik Olarak Yazım Denetleyecek 07/10/2026 Adobe’nin 7 Popüler Uygulamasına Açık Kaynaklı Alternatif Geliştirildi 07/10/2026 Google, Yapay Zekâ Kaynaklı Hatalı Bildirimler Nedeniyle Açık Kaynak Hata Ödül Programını Duraklattı 07/10/2026 Park Halindeki Togg T10X’te Yangın Çıktı: Araç Kullanılamaz Hale Geldi 07/10/2026 AWS CEO’su Matt Garman, Veri Merkezi Karşıtlığının Dezenformasyonla Körüklendiğini Söyledi 07/10/2026 Anthropic, 10 Bin Yapay Zekâ Mühendisini Claude İçin Eğitecek Güney Kore Bankalarındaki Siber Saldırılarda Yapay Zekâ Şüphesi Araştırılıyor Güney Kore Banka Saldırılarını Kapsamlı Soruşturmayla İnceliyor Yapay Zekâ Becerileri Konusunda Blöf Yapan Çalışanların Sayısı Artıyor SpaceX, Uydu Operatörlerini Gerçek Zamanlı Yörünge Verisi Paylaşmaya Çağırdı Windows Uygulaması, Uzak Bilgisayar Bağlantılarını Genel Kullanıma Açtı AMD, Yapay Zekâ Talebi Nedeniyle 2027’de Çip Üretimini Artıracak Yeni Outlook, E-postaları Göndermeden Önce Otomatik Olarak Yazım Denetleyecek Adobe’nin 7 Popüler Uygulamasına Açık Kaynaklı Alternatif Geliştirildi Google, Yapay Zekâ Kaynaklı Hatalı Bildirimler Nedeniyle Açık Kaynak Hata Ödül Programını Duraklattı Park Halindeki Togg T10X’te Yangın Çıktı: Araç Kullanılamaz Hale Geldi AWS CEO’su Matt Garman, Veri Merkezi Karşıtlığının Dezenformasyonla Körüklendiğini Söyledi Anthropic, 10 Bin Yapay Zekâ Mühendisini Claude İçin Eğitecek Güney Kore Devlet Başkanı Lee Jae Myung, son dönemde bankalara yönelik bazı siber saldırılarda yapay zekâ modellerinin kullanılmış olabileceğini açıkladı. Güney Kore polisi, ticari bankaları hedef alan saldırılarla ilgili kapsamlı bir soruşturma yürütüyor.",browser_full_article,https://www.cozumpark.com/guney-kore-bankalarindaki-siber-saldirilarda-yapay-zeka-suphesi-arastiriliyor/,,,,,,,,il yok | ilçe yok | firma yok | faaliyet/tesis yok,,,,maps araması yapılmadı,,,81.25,167
2026-10-08 15:01:32,banka soruşturma,Banka / Finansal Kuruluş,Güney Kore’de yapay zekalı siber alarm! Çince konuşan hacker bankalara sızdı: Veriler çalındı,Güney Kore’de yapay zekalı siber alarm! Çince konuşan hacker bankalara sızdı: Veriler çalındı Takvim,https://news.google.com/rss/articles/CBMikwFBVV95cUxPS1lFbWFxT3dMa0lkdmttc3F1V21WbW54amFqMXdPMFRYY0FPZlJ2Z2d3dEJiYlNSVFlhSng0Q2dQZHRpbUllOG8zU0ZBaWp0OGNOTzlibXRCY1U5bVJFZmhGQmVHYy1yZjFKQW5DU1lOXzJkWjVDOWtWTENnT3B1UW9WMUcwRTMxWlVHYk5nX1puZG8?oc=5,banka,finansal kuruluş,"Yapay zeka araçları kullanan Çince konuşan hacker, Güney Kore bankalarından veri çaldı. Soruşturma başlatıldı. Yapay zeka araçları kullanan Çince konuşan hacker, Güney Kore bankalarından veri çaldı. Soruşturma başlatıldı. Yapay zeka araçları kullanan Çince konuşan hacker, Güney Kore bankalarından veri çaldı. Soruşturma başlatıldı. Güney Kore'de yapay zekalı siber saldırı! Çince konuşan hacker bankalara sızdı Güney Kore finans sektörü yapay zekalı siber saldırıyla sarsıldı. Çince konuşan kimliği belirsiz bir hacker, yapay zeka ve ARTEX yazılımıyla bankalara sızarak veri çaldı. Dev bankaların hedef alındığı olayda Hong Kong bağlantısı tespit edildi. Takvim.com.tr Giriş Tarihi: 08 Ekim 2026 18:01 Güncelleme Tarihi: 09 Ekim 2026 00:02 Facebook X NSosyal Linki Kopyala Yazı Boyutu Takvim'i Google'a ekleyin, doğru kaynaktan haberi alın! Güney Kore finans sektörü, yapay zeka destekli dev bir siber saldırıyla sarsıldı. ABD merkezli siber güvenlik devi CrowdStrike raporuna göre, Çince konuşan kimliği belirsiz bir bilgisayar korsanı, yapay zekayı silah olarak kullanarak ülkedeki banka ve kredi kuruluşlarının sistemlerine sızdı. Eylül sonu ile ekim başı arasında gerçekleşen ve Güney Kore'nin önde gelen finans kurumlarını hedef alan siber saldırıların arkasında finansal hırsızlık motivasyonu olduğu değerlendiriliyor. YAPAY ZEKA VE ÇİN YAPIMI 'ARTEX' ARACIYLA SIZDILAR Siber saldırganın, bankacılık ve finans altyapılarını geçmek için gelişmiş büyük dil modellerini (LLM) ve Çin menşeli açık kaynaklı sızma testi aracı ARTEX'i kombine ettiği belirlendi. Karanlık operasyonun öne çıkan detayları: Bir bankanın hassas kredi sorgulama servisi ile başka bir kredi kuruluşunun saha ve çalışan destek platformu doğrudan hedef alındı. CrowdStrike incelemelerinde, saldırılarda kullanılan komuta kontrol sunucularından birinin Hong Kong merkezli olduğu saptandı. Korsanın çalınan verileri Güney Kore odaklı karaborsa pazarlarında satışa çıkarmak için arama yaptığı tespit edildi. DEV BANKALAR BİLDİRİLDİ: SORUŞTURMA DÜĞMESİNE BASILDI Söz konusu siber sızma vakalarının, ülkenin en büyük finans devleri arasında yer alan Hana Bank, KB Kookmin Bank ve Shinhan Bank'ı kapsayan veri ihlali haberlerinin hemen ardından gelmesi dikkat çekti. Yaşanan kriz sonrası Güney Kore finansal düzenleme kurulları ve kolluk kuvvetleri geniş çaplı adli ve teknik soruşturma başlattı. Çalınan veri miktarı ve saldırganın net kimliğini belirleme çalışmaları sürüyor. Yapay zeka güvenlik testlerini kandırıyor mu? Eski OpenAI çalışanı uyardı OpenAI’ın CEO’su Sam Altman’dan yapay zeka için çarpıcı uyarı! Gerçek bir güvenlik sorunu Yapay zeka ajanı hayır yanıtını aşıp Avustralya’nın sağlık portalına yetkisiz erişim sağladı Yapay zeka ajanı “hayır” yanıtını aşıp Avustralya’nın sağlık portalına yetkisiz erişim sağladı 217 yıllık şifre kırıldı! Yapay zeka 6 saatte çözdü: Napolyon’un şifreli mektubunda ne yazıyor? SONRAKİ HABER Devrik Esad'ın sağ kolu Bassam el Hasan hakkında FBI iddiası ÖNCEKİ HABER İran'a saldırmayacağız Nilsu Çakıroğlu Takvim.com.tr Dünya Günün Man","Güney Kore’de yapay zekalı siber alarm! Çince konuşan hacker bankalara sızdı: Veriler çalındı Güney Kore’de yapay zekalı siber alarm! Çince konuşan hacker bankalara sızdı: Veriler çalındı Takvim Yapay zeka araçları kullanan Çince konuşan hacker, Güney Kore bankalarından veri çaldı. Güney Kore'de yapay zekalı siber saldırı! Çince konuşan hacker bankalara sızdı Güney Kore finans sektörü yapay zekalı siber saldırıyla sarsıldı. Çince konuşan kimliği belirsiz bir hacker, yapay zeka ve ARTEX yazılımıyla bankalara sızarak veri çaldı. Takvim.com.tr Giriş Tarihi: 08 Ekim 2026 18:01 Güncelleme Tarihi: 09 Ekim 2026 00:02 Facebook X NSosyal Linki Kopyala Yazı Boyutu Takvim'i Google'a ekleyin, doğru kaynaktan haberi alın! Güney Kore finans sektörü, yapay zeka destekli dev bir siber saldırıyla sarsıldı. ABD merkezli siber güvenlik devi CrowdStrike raporuna göre, Çince konuşan kimliği belirsiz bir bilgisayar korsanı, yapay zekayı silah olarak kullanarak ülkedeki banka ve kredi kuruluşlarının sistemlerine sızdı. Eylül sonu ile ekim başı arasında gerçekleşen ve Güney Kore'nin önde gelen finans kurumlarını hedef alan siber saldırıların arkasında finansal hırsızlık motivasyonu olduğu değerlendiriliyor. YAPAY ZEKA VE ÇİN YAPIMI 'ARTEX' ARACIYLA SIZDILAR Siber saldırganın, bankacılık ve finans altyapılarını geçmek için gelişmiş büyük dil modellerini (LLM) ve Çin menşeli açık kaynaklı sızma testi aracı ARTEX'i kombine ettiği belirlendi. Karanlık operasyonun öne çıkan detayları: Bir bankanın hassas kredi sorgulama servisi ile başka bir kredi kuruluşunun saha ve çalışan destek platformu doğrudan hedef alındı. Korsanın çalınan verileri Güney Kore odaklı karaborsa pazarlarında satışa çıkarmak için arama yaptığı tespit edildi. DEV BANKALAR BİLDİRİLDİ: SORUŞTURMA DÜĞMESİNE BASILDI Söz konusu siber sızma vakalarının, ülkenin en büyük finans devleri arasında yer alan Hana Bank, KB Kookmin Bank ve Shinhan Bank'ı kapsayan veri ihlali haberlerinin hemen ardından gelmesi dikkat çekti. Yaşanan kriz sonrası Güney Kore finansal düzenleme kurulları ve kolluk kuvvetleri geniş çaplı adli ve teknik soruşturma başlattı. Yapay zeka güvenlik testlerini kandırıyor mu? Eski OpenAI çalışanı uyardı OpenAI’ın CEO’su Sam Altman’dan yapay zeka için çarpıcı uyarı! Gerçek bir güvenlik sorunu Yapay zeka ajanı hayır yanıtını aşıp Avustralya’nın sağlık portalına yetkisiz erişim sağladı Yapay zeka ajanı “hayır” yanıtını aşıp Avustralya’nın sağlık portalına yetkisiz erişim sağladı 217 yıllık şifre kırıldı! Yapay zeka 6 saatte çözdü: Napolyon’un şifreli mektubunda ne yazıyor? SONRAKİ HABER Devrik Esad'ın sağ kolu Bassam el Hasan hakkında FBI iddiası ÖNCEKİ HABER İran'a saldırmayacağız Nilsu Çakıroğlu Takvim.com.tr Dünya Günün Man",browser_full_article,https://www.takvim.com.tr/dunya/guney-kore-bankalarina-yapay-zekali-siber-saldiri-6527784,,,,,,,,il yok | ilçe yok | firma yok | faaliyet/tesis yok,,,,maps araması yapılmadı,,,92.5,168
2026-10-03 05:19:38,banka soruşturma,Operasyon / Soruşturma / Suç,Türkiye Bankalar Birliği'nden fon soruşturması açıklaması: Sektör negatif etkilenmez,Türkiye Bankalar Birliği'nden fon soruşturması açıklaması: Sektör negatif etkilenmez İstanbul Ticaret Gazetesi,https://news.google.com/rss/articles/CBMiugFBVV95cUxNWDl5aTNyQWw4UG1tdTBNQmtiWTRjQ1ZibDB6RXI4ZDkwM3RDM0pQNW5ZZnk1QzYtQ2pFbXo2aEJnaDhOU3pwb3JCWnVlNHFYUWxOcDdNVm45ajVFejRLcmxKNFRLb2xzcFVOZF9hclhuM2Q0UFljeUd1YXdFVEVEWklucko5Yjc4UlhuMGRjRXhxbmJvU29qd05mSzU0akpTbjFwQ0R5SlJFMkl0UEtlcGYyRS10NGh3ckE?oc=5,"banka, ticaret",finansal kuruluş,Türkiye Bankalar Birliği'nden fon soruşturması açıklaması: Sektör negatif etkilenmez İstanbul Ticaret Gazetesi,Türkiye Bankalar Birliği'nden fon soruşturması açıklaması: Sektör negatif etkilenmez Türkiye Bankalar Birliği'nden fon soruşturması açıklaması: Sektör negatif etkilenmez İstanbul Ticaret Gazetesi Türkiye Bankalar Birliği'nden fon soruşturması açıklaması: Sektör negatif etkilenmez İstanbul Ticaret Gazetesi,browser_failed,https://news.google.com/rss/articles/CBMiugFBVV95cUxNWDl5aTNyQWw4UG1tdTBNQmtiWTRjQ1ZibDB6RXI4ZDkwM3RDM0pQNW5ZZnk1QzYtQ2pFbXo2aEJnaDhOU3pwb3JCWnVlNHFYUWxOcDdNVm45ajVFejRLcmxKNFRLb2xzcFVOZF9hclhuM2Q0UFljeUd1YXdFVEVEWklucko5Yjc4UlhuMGRjRXhxbmJvU29qd05mSzU0akpTbjFwQ0R5SlJFMkl0UEtlcGYyRS10NGh3ckE?oc=5&hl=tr&gl=TR&ceid=TR:tr,,,,,,İstanbul Ticaret,İstanbul Ticaret:161:body+summary,il yok | ilçe yok | faaliyet/tesis yok,İstanbul Ticaret Türkiye,İstanbul Ticaret Üniversitesi | İstanbul Ticaret Merkezi | İstanbul Ticaret İl Müdürlüğü | İstanbul Ticaret İş Güvenliği ve Endüstriyel Ürünler San. A.Ş | İstanbul Ticaret Üniversitesi Küçükyalı Kampüsü,İstanbul Ticaret Üniversitesi,firma adı + güvenli maps adayı var,100.0 | 100.0 | 100.0 | 100.0 | 100.0,,182.6,169
2026-10-07 10:33:00,banka soruşturma,Banka / Finansal Kuruluş,Fon vurgunu dünyanın en zenginlerine uzandı! Rothschild bankası ve Izzel Barokas fon skandalının göbeğinde,Fon vurgunu dünyanın en zenginlerine uzandı! Rothschild bankası ve Izzel Barokas fon skandalının göbeğinde SuperHaber,https://news.google.com/rss/articles/CBMivgFBVV95cUxOb1lMOFFxenBJdmM4UnZMcUZTSFdRZWZGNU1sNVd6bS1LcjlGMUZVbVNaN2ZxU29WaXJLREV3cXpfOXlWSzJZUlVNSmZLWTUtR2VhajBZV3N1b0ZFQWRCcHE0VHhVbVBscmRqeElaTDdFYzRkVGZRVVNBUFVjcGdOZW1QYl9KNE5yT1ZtUGlxZ0pWd3hQMEZBcTBjMmNld1hMTXJtT1Z2Z0VUZklaaU1SZ3h2c1ZicmJ5czNpX2130gG-AUFVX3lxTE5vWUw4UXF6cEl2YzhSdkxxRlNIV1FlZkY1TWw1V3ptLUtyOUYxRlVtU1o3ZnFTb1ZpcktERXdxel85eVZLMllSVU1KZktZNS1HZWFqMFlXc3VvRkVBZEJwcTRUeFVtUGxyZGp4SVpMN0VjNGRUZlFVU0FQVWNwZ05lbVBiX0o0TnJPVm1QaXFnSlZ3eFAwRkFxMGMyY2V3WExNcm1PVnZnRVRmSVppTVJneHZzVmJyYnlzM2lfbXc?oc=5,banka,finansal kuruluş,"www.superhaber.com Güvenlik doğrulaması yapılıyor Bu web sitesi, kötü niyetli botlara karşı korunmak için bir güvenlik hizmeti kullanıyor. Web sitesi bir bot olmadığınızı doğrularken bu sayfa görüntülenir. Doğrulama başarılı. www.superhaber.com adresinin yanıt vermesi bekleniyor Güvenlik doğrulaması yapılıyor Doğrulama başarılı. www.superhaber.com adresinin yanıt vermesi bekleniyor Bu web sitesi, kötü niyetli botlara karşı korunmak için bir güvenlik hizmeti kullanıyor. Web sitesi bir bot olmadığınızı doğrularken bu sayfa görüntülenir.","Fon vurgunu dünyanın en zenginlerine uzandı! Rothschild bankası ve Izzel Barokas fon skandalının göbeğinde Fon vurgunu dünyanın en zenginlerine uzandı! Rothschild bankası ve Izzel Barokas fon skandalının göbeğinde SuperHaber www.superhaber.com Güvenlik doğrulaması yapılıyor Bu web sitesi, kötü niyetli botlara karşı korunmak için bir güvenlik hizmeti kullanıyor. Web sitesi bir bot olmadığınızı doğrularken bu sayfa görüntülenir. www.superhaber.com adresinin yanıt vermesi bekleniyor Güvenlik doğrulaması yapılıyor Doğrulama başarılı. www.superhaber.com adresinin yanıt vermesi bekleniyor Bu web sitesi, kötü niyetli botlara karşı korunmak için bir güvenlik hizmeti kullanıyor.",browser_full_article,https://www.superhaber.com/amp/fon-vurgunu-dunyanin-en-zenginlerine-uzandi-rothschild-bankasi-ve-izzel-barokas-fon-586657,,,,,,,,il yok | ilçe yok | firma yok | faaliyet/tesis yok,,,,maps araması yapılmadı,,,93.65,170
2026-10-09 07:23:15,banka soruşturma,Operasyon / Soruşturma / Suç,"Fon Soruşturması: 214 Kişinin 187,6 Milyar Liralık Kazancı İnceleniyor, TMSF Bildirim Göndermeye Başladı","Fon Soruşturması: 214 Kişinin 187,6 Milyar Liralık Kazancı İnceleniyor, TMSF Bildirim Göndermeye Başladı Banka Dünyası",https://news.google.com/rss/articles/CBMifEFVX3lxTE5tbi1OOERMNUR6QkVlYTZ1dndaUHJZaGNGZm94aGdQWjhvYnNmVEg4c0NsUDRHZG8xOUxFVDkyeUEtSC10OFowSUV0ejJ2dU1FbDlLNjVaU2lWeGVybkRuU0FuMkpOLWFicUoxaUZQYzN6Qml6RVlnZzdTeE0?oc=5,banka,finansal kuruluş,"Fon soruşturmasında Bakan Gürlek, 214 kişinin Tera, Pusula ve Hedef fonlarından 187,6 milyar lira kazanç elde ettiğini açıkladı. Fon soruşturmasında Bakan Gürlek, 214 kişinin Tera, Pusula ve Hedef fonlarından 187,6 milyar lira kazanç elde ettiğini açıkladı. Fon soruşturmasında Bakan Gürlek, 214 kişinin Tera, Pusula ve Hedef fonlarından 187,6 milyar lira kazanç elde ettiğini açıkladı. Fon Soruşturması: 214 Kişinin 187,6 Milyar Liralık Kazancı İnceleniyor, TMSF Bildirim Göndermeye Başladı bankadunyasi tarafından 9 Ekim 2026 9 Ekim 2026 tarihinde düzenlendi 91 kez okundu Okuma süresi: 2dk, 30sn + - Dinle 0 Haberi ilk siz duyun Banka Dünyası'nı size en uygun kanaldan takip edin. Telegram Haberler anında bildirim olarak gelsin Katıl WhatsApp Önemli gelişmeler telefonunuzda Katıl Instagram Görsel özetler ve detayları X Gündem ve başlıklar Facebook Haberler akışınızda LinkedIn Sektörel gelişmeler Banka Dünyası'nı Google'da tercih edilen kaynağınız yapın! + Fon soruşturması kapsamında yüksek kazanç elde eden kişilere ilişkin ilk toplu rakam açıklandı. Adalet Bakanı Akın Gürlek, Sabah gazetesine yaptığı ve 9 Ekim 2026’da yayımlanan açıklamada , üç fon grubundan 100 milyon liranın üzerinde kazanç sağlayan 214 kişinin tek tek belirlendiğini, bu kişilerin toplam kazancının 187 milyar 653 milyon lira olduğunu söyledi. Liste Tasarruf Mevduatı Sigorta Fonu’na (TMSF) gönderildi ve iade için bildirimler yapılmaya başlandı. Fon soruşturmasında 187 milyar liralık rakam neyi ifade ediyor? Gürlek’in paylaştığı bilgilere göre İstanbul Cumhuriyet Başsavcılığı’nın yürüttüğü incelemede, 100 milyon liranın üzerinde kazanç elde edenler ayrıştırıldı. Belirlenen 214 kişinin 141’i gerçek, 73’ü tüzel kişi. İncelemelerde yapay zeka sistemlerinden de yararlanıldığı belirtildi. Kazancın fon gruplarına göre dağılımı şöyle: Tera fonları: yaklaşık 90 milyar lira Pusula fonları: yaklaşık 79 milyar lira Hedef fonları: yaklaşık 18 milyar lira Açıklanan tutar, bu kişilerin söz konusu fonlardan elde ettiği kazancı gösteriyor. Kazancın ne kadarının hukuka aykırı sayılacağı ve kimlerin sorumlu tutulacağı soruşturma ve yargılama sürecinde belirlenecek; listede yer almak tek başına suç isnadı anlamına gelmiyor. 13-16 Eylül’de fon satanlar neden inceleniyor? Fon Soruşturmasında özellikle 13-16 Eylül tarihleri arasında fon satışı yapan kişiler üzerinde duruluyor. SPK’nın fonlar için işleme kapatma ve tasfiye kararı 17 Eylül’de açıklanmıştı; inceleme, bu karardan hemen önceki günlerde yapılan çıkışlara odaklanıyor. Gürlek, bazı kişilerin önceden bilgi alarak fonlardan çıktığının tespit edildiğini söyledi. Bu işlemler ve ilgili kişiler soruşturma kapsamında inceleniyor. TMSF ne yapıyor, toplanan para nereye gidecek? Gürlek’e göre TMSF, kendisine gönderilen listedeki isimlere kazançların iadesi için resmi bildirim yapmaya başladı. İade edilen tutarlar, fon soruşturmasında fon mağdurları için oluşturulan hesaplarda toplanacak. Gönüllü iade için altyapı daha önce kurulmuştu: SPK, TMSF adına fon bazında iade hesapları açmıştı . Gürlek 6 Ekim’de bu hesaplara beş kişinin ödeme yaptığını, zararın iki katının karşılanmasının etkin pişmanlık nedeni sayıldığını ancak bunun dosyanın kapanması anlamına gelmediğini belirtmişti. Fon yatırımcıları için ne anlama geliyor? Hükümet, tasfiyedeki fonlarda oluşan zararlar için Hazine kaynağı kullanılmayacağını açıklamıştı. Bu nedenle yüksek kazanç elde edenlerden geri alınacak tutarlar, olağanüstü tasfiye kapsamındaki fonlarda yatırımcılara yapılacak ödemelerin başlıca kaynaklarından biri olacak. Ne kadarının, hangi sürede tahsil edilebileceği ise henüz belli değil. Olağan tasfiye kapsamındaki 17 fonda 43 bin yatırımcının ödemesi 8 Ekim’de yapılmıştı . Alkışlıyorum 0 Eğlendim 0 Beğendim 0 Beğenmedim 0 Düşünceliyim 0 Çok Kızdım 0 Etiketler akın gürlek banka dünyası Fon Krizi sermaye piyasası spk tmsf yatırım fonu bankadunyasi Yazarın Profili 8 Ekim 2026 77 Güney Kore’de Bankalara Yapay Zeka Destekli Siber Saldırı: En Az 7 Finans Kuruluşu Etkilendi 8 Ekim 2026 83 TCMB Başkan Yardımcısı Hatice Karahan: Merkez Bankaları Yapay Zekanın Avantajlarından Faydalanmalı 8 Ekim 2026 906 Destek Finans Faktoring şirketine kayyum atandı 8 Ekim 2026 269 Bankalarda Mevduat Bir Haftada 310 Milyar TL Eridi: Takipteki Alacaklar 914 Milyar TL’ye Çıktı 8 Ekim 2026 50 TÜİK Açıkladı: Eylülde En Çok Kazandıran Yatırım Aracı Hangisi Oldu? 8 Ekim 2026 445 İşveren Çalışanın E-postasını Okuyabilir mi? KVKK İlke Kararı Resmi Gazete’de Fon Soruşturması: 214 Kişinin 187,6 Milyar Liralık Kazancı İnceleniyor, TMSF Bildirim Göndermeye Başladı bankadunyasi tarafından 9 Ekim 2026 9 Ekim 2026 tarihinde düzenlendi 91 kez okundu Okuma süresi: 2dk, 30sn + - Dinle 0 Haberi ilk siz duyun Banka Dünyası'nı size en uygun kanaldan takip edin. Telegram Haberler anında bildirim olarak gelsin Katıl WhatsApp Önemli gelişmeler telefonunuzda Katıl Instagram Görsel özetler ve detayları X Gündem ve başlıklar Facebook Haberler akışınızda LinkedIn Sektörel gelişmeler Banka Dünyası'nı Google'da tercih edilen kaynağınız yapın! + Fon soruşturması kapsamında yüksek kazanç elde eden kişilere ilişkin ilk toplu rakam açıklandı. Adalet Bakanı Akın Gürlek, Sabah gazetesine yaptığı ve 9 Ekim 2026’da yayımlanan açıklamada , üç fon grubundan 100 milyon liranın üzerinde kazanç sağlayan 214 kişinin tek tek belirlendiğini, bu kişilerin toplam kazancının 187 milyar 653 milyon lira olduğunu söyledi. Liste Tasarruf Mevduatı Sigorta Fonu’na (TMSF) gönderildi ve iade için bildirimler yapılmaya başlandı. Fon soruşturmasında 187 milyar liralık rakam neyi ifade ediyor? Gürlek’in paylaştığı bilgilere göre İstanbul Cumhuriyet Başsavcılığı’nın yürüttüğü incelemede, 100 milyon liranın üzerinde kazanç elde edenler ayrıştırıldı. Belirlenen 214 kişinin 141’i gerçek, 73’ü tüzel kişi. İncelemelerde yapay zeka sistemlerinden de yararlanıldığı belirtildi. Kazancın fon gruplarına göre dağılımı şöyle: Tera fonları: yaklaşık 90 milyar lira Pusula fonları: yaklaşık 79 milyar lira Hedef fonları: yaklaşık 18 milyar lira Açıklanan tutar, bu kişilerin söz konusu fonlardan elde ettiği kazancı gösteriyor. Kazancın ne kadarının hukuka aykırı sayılacağı ve kimlerin sorumlu tutulacağı soruşturma ve yargılama sürecinde belirlenecek; listede yer almak tek başına suç isnadı anlamına gelmiyor. 13-16 Eylül’de fon satanlar neden inceleniyor? Fon Soruşturmasında özellikle 13-16 Eylül tarihleri arasında fon satışı yapan kişiler üzerinde duruluyor. SPK’nın fonlar için işleme kapatma ve tasfiye kararı 17 Eylül’de açıklanmıştı; inceleme, bu karardan hemen önceki günlerde yapılan çıkışlara odaklanıyor. Gürlek, bazı kişilerin önceden bilgi alarak fonlardan çıktığının tespit edildiğini söyledi. Bu işlemler ve ilgili kişiler soruşturma kapsamında inceleniyor. TMSF ne yapıyor, toplanan para nereye gidecek? Gürlek’e göre TMSF, kendisine gönderilen listedeki isimlere kazançların iadesi için resmi bildirim yapmaya başladı. İade edilen tutarlar, fon soruşturmasında fon mağdurları için oluşturulan hesaplarda toplanacak. Gönüllü iade için altyapı daha önce kurulmuştu: SPK, TMSF adına fon bazında iade hesapları açmıştı . Gürlek 6 Ekim’de bu hesaplara beş kişinin ödeme yaptığını, zararın iki katının karşılanmasının etkin pişmanlık nedeni sayıldığını ancak bunun dosyanın kapanması anlamına gelmediğini belirtmişti. Fon yatırımcıları için ne anlama geliyor? Hükümet, tasfiyedeki fonlarda oluşan zararlar için Hazine kaynağı kullanılmayacağını açıklamıştı. Bu nedenle yüksek kazanç elde edenlerden geri alınacak tutarlar, olağanüstü tasfiye kapsamındaki fonlarda yatırımcılara yapılacak ödemelerin başlıca kaynaklarından biri olacak. Ne kadarının, hangi sürede tahsil edilebileceği ise henüz belli değil. Olağan tasfiye kapsamındaki 17 fonda 43 bin yatırımcının ödemesi 8 Ekim’de yapılmıştı . Alkışlıyorum 0 Eğlendim 0 Beğendim 0 Beğenmedim 0 Düşünceliyim 0 Çok Kızdım 0 Etiketler akın gürlek banka dünyası Fon Krizi sermaye piyasası spk tmsf yatırım fonu bankadunyasi Yazarın Profili İlginizi Çekebilir Honda, Türkiye’de Civic satışını durdurdu 2 Ocak 2026 Benzer Yazılar 8 Ekim 2026 77 Güney Kore’de Bankalara Yapay Zeka Destekli Siber Saldırı: En Az 7 Finans Kuruluşu Etkilendi 8 Ekim 2026 83 TCMB Başkan Yardımcısı Hatice Karahan: Merkez Bankaları Yapay Zekanın Avantajlarından Faydalanmalı 8 Ekim 2026 906 Destek Finans Faktoring şirketine kayyum atandı 8 Ekim 2026 269 Bankalarda Mevduat Bir Haftada 310 Milyar TL Eridi: Takipteki Alacaklar 914 Milyar TL’ye Çıktı 8 Ekim 2026 50 TÜİK Açıkladı: Eylülde En Çok Kazandıran Yatırım Aracı Hangisi Oldu? 8 Ekim 2026 445 İşveren Çalışanın E-postasını Okuyabilir mi? KVKK İlke Kararı Resmi Gazete’de Yorumları Göste","Fon Soruşturması: 214 Kişinin 187,6 Milyar Liralık Kazancı İnceleniyor, TMSF Bildirim Göndermeye Başladı Fon Soruşturması: 214 Kişinin 187,6 Milyar Liralık Kazancı İnceleniyor, TMSF Bildirim Göndermeye Başladı Banka Dünyası Fon soruşturmasında Bakan Gürlek, 214 kişinin Tera, Pusula ve Hedef fonlarından 187,6 milyar lira kazanç elde ettiğini açıkladı. Fon Soruşturması: 214 Kişinin 187,6 Milyar Liralık Kazancı İnceleniyor, TMSF Bildirim Göndermeye Başladı bankadunyasi tarafından 9 Ekim 2026 9 Ekim 2026 tarihinde düzenlendi 91 kez okundu Okuma süresi: 2dk, 30sn + - Dinle 0 Haberi ilk siz duyun Banka Dünyası'nı size en uygun kanaldan takip edin. Telegram Haberler anında bildirim olarak gelsin Katıl WhatsApp Önemli gelişmeler telefonunuzda Katıl Instagram Görsel özetler ve detayları X Gündem ve başlıklar Facebook Haberler akışınızda LinkedIn Sektörel gelişmeler Banka Dünyası'nı Google'da tercih edilen kaynağınız yapın! + Fon soruşturması kapsamında yüksek kazanç elde eden kişilere ilişkin ilk toplu rakam açıklandı. Adalet Bakanı Akın Gürlek, Sabah gazetesine yaptığı ve 9 Ekim 2026’da yayımlanan açıklamada , üç fon grubundan 100 milyon liranın üzerinde kazanç sağlayan 214 kişinin tek tek belirlendiğini, bu kişilerin toplam kazancının 187 milyar 653 milyon lira olduğunu söyledi. Liste Tasarruf Mevduatı Sigorta Fonu’na (TMSF) gönderildi ve iade için bildirimler yapılmaya başlandı. Fon soruşturmasında 187 milyar liralık rakam neyi ifade ediyor? Belirlenen 214 kişinin 141’i gerçek, 73’ü tüzel kişi. İncelemelerde yapay zeka sistemlerinden de yararlanıldığı belirtildi. Kazancın fon gruplarına göre dağılımı şöyle: Tera fonları: yaklaşık 90 milyar lira Pusula fonları: yaklaşık 79 milyar lira Hedef fonları: yaklaşık 18 milyar lira Açıklanan tutar, bu kişilerin söz konusu fonlardan elde ettiği kazancı gösteriyor. Kazancın ne kadarının hukuka aykırı sayılacağı ve kimlerin sorumlu tutulacağı soruşturma ve yargılama sürecinde belirlenecek; listede yer almak tek başına suç isnadı anlamına gelmiyor. Fon Soruşturmasında özellikle 13-16 Eylül tarihleri arasında fon satışı yapan kişiler üzerinde duruluyor. SPK’nın fonlar için işleme kapatma ve tasfiye kararı 17 Eylül’de açıklanmıştı; inceleme, bu karardan hemen önceki günlerde yapılan çıkışlara odaklanıyor. Bu işlemler ve ilgili kişiler soruşturma kapsamında inceleniyor. TMSF ne yapıyor, toplanan para nereye gidecek? Gürlek’e göre TMSF, kendisine gönderilen listedeki isimlere kazançların iadesi için resmi bildirim yapmaya başladı. İade edilen tutarlar, fon soruşturmasında fon mağdurları için oluşturulan hesaplarda toplanacak. Gönüllü iade için altyapı daha önce kurulmuştu: SPK, TMSF adına fon bazında iade hesapları açmıştı . Gürlek 6 Ekim’de bu hesaplara beş kişinin ödeme yaptığını, zararın iki katının karşılanmasının etkin pişmanlık nedeni sayıldığını ancak bunun dosyanın kapanması anlamına gelmediğini belirtmişti. Hükümet, tasfiyedeki fonlarda oluşan zararlar için Hazine kaynağı kullanılmayacağını açıklamıştı. Bu nedenle yüksek kazanç elde edenlerden geri alınacak tutarlar, olağanüstü tasfiye kapsamındaki fonlarda yatırımcılara yapılacak ödemelerin başlıca kaynaklarından biri olacak. Olağan tasfiye kapsamındaki 17 fonda 43 bin yatırımcının ödemesi 8 Ekim’de yapılmıştı .",browser_full_article,https://bankadunyasi.com/fon-sorusturmasi-187-milyar-kazanc-tmsf-gurlek/,,,,,,,,il yok | ilçe yok | firma yok | faaliyet/tesis yok,,,,maps araması yapılmadı,,,112.5,171
2026-10-02 22:09:00,banka soruşturma,Banka / Finansal Kuruluş,Türkiye Bankalar Birliği Başkanı'ndan fon açıklaması: Bankacılık sektörüne etkisi olacak mı?,Türkiye Bankalar Birliği Başkanı'ndan fon açıklaması: Bankacılık sektörüne etkisi olacak mı? Aydın Ses Gazetesi,https://news.google.com/rss/articles/CBMivAFBVV95cUxNNFRpNGxHVlpzYkl3WHd1VlgtaUh4a0NydjBPNEpVQmxFRzhUVUVyQm5fZDQ4UG1tSmJoTVJzWEYzTmZIaDBTQ3k3cXR4S2xDWXNKakZXY2J2ZWJLQWxNSTFVZTF5b1dRZ0FES0FtZkRvZlRWdWppNjI0TGNSWWZQNlFJNnhhMk9RaW8zWWJUOWV6WDF4X2ZPVlFWVmxpUW5vWWpZNGUyelpXNjczV0xwQm55QWZ1YzN3T3dKYg?oc=5,"banka, bankacılık",finansal kuruluş,Türkiye Bankalar Birliği Başkanı'ndan fon açıklaması: Bankacılık sektörüne etkisi olacak mı? Aydın Ses Gazetesi,Türkiye Bankalar Birliği Başkanı'ndan fon açıklaması: Bankacılık sektörüne etkisi olacak mı? Türkiye Bankalar Birliği Başkanı'ndan fon açıklaması: Bankacılık sektörüne etkisi olacak mı? Aydın Ses Gazetesi Türkiye Bankalar Birliği Başkanı'ndan fon açıklaması: Bankacılık sektörüne etkisi olacak mı?,browser_failed,https://news.google.com/rss/articles/CBMivAFBVV95cUxNNFRpNGxHVlpzYkl3WHd1VlgtaUh4a0NydjBPNEpVQmxFRzhUVUVyQm5fZDQ4UG1tSmJoTVJzWEYzTmZIaDBTQ3k3cXR4S2xDWXNKakZXY2J2ZWJLQWxNSTFVZTF5b1dRZ0FES0FtZkRvZlRWdWppNjI0TGNSWWZQNlFJNnhhMk9RaW8zWWJUOWV6WDF4X2ZPVlFWVmxpUW5vWWpZNGUyelpXNjczV0xwQm55QWZ1YzN3T3dKYg?oc=5&hl=tr&gl=TR&ceid=TR:tr,,,,,,,,il yok | ilçe yok | firma yok | faaliyet/tesis yok,,,,maps araması yapılmadı,,,80.86,172
2026-10-02 21:44:15,ödeme kuruluşu,Banka / Finansal Kuruluş,"TCMB, NXT’ye elektronik para kuruluşu olarak faaliyet izni verdi","TCMB, NXT’ye elektronik para kuruluşu olarak faaliyet izni verdi ekotürk",https://news.google.com/rss/articles/CBMinAFBVV95cUxQekdoSG1ISGlVZkhHeTJxSWR5dkhmdHZidVRkekZZQ09mSVN0TGtoX2ItOGpQZ2tmMFdPX3ZXdDViU1I1VDJPamZiRXBaQjNDc0xLdjNrUVF1N1dVRDNYLTlaV1NPdF9fSE9vUS1zVlRuMUdmS09KZ0R5UVNtSXlLTHhlUjhtMTNqbk83cUxYTy1oRzN2cGItWDdoNV8?oc=5,"elektronik para kuruluşu, kuruluş",finansal kuruluş,"TCMB, NXT’ye elektronik para kuruluşu olarak faaliyet izni verdi ekotürk","TCMB, NXT’ye elektronik para kuruluşu olarak faaliyet izni verdi TCMB, NXT’ye elektronik para kuruluşu olarak faaliyet izni verdi ekotürk TCMB, NXT’ye elektronik para kuruluşu olarak faaliyet izni verdi ekotürk",browser_failed,https://news.google.com/rss/articles/CBMinAFBVV95cUxQekdoSG1ISGlVZkhHeTJxSWR5dkhmdHZidVRkekZZQ09mSVN0TGtoX2ItOGpQZ2tmMFdPX3ZXdDViU1I1VDJPamZiRXBaQjNDc0xLdjNrUVF1N1dVRDNYLTlaV1NPdF9fSE9vUS1zVlRuMUdmS09KZ0R5UVNtSXlLTHhlUjhtMTNqbk83cUxYTy1oRzN2cGItWDdoNV8?oc=5&hl=tr&gl=TR&ceid=TR:tr,,,,,,,,il yok | ilçe yok | firma yok | faaliyet/tesis yok,,,,maps araması yapılmadı,,,58.72,173
2026-10-02 21:54:59,ödeme kuruluşu,Banka / Finansal Kuruluş,Uluslararası Banka Havalesi Ücretleri Ne Kadar Tutar? Tam Maliyet Analizi,Uluslararası Banka Havalesi Ücretleri Ne Kadar Tutar? Tam Maliyet Analizi WorldFirst,https://news.google.com/rss/articles/CBMinwFBVV95cUxPMVVSb0Q2eUxTSEdhTTB1YU56VFpBQXpIOEg0MHhGM3FkdUNSelVBMXpNeG1SVmZFeFVGMC1DOFNLN010TExkMTZVelg0Q3BRU3dSUTVzMTIyQ0NZTTRydEsxN2NGVm5IMVdrRlJfam9Hc1FWczF1dUpTSmE1RGlZdk9RbVVmUmVKa0QzRllheDVoSDdDRzJ1Zk9GUDhuWEE?oc=5,banka,finansal kuruluş,"Uluslararası banka havalesi ücretleri buzdağının sadece görünen kısmı. Gizli maliyetleri, banka ücret tablosunu ve azaltma yollarını incelemek için tıklayın. Uluslararası banka havalesi ücretleri buzdağının sadece görünen kısmı. Gizli maliyetleri, banka ücret tablosunu ve azaltma yollarını incelemek için tıklayın.","Uluslararası Banka Havalesi Ücretleri Ne Kadar Tutar? Tam Maliyet Analizi Uluslararası Banka Havalesi Ücretleri Ne Kadar Tutar? Tam Maliyet Analizi WorldFirst Uluslararası banka havalesi ücretleri buzdağının sadece görünen kısmı. Gizli maliyetleri, banka ücret tablosunu ve azaltma yollarını incelemek için tıklayın.",browser_full_article,https://www.worldfirst.com/tr/blog/global-business/uluslararasi-banka-havalesi-ucretleri-ne-kadar/,,,,,,,,il yok | ilçe yok | firma yok | faaliyet/tesis yok,,,,maps araması yapılmadı,,,66.65,174
2026-10-05 17:29:00,ödeme kuruluşu,Banka / Finansal Kuruluş,"TERA Yatırım Bankası temerrüde düştü, 5 milyar TL'lik bono ödemesini yapamadı","TERA Yatırım Bankası temerrüde düştü, 5 milyar TL'lik bono ödemesini yapamadı Gazete Oksijen",https://news.google.com/rss/articles/CBMitwFBVV95cUxOcnRjVG9TWTBpa1BicE1FemUwQ1c3ZHNhdkZUbjFPVFIzbF9xUFJtWmtwUWNTUW8xcFpTT28xR0NwRlJheG9RMEFHbnZEOGtTOHotUXBhNDhaQ01VajZDRHNKM0JaT3hpQlc3c1lhOURuWVR0dk01U1p6dlN1RGZxSDJnOUNaQlJ1Zk9LOUticzl2Z0hqOG1Ya1RaaXRTRWs1ZnZ3cURxWWJmLUpuWWJqQ29vem5LWjQ?oc=5,banka,finansal kuruluş,"TERA Yatırım Bankası temerrüde düştü, 5 milyar TL'lik bono ödemesini yapamadı Gazete Oksijen","TERA Yatırım Bankası temerrüde düştü, 5 milyar TL'lik bono ödemesini yapamadı TERA Yatırım Bankası temerrüde düştü, 5 milyar TL'lik bono ödemesini yapamadı Gazete Oksijen TERA Yatırım Bankası temerrüde düştü, 5 milyar TL'lik bono ödemesini yapamadı Gazete Oksijen",browser_failed,https://news.google.com/rss/articles/CBMitwFBVV95cUxOcnRjVG9TWTBpa1BicE1FemUwQ1c3ZHNhdkZUbjFPVFIzbF9xUFJtWmtwUWNTUW8xcFpTT28xR0NwRlJheG9RMEFHbnZEOGtTOHotUXBhNDhaQ01VajZDRHNKM0JaT3hpQlc3c1lhOURuWVR0dk01U1p6dlN1RGZxSDJnOUNaQlJ1Zk9LOUticzl2Z0hqOG1Ya1RaaXRTRWs1ZnZ3cURxWWJmLUpuWWJqQ29vem5LWjQ?oc=5&hl=tr&gl=TR&ceid=TR:tr,,,,,,,,il yok | ilçe yok | firma yok | faaliyet/tesis yok,,,,maps araması yapılmadı,,,68.42,175
2026-10-08 08:44:18,ödeme kuruluşu,Banka / Finansal Kuruluş,"Vietnam Devlet Bankası, dolandırıcıların yapay zekayı kullanarak sahte yüzler oluşturduğunu ve biyometrik kimlik doğrulamasını atlayarak para transferi yaptığını uyardı.","Vietnam Devlet Bankası, dolandırıcıların yapay zekayı kullanarak sahte yüzler oluşturduğunu ve biyometrik kimlik doğrulamasını atlayarak para transferi yaptığını uyardı. Vietnam.vn",https://news.google.com/rss/articles/CBMivAFBVV95cUxPQldmdEIwZGdkZm9NZTFSemlleDZhUnZGa2RwTC0zcjJydXBHWXVmZUc1MWxsX2dlNTg2ZGxfUjVnUHB1V3RQTE5lb3hyS0FfZ0Q2RjRpcUJmcExGRXhzdzFIeTZyazg1Y3c5R0VTcDlQN1k1TG50cnR1M3pNelM0Nk85enUxV1U1bFdhSWl5anU3b1B3MGlaQ0h6dUFLWXZhcDEwTDlpcEFGZnlBaHo1VzVXQ1pYRDZ0SzgzZw?oc=5,"banka, para transferi",finansal kuruluş,"Vietnam Devlet Bankası, dolandırıcıların yapay zekayı kullanarak sahte yüzler oluşturduğunu ve biyometrik kimlik doğrulamasını atlayarak para transferi yaptığını uyardı. Vietnam.vn","Vietnam Devlet Bankası, dolandırıcıların yapay zekayı kullanarak sahte yüzler oluşturduğunu ve biyometrik kimlik doğrulamasını atlayarak para transferi yaptığını uyardı. Vietnam Devlet Bankası, dolandırıcıların yapay zekayı kullanarak sahte yüzler oluşturduğunu ve biyometrik kimlik doğrulamasını atlayarak para transferi yaptığını uyardı. Vietnam.vn Vietnam Devlet Bankası, dolandırıcıların yapay zekayı kullanarak sahte yüzler oluşturduğunu ve biyometrik kimlik doğrulamasını atlayarak para transferi yaptığını uyardı.",browser_failed,https://news.google.com/rss/articles/CBMivAFBVV95cUxPQldmdEIwZGdkZm9NZTFSemlleDZhUnZGa2RwTC0zcjJydXBHWXVmZUc1MWxsX2dlNTg2ZGxfUjVnUHB1V3RQTE5lb3hyS0FfZ0Q2RjRpcUJmcExGRXhzdzFIeTZyazg1Y3c5R0VTcDlQN1k1TG50cnR1M3pNelM0Nk85enUxV1U1bFdhSWl5anU3b1B3MGlaQ0h6dUFLWXZhcDEwTDlpcEFGZnlBaHo1VzVXQ1pYRDZ0SzgzZw?oc=5&hl=tr&gl=TR&ceid=TR:tr,,,,,,,,il yok | ilçe yok | firma yok | faaliyet/tesis yok,,,,maps araması yapılmadı,,,137.3,176
2026-10-03 07:43:25,elektronik para ve ödeme kuruluşu,Banka / Finansal Kuruluş,NXT Elektronik Para'ya Merkez Bankası'ndan faaliyet izni,NXT Elektronik Para'ya Merkez Bankası'ndan faaliyet izni Haber Gündemim,https://news.google.com/rss/articles/CBMipgFBVV95cUxQcVBUdFJ0N2JZeFhPdFQtYVZqLWRONnk0dmY1dE41TFVtZVp2MzQ1WF9nd3FmcFpuRm42VWNfZmpSZFZkNnNPWlBqVno5ZVZfUXFla1B5cThfbTRDRS1kb1lyVWxWSGxQdnBHVTNzLVJjRTN0eTVqT2lmMzctNzVnbmpONDBGeWJRd2hmazlfWktyalVBTHZFWV9qSVJPbmxJRXFSSnBR?oc=5,banka,finansal kuruluş,NXT Elektronik Para'ya Merkez Bankası'ndan faaliyet izni Haber Gündemim,NXT Elektronik Para'ya Merkez Bankası'ndan faaliyet izni NXT Elektronik Para'ya Merkez Bankası'ndan faaliyet izni Haber Gündemim NXT Elektronik Para'ya Merkez Bankası'ndan faaliyet izni Haber Gündemim,browser_failed,https://news.google.com/rss/articles/CBMipgFBVV95cUxQcVBUdFJ0N2JZeFhPdFQtYVZqLWRONnk0dmY1dE41TFVtZVp2MzQ1WF9nd3FmcFpuRm42VWNfZmpSZFZkNnNPWlBqVno5ZVZfUXFla1B5cThfbTRDRS1kb1lyVWxWSGxQdnBHVTNzLVJjRTN0eTVqT2lmMzctNzVnbmpONDBGeWJRd2hmazlfWktyalVBTHZFWV9qSVJPbmxJRXFSSnBR?oc=5&hl=tr&gl=TR&ceid=TR:tr,,,,,,NXT Elektronik,NXT Elektronik:292:body+summary+title,il yok | ilçe yok | faaliyet/tesis yok,NXT Elektronik Türkiye,NXT Elektronik Para ve Ödeme Hizmetleri A.Ş,NXT Elektronik Para ve Ödeme Hizmetleri A.Ş,firma adı + güvenli maps adayı var,100.0,,150.46,177
2026-10-08 10:38:15,ödeme kuruluşu,Banka / Finansal Kuruluş,Bankalar müşterilerinin biyometrik verilerini bu şekilde saklıyor.,Bankalar müşterilerinin biyometrik verilerini bu şekilde saklıyor. Vietnam.vn,https://news.google.com/rss/articles/CBMilwFBVV95cUxQVHlDRTFrZDMyTzEyOU92Sk9NOFdPZDdfd29HdE83LVpuOGxFRVpCNlRrQWs5MXpIc2NDNk1KbWd3di1uRHNCMXN3NVZrczVua3dnYWtieGR3Q05vRHVnTGhWWlpMWGgyQTNaYlVxTjNOTkVlMkxlV1o3SklsWlM3NjdkNGp3WTRpblp5Y3dEVW5HbDcxR3Rj?oc=5,banka,finansal kuruluş,Bankalar müşterilerinin biyometrik verilerini bu şekilde saklıyor. Vietnam.vn,Bankalar müşterilerinin biyometrik verilerini bu şekilde saklıyor. Bankalar müşterilerinin biyometrik verilerini bu şekilde saklıyor. Vietnam.vn Bankalar müşterilerinin biyometrik verilerini bu şekilde saklıyor.,browser_failed,https://news.google.com/rss/articles/CBMilwFBVV95cUxQVHlDRTFrZDMyTzEyOU92Sk9NOFdPZDdfd29HdE83LVpuOGxFRVpCNlRrQWs5MXpIc2NDNk1KbWd3di1uRHNCMXN3NVZrczVua3dnYWtieGR3Q05vRHVnTGhWWlpMWGgyQTNaYlVxTjNOTkVlMkxlV1o3SklsWlM3NjdkNGp3WTRpblp5Y3dEVW5HbDcxR3Rj?oc=5&hl=tr&gl=TR&ceid=TR:tr,,,,,,,,il yok | ilçe yok | firma yok | faaliyet/tesis yok,,,,maps araması yapılmadı,,,51.02,178
2026-10-05 18:03:06,ödeme kuruluşu,Banka / Finansal Kuruluş,Tera Yatırım Bankası’nın 5 milyar TL’lik finansman bonosunda ödeme yapılamadı,Tera Yatırım Bankası’nın 5 milyar TL’lik finansman bonosunda ödeme yapılamadı 12punto,https://news.google.com/rss/articles/CBMiswFBVV95cUxNSDNHdzBxUEVJd0NYQjAxZjF2ZnE5X21SSHlnRTl2SjRFRGNWMXUwWWFPYjRGOVAyT0NXelpRU1RTNjNMOUtpRi1NQlhXMzYxU25oRGxVaU1HOHAwUldIYXJ1UERHOVBVaEp3dEtTSW42QWhFY3VYR1ZpM0t5Y21qT0c0Wml5aUxhTlRRc1NDeThBSGljcThwZjZ4U196bmdjMkNVZnlMdURGUnN0aWhPcXEwONIBuAFBVV95cUxNeGplWGsyN21vODJoX0RneHJ0OUJEVVlaUUZNTjU5R3R2eEZEQ09DOVduNVRjblN2ODJxMnNvNE14cWxRQmR6VW9YU1YyYm40ZU5YWllnQzVkazRJRUI2anJwU0I0YkVhbkRheHlzdUwwRWlrZENYT3RaYWNFYXdiQjJHQlIwUUQyUGRrazVtVU1pSzIxS1o4aWowNFpmNXg5TExYLW9yS2dfWWlfTjNfN2JPbXFVcTFk?oc=5,banka,finansal kuruluş,"MKK, Tera Yatırım Bankası’nın vadesi gelen finansman bonosunda anapara ve kupon ödemesinin gerçekleştirilemediğini KAP’a bildirdi. MKK, Tera Yatırım Bankası’nın vadesi gelen finansman bonosunda anapara ve kupon ödemesinin gerçekleştirilemediğini KAP’a bildirdi. MKK, Tera Yatırım Bankası’nın vadesi gelen finansman bonosunda anapara ve kupon ödemesinin gerçekleştirilemediğini KAP’a bildirdi. Merkezi Kayıt Kuruluşu (MKK), Tera Yatırım Bankası A.Ş. tarafından ihraç edilen TRFTRYBE2614 ISIN kodlu özel sektör borçlanma aracının vadesi gelen itfa ve kupon ödemesinin yapılamadığını duyurdu. MKK’nın Kamuyu Aydınlatma Platformu’na (KAP) saat 17.55’te yaptığı bildirimde, ödeme işlemlerinin ihraççı kuruluşun gerekli tutarı aktarmaması nedeniyle gerçekleştirilemediği belirtildi. TERA YATIRIM BANKASI A.Ş. tarafından ihraç edilen TRFTRYBE2614 ISIN kodlu özel sektör borçlanma aracına ilişkin 05.10.2026 tarihli itfa ve kupon ödemesi işlemleri, ihraççı kuruluşun ödeme tutarını aktarmaması nedeniyle Kuruluşumuz aracılığı ile gerçekleştirilememiştir. Söz konusu finansman bonosunun 6 Nisan 2026’da ihraç edildiği, 182 gün vadeli olduğu ve nitelikli yatırımcılara satıldığı bildirildi. Bononun nominal büyüklüğü 5 milyar TL, yıllık basit faiz oranı ise yüzde 42 olarak açıklanmıştı. Vadesi 5 Ekim 2026’da dolan bonoda, 182 günlük dönem için faiz oranı yüzde 20,94247 seviyesinde hesaplanıyor. Bu çerçevede 5 milyar TL anaparanın yanında yaklaşık 1 milyar 47 milyon TL faiz ödenmesi gerekiyordu. Böylece vade tarihinde yatırımcılara yapılması gereken toplam ödeme yaklaşık 6,05 milyar TL’ye ulaştı. MKK bildirimine göre hem anapara itfası hem de kupon ödemesi, ödeme tutarının aktarılmaması nedeniyle yatırımcılara ulaştırılamadı. Finansman bonosunun Borsa İstanbul Borçlanma Araçları Piyasası’nda işlem gördüğü belirtilirken, gelişme özel sektör borçlanma araçları piyasasında dikkatle takip ediliyor. Haber Kaynağı : 12punto Euro 55,3256 Dolar 49,3378 İngiliz Sterlini 65,2904 Altın 6674,7692 BIST 12.274 Tera Yatırım Bankası’nın 5 milyar TL’lik finansman bonosunda ödeme yapılamadı MKK, Tera Yatırım Bankası’nın vadesi gelen finansman bonosunda anapara ve kupon ödemesinin gerçekleştirilemediğini KAP’a bildirdi. Merkezi Kayıt Kuruluşu (MKK), Tera Yatırım Bankası A.Ş. tarafından ihraç edilen TRFTRYBE2614 ISIN kodlu özel sektör borçlanma aracının vadesi gelen itfa ve kupon ödemesinin yapılamadığını duyurdu. MKK’nın Kamuyu Aydınlatma Platformu’na (KAP) saat 17.55’te yaptığı bildirimde, ödeme işlemlerinin ihraççı kuruluşun gerekli tutarı aktarmaması nedeniyle gerçekleştirilemediği belirtildi. TERA YATIRIM BANKASI A.Ş. tarafından ihraç edilen TRFTRYBE2614 ISIN kodlu özel sektör borçlanma aracına ilişkin 05.10.2026 tarihli itfa ve kupon ödemesi işlemleri, ihraççı kuruluşun ödeme tutarını aktarmaması nedeniyle Kuruluşumuz aracılığı ile gerçekleştirilememiştir. Söz konusu finansman bonosunun 6 Nisan 2026’da ihraç edildiği, 182 gün vadeli olduğu ve nitelikli yatırımcılara satıldığı bildirildi. Bononun nominal büyüklüğü 5 milyar TL, yıllık basit faiz oranı ise yüzde 42 olarak açıklanmıştı. Vadesi 5 Ekim 2026’da dolan bonoda, 182 günlük dönem için faiz oranı yüzde 20,94247 seviyesinde hesaplanıyor. Bu çerçevede 5 milyar TL anaparanın yanında yaklaşık 1 milyar 47 milyon TL faiz ödenmesi gerekiyordu. Böylece vade tarihinde yatırımcılara yapılması gereken toplam ödeme yaklaşık 6,05 milyar TL’ye ulaştı. MKK bildirimine göre hem anapara itfası hem de kupon ödemesi, ödeme tutarının aktarılmaması nedeniyle yatırımcılara ulaştırılamadı. Finansman bonosunun Borsa İstanbul Borçlanma Araçları Piyasası’nda işlem gördüğü belirtilirken, gelişme özel sektör borçlanma araçları piyasasında dikkatle takip ediliyor. Afyonkarahisar Vali Yardımcısı İhsan Ayrancı’nın ölümüne ilişkin ilk bulgu Adalet Bakanlığı'ndan Özgür Özel'e yanıt Sizin yerinize utanmaktan yorulduk Teröristbaşı ikinci Kandil'i de böyle hallediyor!.. Kredi kartı limitlerinde yeni dönem yaklaşıyor Önce iyi insan: Dürüstlüğün kaybetmediği, liyakatin kazandığı bir Türkiye 'III. Abdülhamid' rejimi ve dış destekçileri: Bu çatırtılar ne? Tarihin Batı'dan değil, Doğu'dan yazımına ait bir örnek İzmir’de 155 milyon liralık konut operasyonu: Birden fazla kişiye satılmış YENİ Partili Özlale: MKK belgeleri sahte değil","Tera Yatırım Bankası’nın 5 milyar TL’lik finansman bonosunda ödeme yapılamadı Tera Yatırım Bankası’nın 5 milyar TL’lik finansman bonosunda ödeme yapılamadı 12punto MKK, Tera Yatırım Bankası’nın vadesi gelen finansman bonosunda anapara ve kupon ödemesinin gerçekleştirilemediğini KAP’a bildirdi. Merkezi Kayıt Kuruluşu (MKK), Tera Yatırım Bankası A.Ş. tarafından ihraç edilen TRFTRYBE2614 ISIN kodlu özel sektör borçlanma aracının vadesi gelen itfa ve kupon ödemesinin yapılamadığını duyurdu. MKK’nın Kamuyu Aydınlatma Platformu’na (KAP) saat 17.55’te yaptığı bildirimde, ödeme işlemlerinin ihraççı kuruluşun gerekli tutarı aktarmaması nedeniyle gerçekleştirilemediği belirtildi. TERA YATIRIM BANKASI A.Ş. tarafından ihraç edilen TRFTRYBE2614 ISIN kodlu özel sektör borçlanma aracına ilişkin 05.10.2026 tarihli itfa ve kupon ödemesi işlemleri, ihraççı kuruluşun ödeme tutarını aktarmaması nedeniyle Kuruluşumuz aracılığı ile gerçekleştirilememiştir. Söz konusu finansman bonosunun 6 Nisan 2026’da ihraç edildiği, 182 gün vadeli olduğu ve nitelikli yatırımcılara satıldığı bildirildi. Bononun nominal büyüklüğü 5 milyar TL, yıllık basit faiz oranı ise yüzde 42 olarak açıklanmıştı. Vadesi 5 Ekim 2026’da dolan bonoda, 182 günlük dönem için faiz oranı yüzde 20,94247 seviyesinde hesaplanıyor. Bu çerçevede 5 milyar TL anaparanın yanında yaklaşık 1 milyar 47 milyon TL faiz ödenmesi gerekiyordu. Böylece vade tarihinde yatırımcılara yapılması gereken toplam ödeme yaklaşık 6,05 milyar TL’ye ulaştı. MKK bildirimine göre hem anapara itfası hem de kupon ödemesi, ödeme tutarının aktarılmaması nedeniyle yatırımcılara ulaştırılamadı. Finansman bonosunun Borsa İstanbul Borçlanma Araçları Piyasası’nda işlem gördüğü belirtilirken, gelişme özel sektör borçlanma araçları piyasasında dikkatle takip ediliyor. Haber Kaynağı : 12punto Euro 55,3256 Dolar 49,3378 İngiliz Sterlini 65,2904 Altın 6674,7692 BIST 12.274 Tera Yatırım Bankası’nın 5 milyar TL’lik finansman bonosunda ödeme yapılamadı MKK, Tera Yatırım Bankası’nın vadesi gelen finansman bonosunda anapara ve kupon ödemesinin gerçekleştirilemediğini KAP’a bildirdi. Afyonkarahisar Vali Yardımcısı İhsan Ayrancı’nın ölümüne ilişkin ilk bulgu Adalet Bakanlığı'ndan Özgür Özel'e yanıt Sizin yerinize utanmaktan yorulduk Teröristbaşı ikinci Kandil'i de böyle hallediyor!.. Kredi kartı limitlerinde yeni dönem yaklaşıyor Önce iyi insan: Dürüstlüğün kaybetmediği, liyakatin kazandığı bir Türkiye 'III. Tarihin Batı'dan değil, Doğu'dan yazımına ait bir örnek İzmir’de 155 milyon liralık konut operasyonu: Birden fazla kişiye satılmış YENİ Partili Özlale: MKK belgeleri sahte değil",browser_full_article,https://12punto.com.tr/ekonomi/tera-yatirim-bankasinin-5-milyar-tllik-finansman-bonosunda-odeme-yapilamadi-154527,İzmir | Karaman,Ayrancı,,,,,,firma yok | faaliyet/tesis yok,,,,maps araması yapılmadı,,,108.75,179
2026-10-05 22:04:59,bankaya soruşturma,Banka / Finansal Kuruluş,Fatma Betül Sayan Kaya ve eşinin hesaplarındaki miktarların Birleşik Fon Bankasına gönderilmesi için yazı yazıldı,Fatma Betül Sayan Kaya ve eşinin hesaplarındaki miktarların Birleşik Fon Bankasına gönderilmesi için yazı yazıldı Anadolu Ajansı,https://news.google.com/rss/articles/CBMi6AFBVV95cUxNQzVfOWpQaUZ3aHJkNldtZ09yZkxKTy1RLU8zTy1hWUxtSVp0UktWVWhuWVVtQmNtWVpBXzJPNThmLVR6RlNBYmpXT3ppQ2VjekhjUWs1VnZDTmRaMm5hTFVMMFdfTGJDZ0pqbU9sV2trVktORFF0X190R0dTVS1qWTRKZEQzeUtMcFJwSzNrMnVmenFNc2ZnN0dObk8wUmJMYnhrY1BIaW94c1ktM3gwbzduN3hQalp2UjV4VW1YTTczeThBZmNKdkhGTGdfcS1nMFlVU3ZZRk02VXl6cU1GREsyc1R1MVJE?oc=5,banka,finansal kuruluş,Fatma Betül Sayan Kaya ve eşinin hesaplarındaki miktarların Birleşik Fon Bankasına gönderilmesi için yazı yazıldı Anadolu Ajansı,Fatma Betül Sayan Kaya ve eşinin hesaplarındaki miktarların Birleşik Fon Bankasına gönderilmesi için yazı yazıldı Fatma Betül Sayan Kaya ve eşinin hesaplarındaki miktarların Birleşik Fon Bankasına gönderilmesi için yazı yazıldı Anadolu Ajansı Fatma Betül Sayan Kaya ve eşinin hesaplarındaki miktarların Birleşik Fon Bankasına gönderilmesi için yazı yazıldı Anadolu Ajansı,browser_failed,https://news.google.com/rss/articles/CBMi6AFBVV95cUxNQzVfOWpQaUZ3aHJkNldtZ09yZkxKTy1RLU8zTy1hWUxtSVp0UktWVWhuWVVtQmNtWVpBXzJPNThmLVR6RlNBYmpXT3ppQ2VjekhjUWs1VnZDTmRaMm5hTFVMMFdfTGJDZ0pqbU9sV2trVktORFF0X190R0dTVS1qWTRKZEQzeUtMcFJwSzNrMnVmenFNc2ZnN0dObk8wUmJMYnhrY1BIaW94c1ktM3gwbzduN3hQalp2UjV4VW1YTTczeThBZmNKdkhGTGdfcS1nMFlVU3ZZRk02VXl6cU1GREsyc1R1MVJE?oc=5&hl=tr&gl=TR&ceid=TR:tr,,,,,,,,il yok | ilçe yok | firma yok | faaliyet/tesis yok,,,,maps araması yapılmadı,,,95.78,180
2026-10-03 14:10:00,bankaya soruşturma,Operasyon / Soruşturma / Suç,Devlet Bahçeli (Fon soruşturması): Bankacılık ve sermaye piyasaları güvenli ve istikrarlıdır,Devlet Bahçeli (Fon soruşturması): Bankacılık ve sermaye piyasaları güvenli ve istikrarlıdır DHA | Demirören Haber Ajansı,https://news.google.com/rss/articles/CBMiyAFBVV95cUxNQVFQTXUzT3dORlM3VmtQN0xjVTM2YVZBR2xRdDJVNlZySGdOWmE1aXNqQW1WWUFjVWpnRFkyQWQ0T2VUa28tdTltLUR1RUlQUFFZTHZtS1Nvd2RvR1JWMFJMVHpfWXpVY1JWT0VtZXhwdUdwOUdOZWRVanpSZWpzajM0UjNaX2pHdDdYc2xjY25QR1gxbDhyX3VpQ2lVRkdZanVPUUJuQXpXcm5KMHNNTWZ4S250MEszSW1yQXl4aUtUWHdVU19mcA?oc=5,"banka, bankacılık",finansal kuruluş,Devlet Bahçeli (Fon soruşturması): Bankacılık ve sermaye piyasaları güvenli ve istikrarlıdır DHA | Demirören Haber Ajansı,Devlet Bahçeli (Fon soruşturması): Bankacılık ve sermaye piyasaları güvenli ve istikrarlıdır Devlet Bahçeli (Fon soruşturması): Bankacılık ve sermaye piyasaları güvenli ve istikrarlıdır DHA | Demirören Haber Ajansı Devlet Bahçeli (Fon soruşturması): Bankacılık ve sermaye piyasaları güvenli ve istikrarlıdır DHA | Demirören Haber Ajansı,browser_failed,https://news.google.com/rss/articles/CBMiyAFBVV95cUxNQVFQTXUzT3dORlM3VmtQN0xjVTM2YVZBR2xRdDJVNlZySGdOWmE1aXNqQW1WWUFjVWpnRFkyQWQ0T2VUa28tdTltLUR1RUlQUFFZTHZtS1Nvd2RvR1JWMFJMVHpfWXpVY1JWT0VtZXhwdUdwOUdOZWRVanpSZWpzajM0UjNaX2pHdDdYc2xjY25QR1gxbDhyX3VpQ2lVRkdZanVPUUJuQXpXcm5KMHNNTWZ4S250MEszSW1yQXl4aUtUWHdVU19mcA?oc=5&hl=tr&gl=TR&ceid=TR:tr,,,,,,,,il yok | ilçe yok | firma yok | faaliyet/tesis yok,,,,maps araması yapılmadı,,,83.46,181
2026-10-08 12:03:33,bankaya soruşturma,Operasyon / Soruşturma / Suç,Son Dakika Gelişmesi! Hazine ve Maliye Bakanı Şimşek: (Fon soruşturması) 43 bin fon katılımcısının paraları bugün itibarıyla ilgili bankalara transfer edildi,Son Dakika Gelişmesi! Hazine ve Maliye Bakanı Şimşek: (Fon soruşturması) 43 bin fon katılımcısının paraları bugün itibarıyla ilgili bankalara transfer edildi Canlı Gaste,https://news.google.com/rss/articles/CBMi-wFBVV95cUxOU3UzTnBRVTI3Uk82eHE1VGhtblM1WmUzLWd0c1pJc1BWSEJ3d1g5SW5BeE1oNUlPdHFXVktPeGFTX3hyVUQtNDBYN1Qza1ZyVTgzVkEtdDRJWGNLc0tEZzdiZ0ktTk94QkJoWHRzenA4ZkFTRGVLOTVzN0E5ZTJtaWN3UFJ3QVh2dUpnaVFxR1BBZjBjSGx0TnlxTElFMi04WEJJQV9jTm1McG1BSmdHanZhSE5SaEp6R3k1ZzJVa1lteHBHRWZLbHVqSUtBRWl0SUJfazU3NGRXTWtOQkFZNHhDdE0wU3BTck9JVnlTenM2dDBfendNYUMxTQ?oc=5,banka,finansal kuruluş,"Mali’de ordu, Kidal kentinde kontrolü yeniden sağladı Beypazarı Müftülüğünün düzenlediği sabah namazı buluşmaları sürüyor Cumhurbaşkanı Erdoğan cuma namazını Dolmabahçe’de kıldı Bayrampaşa’da aracın bagajından altınların gasbedilmesine ilişkin 11 zanlı adliyede Anadolu Ajansı08.10.2026 15:03 Paylaş Kaydet Canlı GasteGoogle'da tercih edilen kaynak Anadolu Ajansı08.10.2026 15:03 Paylaş Kaydet Canlı GasteGoogle'da tercih edilen kaynak","Son Dakika Gelişmesi! Hazine ve Maliye Bakanı Şimşek: (Fon soruşturması) 43 bin fon katılımcısının paraları bugün itibarıyla ilgili bankalara transfer edildi Son Dakika Gelişmesi! Hazine ve Maliye Bakanı Şimşek: (Fon soruşturması) 43 bin fon katılımcısının paraları bugün itibarıyla ilgili bankalara transfer edildi Canlı Gaste Mali’de ordu, Kidal kentinde kontrolü yeniden sağladı Beypazarı Müftülüğünün düzenlediği sabah namazı buluşmaları sürüyor Cumhurbaşkanı Erdoğan cuma namazını Dolmabahçe’de kıldı Bayrampaşa’da aracın bagajından altınların gasbedilmesine ilişkin 11 zanlı adliyede Anadolu Ajansı08.10.2026 15:03 Paylaş Kaydet Canlı GasteGoogle'da tercih edilen kaynak Anadolu Ajansı08.10.2026 15:03 Paylaş Kaydet Canlı GasteGoogle'da tercih edilen kaynak",browser_full_article_dom,https://news.google.com/rss/articles/CBMi-wFBVV95cUxOU3UzTnBRVTI3Uk82eHE1VGhtblM1WmUzLWd0c1pJc1BWSEJ3d1g5SW5BeE1oNUlPdHFXVktPeGFTX3hyVUQtNDBYN1Qza1ZyVTgzVkEtdDRJWGNLc0tEZzdiZ0ktTk94QkJoWHRzenA4ZkFTRGVLOTVzN0E5ZTJtaWN3UFJ3QVh2dUpnaVFxR1BBZjBjSGx0TnlxTElFMi04WEJJQV9jTm1McG1BSmdHanZhSE5SaEp6R3k1ZzJVa1lteHBHRWZLbHVqSUtBRWl0SUJfazU3NGRXTWtOQkFZNHhDdE0wU3BTck9JVnlTenM2dDBfendNYUMxTQ?oc=5&hl=tr&gl=TR&ceid=TR:tr,İstanbul,Bayrampaşa,,,,,,firma yok | faaliyet/tesis yok,,,,maps araması yapılmadı,,,144.1,182
2026-10-06 06:38:00,bankaya soruşturma,Banka / Finansal Kuruluş,Fatma Betül Sayan Kaya ve eşinden gönüllü ödeme! 7 bankaya yazı gönderildi,Fatma Betül Sayan Kaya ve eşinden gönüllü ödeme! 7 bankaya yazı gönderildi kayserihaber.com,https://news.google.com/rss/articles/CBMiggFBVV95cUxPSm9DWXBLRUpQX3NpTFdYRWlJMEZ2U3pQUEdhbkwtQy1qc1F2ZVJsMm1NNW96MVZucllRb1NNUEs0anByOGJfbEk1N2R3SHo5MjAtdndfellhNHo1QUt3XzdGUzlvbU5abV9NZ1FEdUpUbVBJT1B2RWkyUVVXTi04WndR?oc=5,banka,finansal kuruluş,"Eski Aile ve Sosyal Hizmetler Bakanı Fatma Betül Sayan Kaya ile eşi İlyas Kaya'nın, İstanbul'da yürütülen sermaye piyasası soruşturması kapsamında gönüllü ödeme yönteminden yararlanmak için başvuruda bulunduğu bildirildi. Başvurunun ardından 7 bankaya yazı gönderildi. Eski Aile ve Sosyal Hizmetler Bakanı Fatma Betül Sayan Kaya ile eşi İlyas Kaya'nın, İstanbul'da yürütülen sermaye piyasası soruşturması kapsamında gönüllü ödeme yönteminden yararlanmak için başvuruda bulunduğu bildirildi. Başvurunun ardından 7 bankaya yazı gönderildi. Eski Aile ve Sosyal Hizmetler Bakanı Fatma Betül Sayan Kaya ile eşi İlyas Kaya'nın, İstanbul'da yürütülen sermaye piyasası soruşturması kapsamında gönüllü ödeme yönteminden yararlanmak için başvuruda bulunduğu bildirildi. Başvurunun ardından 7 bankaya yazı gönderildi. Siyaset Develi Gündem Tv Genel Futbol Ekonomi Kayseri Eğitim Asayiş Magazin Müzik Sağlık Yeşilhisar Adana Yahyalı Özvatan Kahramanmaraş Niğde Hava Nevşehir Turistik Bünyan Özel Fatma Betül Sayan Kaya ve eşinden gönüllü ödeme! 7 bankaya yazı gönderildi Eski Aile ve Sosyal Hizmetler Bakanı Fatma Betül Sayan Kaya ile eşi İlyas Kaya'nın, İstanbul'da yürütülen sermaye piyasası soruşturması kapsamında gönüllü ödeme yönteminden yararlanmak için başvuruda bulunduğu bildirildi. Başvurunun ardından 7 bankaya yazı gönderildi. Rafia Sinem Yıldız Editör 06.10.2026 - 09:38 Yayınlanma 06.10.2026 - 10:05 Güncelleme — Paylaşım 1 Dk Okunma Süresi Paylaş Linkedin Pinterest Telegram Yazdır Kopyala A - A + Paylaş Linkedin Pinterest Telegram Yazdır Kopyala A - A + Katılımevim sürecinde 14 milyar TL’lik transfer iddiasına Başsavcılıktan yalanlama İçeriği Görüntüle İstanbul Cumhuriyet Başsavcılığı Terörizmin Finansmanı ve Aklama Suçları Soruşturma Bürosu tarafından sermaye piyasasında gerçekleştirilen işlemlere ilişkin yürütülen soruşturmada yeni bir gelişme yaşandı. Fatma Betül Sayan Kaya ile eşi İlyas Kaya, Sermaye Piyasası Kurulu (SPK) tarafından açıklanan gönüllü ödeme yöntemi kapsamında başvuruda bulundu. 7 BANKAYA YAZI GÖNDERİLDİ Başvurunun ardından İstanbul Cumhuriyet Başsavcılığı tarafından 7 farklı bankaya yazı gönderildi. Yazıda, Kaya çiftinin dilekçelerinde belirttiği hesaplarda bulunan tutarların Birleşik Fon Bankası A.Ş. Merkez Şubesi hesabına aktarılması için gerekli işlemlerin yapılmasına izin verilmesi istendi. Kaya çiftinin yatırımlarının anapara dışındaki kısmını gönüllülük esasına göre TMSF'nin isteğe bağlı iade hesabına gönderdiği, Başsavcılığın da ödeme talebine izin verdiği belirtildi. ŞİRKETLERİN MALİ VERİLERİ İNCELENİYOR Soruşturma kapsamında daha önce Pusula Finans Holding A.Ş., Tera Yatırım Menkul Değerler A.Ş., Hedef Holding A.Ş. ve Bulls Yatırım Menkul Değerler A.Ş. ile bunların alt şirketlerinin yöneticilerine ilişkin mali verilerin incelenmesi talep edilmişti. 17 Eylül'de MASAK'a gönderilen müzekkerede şirket yöneticilerinin kimlik bilgilerinin belirlenmesi istendi. Ayrıca 2024 yılından itibaren gerçekleştirilen yurt dışı para ve kripto varlık transferleri ile para giriş ve çıkışlarına ilişkin verilerin Başsavcılığa gönderilmesi talep edildi. SORUŞTURMADA TUTUKLU SAYISI 85'E YÜKSELDİ Soruşturmanın farklı aşamalarında çok sayıda şüpheli hakkında tutuklama kararı verildi. Tera Yatırım Holding Yönetim Kurulu Başkanı Emre Tezmen, Yönetim Kurulu Üyesi Emre Alkin, Tera Portföy Genel Müdürü Alper Öztürk ve Pusula Holding Yönetim Kurulu Başkanı Serdar Turhan'ın da aralarında bulunduğu isimler tutuklandı. Soruşturmanın ilerleyen aşamalarında 73 şüpheli hakkında daha tutuklama kararı verilmesiyle toplam tutuklu sayısının 85'e yükseldiği bildirildi. Fatma Betül Sayan Kaya ile eşi İlyas Kaya'nın gönüllü ödeme başvurusunun ardından hesaplarındaki tutarların aktarılması amacıyla bankalara gönderilen yazılarla ilgili işlemler sürüyor. Kaynak: Haber merkezi Editörün Seçtiği MHP Kayseri İl Başkanı Enes Ertuğrul Kalın görevde 2 yılı geride bıraktı Editörün Seçtiği Kayseri'de iki işçi servisi ve kepçe kazaya karıştı: 1 ölü, 15 yaralı Editörün Seçtiği Türkiye'nin köklü firması için iflas kararı verildi: 12,5 milyar liranın üzerinde ciro açıklamıştı! Editör Rafia Sinem Yıldız 2002’de Kayseri’de doğdu. İlkokulu Beyazşehir İMKB İlkokulu’nda, Lise eğitimini, Kayseri Açı Koleji’nde tamamladıktan sonra Erciyes Üniversitesi Gazetecilik Bölümü’nde eğitim aldı. 2024 yılında Sözcü Televizyonu’nda reji, saha ve haber merkezinde stajını tamamladı. Kayseri Deniz Postası Gazetesi’nde İnternet Editörü olarak görev yaptı. Şuan Kayseri haber sitesinde mesleğine devam ediyor Bunlar da ilginizi çekebilir","Fatma Betül Sayan Kaya ve eşinden gönüllü ödeme! 7 bankaya yazı gönderildi Fatma Betül Sayan Kaya ve eşinden gönüllü ödeme! 7 bankaya yazı gönderildi kayserihaber.com Eski Aile ve Sosyal Hizmetler Bakanı Fatma Betül Sayan Kaya ile eşi İlyas Kaya'nın, İstanbul'da yürütülen sermaye piyasası soruşturması kapsamında gönüllü ödeme yönteminden yararlanmak için başvuruda bulunduğu bildirildi. Başvurunun ardından 7 bankaya yazı gönderildi. Siyaset Develi Gündem Tv Genel Futbol Ekonomi Kayseri Eğitim Asayiş Magazin Müzik Sağlık Yeşilhisar Adana Yahyalı Özvatan Kahramanmaraş Niğde Hava Nevşehir Turistik Bünyan Özel Fatma Betül Sayan Kaya ve eşinden gönüllü ödeme! 7 bankaya yazı gönderildi Eski Aile ve Sosyal Hizmetler Bakanı Fatma Betül Sayan Kaya ile eşi İlyas Kaya'nın, İstanbul'da yürütülen sermaye piyasası soruşturması kapsamında gönüllü ödeme yönteminden yararlanmak için başvuruda bulunduğu bildirildi.",browser_full_article,https://www.kayserihaber.com/fatma-betul-sayan-kaya-ve-esinden-gonullu-odeme,İstanbul,,,,,Pusula Finans Holding A.Ş | Tera Yatırım Menkul Değerler A.Ş | Hedef Holding A.Ş | Bulls Yatırım Menkul Değerler A.Ş,Pusula Finans Holding A.Ş:raw_legal | Tera Yatırım Menkul Değerler A.Ş:raw_legal | Hedef Holding A.Ş:raw_legal | Bulls Yatırım Menkul Değerler A.Ş:raw_legal,ilçe yok | faaliyet/tesis yok,Pusula Finans Holding A.Ş İstanbul Türkiye | Tera Yatırım Menkul Değerler A.Ş İstanbul Türkiye,Finansal Pusula İş Geliştirme ve Danışmanlık A.Ş | Pusula Yatırım Menkul Değerler A.Ş | Pusula Yatırım Private | Tera Yatırım Menkul Değerler A.Ş,Finansal Pusula İş Geliştirme ve Danışmanlık A.Ş,firma adı + güvenli maps adayı var,57.142857142857146 | 91.52542372881356 | 51.851851851851855 | 100.0,,166.75,183
2026-10-03 07:17:00,bankaya soruşturma,Banka / Finansal Kuruluş,Bankalar fondan etkilenmedi,Bankalar fondan etkilenmedi Aydın Times,https://news.google.com/rss/articles/CBMiZEFVX3lxTFBySzRuRVJUVF84eWg4cmd0UEVMLXBTTG0zcXV5XzRwNUVHajhMM0lZVDk4SnlFVFJzT2V3d3Vma08zS1paTmlHWTQtVFgzQkd5Y19oZUViektqX1U0RWptb1gweGU?oc=5,banka,finansal kuruluş,"Türkiye Bankalar Birliği (TBB) Başkanı Alpaslan Çakar, kamuoyunun gündemindeki fon soruşturmasının bankacılık sektörüne olumsuz bir yansıması olmayacağını belirterek, ""Para sistemin içinde kaldı"" dedi. Türkiye Bankalar Birliği (TBB) Başkanı Alpaslan Çakar, kamuoyunun gündemindeki fon soruşturmasının bankacılık sektörüne olumsuz bir yansıması olmayacağını belirterek, ""Para sistemin içinde kaldı"" dedi. Türkiye Bankalar Birliği (TBB) Başkanı Alpaslan Çakar, kamuoyunun gündemindeki fon soruşturmasının bankacılık sektörüne olumsuz bir yansıması olmayacağını belirterek, ""Para sistemin içinde kaldı"" dedi. Ekonomi Aydın Asayiş Siyaset Genel Bankalar fondan etkilenmedi Türkiye Bankalar Birliği (TBB) Başkanı Alpaslan Çakar, kamuoyunun gündemindeki fon soruşturmasının bankacılık sektörüne olumsuz bir yansıması olmayacağını belirterek, ""Para sistemin içinde kaldı"" dedi. Yalçın Furkan Doğan Editör 03.10.2026 - 10:17 Yayınlanma — Paylaşım 1 Dk Okunma Süresi Paylaş Linkedin Pinterest Telegram Yazdır Kopyala A - A + Paylaş Linkedin Pinterest Telegram Yazdır Kopyala A - A + Zam yağmuru kapıda! İçeriği Görüntüle TBB üyelerinin katılımıyla düzenlenen “Dönüşümün Finansmanı: COP31 Yolunda Türkiye” toplantısında basın mensuplarının sorularını yanıtlayan Çakar, fon soruşturmasının sektöre olası etkilerini değerlendirdi. Bu durumun bankacılık alanında negatif bir etki yaratmasını beklemediklerini vurgulayan Çakar, soruşturma nedeniyle fonlardan çıkan paranın bankacılık sistemine yöneldiğine ve finansal sistemin içerisinde kaldığına dikkat çekti. ""KOBİ'LERDEKİ LİMİT ARTIŞI BEKLENEN BİR ADIMDI"" Türkiye Cumhuriyet Merkez Bankası'nın (TCMB) KOBİ kredilerindeki büyüme sınırını yüzde 4,5'ten yüzde 5'e yükseltmesinin söz konusu soruşturmayla bağlantılı olup olmadığı da Çakar'ın gündemindeydi. Soruşturmanın ağırlıklı olarak bireysel yatırımcıları ilgilendiren dar bir süreç olduğunu belirten Çakar, KOBİ düzenlemesinin bundan tamamen bağımsız olduğunu ifade etti. ""KÜÇÜK İŞLETMELER LİKİDİTEYE ULAŞAMIYORDU"" Büyük şirketlerin likiditeye erişimde rahat olduğunu ancak küçük ve orta ölçekli işletmelerin (KOBİ) finansmana ulaşımda sorun yaşadığını hatırlatan Çakar, kredi sınırının artırılmasının sektörün beklediği bir hamle olduğunu dile getirdi. Çakar, KOBİ'leri rahatlatacak adımların soruşturma öncesinde de atılmaya başlandığını ve son kararın da bu likidite desteklerinin bir devamı niteliğinde olduğunu sözlerine ekledi. Muhabir: Yalçın Furkan Doğan Editörün Seçtiği Aydın'ın dört bir yanında yol mesaisi Editörün Seçtiği Kuşadası Ticaret Odası’nda seçim başladı Editörün Seçtiği Genç Efe Spor Kulübü’nden MHP Aydın İl Başkanlığı’na ziyaret Editör Hakkında Yalçın Furkan Doğan Bunlar da ilgin","Bankalar fondan etkilenmedi Bankalar fondan etkilenmedi Aydın Times Türkiye Bankalar Birliği (TBB) Başkanı Alpaslan Çakar, kamuoyunun gündemindeki fon soruşturmasının bankacılık sektörüne olumsuz bir yansıması olmayacağını belirterek, ""Para sistemin içinde kaldı"" dedi. Ekonomi Aydın Asayiş Siyaset Genel Bankalar fondan etkilenmedi Türkiye Bankalar Birliği (TBB) Başkanı Alpaslan Çakar, kamuoyunun gündemindeki fon soruşturmasının bankacılık sektörüne olumsuz bir yansıması olmayacağını belirterek, ""Para sistemin içinde kaldı"" dedi. Yalçın Furkan Doğan Editör 03.10.2026 - 10:17 Yayınlanma —",browser_full_article,https://www.aydintimes.com/bankalar-fondan-etkilenmedi,,,,,,,,il yok | ilçe yok | firma yok | faaliyet/tesis yok,,,,maps araması yapılmadı,,,36.25,184
2026-10-04 07:00:00,bankaya soruşturma,Banka / Finansal Kuruluş,"Siber saldırganlar, Güney Kore'deki bir dizi bankaya yapay zekâ kullanarak saldırdı ve 65.000'den fazla kişinin bilgilerini ifşa etti.","Siber saldırganlar, Güney Kore'deki bir dizi bankaya yapay zekâ kullanarak saldırdı ve 65.000'den fazla kişinin bilgilerini ifşa etti. Vietnam.vn",https://news.google.com/rss/articles/CBMiqgFBVV95cUxNSXZvMHhzN01BUWhxYTlDNWt2djh6aFJvQVhZVVhKOUJ5bE14M0UzTWZ4ak4zRTQ1UGdkUW5TYTZoS3doYm9pamI4TTJHQjR4aXJVbmh6dThhVVB6TGk3THMzMVJxUGlmSjY4dVAwQi1PSlZNbGJNX0R5QjRlYzZ6LW1IOTQ4MmwtOF8ta2ZPS0VWdDhCVEcxM1Q1dFdZRW84YUFJUXRSXzJQUQ?oc=5,banka,finansal kuruluş,"Siber saldırganlar, Güney Kore'deki bir dizi bankaya yapay zekâ kullanarak saldırdı ve 65.000'den fazla kişinin bilgilerini ifşa etti. Vietnam.vn","Siber saldırganlar, Güney Kore'deki bir dizi bankaya yapay zekâ kullanarak saldırdı ve 65.000'den fazla kişinin bilgilerini ifşa etti. Siber saldırganlar, Güney Kore'deki bir dizi bankaya yapay zekâ kullanarak saldırdı ve 65.000'den fazla kişinin bilgilerini ifşa etti. Vietnam.vn Siber saldırganlar, Güney Kore'deki bir dizi bankaya yapay zekâ kullanarak saldırdı ve 65.000'den fazla kişinin bilgilerini ifşa etti.",browser_failed,https://news.google.com/rss/articles/CBMiqgFBVV95cUxNSXZvMHhzN01BUWhxYTlDNWt2djh6aFJvQVhZVVhKOUJ5bE14M0UzTWZ4ak4zRTQ1UGdkUW5TYTZoS3doYm9pamI4TTJHQjR4aXJVbmh6dThhVVB6TGk3THMzMVJxUGlmSjY4dVAwQi1PSlZNbGJNX0R5QjRlYzZ6LW1IOTQ4MmwtOF8ta2ZPS0VWdDhCVEcxM1Q1dFdZRW84YUFJUXRSXzJQUQ?oc=5&hl=tr&gl=TR&ceid=TR:tr,,,,,,,,il yok | ilçe yok | firma yok | faaliyet/tesis yok,,,,maps araması yapılmadı,,,110.7,185
2026-10-07 22:40:10,bankaya soruşturma,Banka / Finansal Kuruluş,Ömer Bolat’tan hodri meydan! Fon iddialarını yalanladı: 50’den fazla bankaya sorun,Ömer Bolat’tan hodri meydan! Fon iddialarını yalanladı: 50’den fazla bankaya sorun Takvim,https://news.google.com/rss/articles/CBMinAFBVV95cUxPUEFnVmcwYV9MVVNQRXFpbHNNTVJGenRFdE5heldfN2tTbmozNkx1QzB2dHJwSXhYUHJJR0JwbW5iMHBTQURyUjhBOElsSWtFMk81anI4djNuVFJBTlhnMzRhb2VTQkpJWUJGNnQ4ZXlaZS0xYzRTMll5UGlNWEhzaWlOOE1tcEVHbVczdHBGd09TTGJicmtqSkR2Mlk?oc=5,banka,finansal kuruluş,"Ticaret Bakanı Ömer Bolat, fon soruşturması üzerinden kendisine yöneltilen iddiaları yalanladı. 37,8 milyon TL’lik aile tasarrufunun 2 yıl 8 aydır SUKUK... Ticaret Bakanı Ömer Bolat, fon soruşturması üzerinden kendisine yöneltilen iddiaları yalanladı. 37,8 milyon TL’lik aile tasarrufunun 2 yıl 8 aydır SUKUK... Ticaret Bakanı Ömer Bolat, fon soruşturması üzerinden kendisine yöneltilen iddiaları yalanladı. 37,8 milyon TL’lik aile tasarrufunun 2 yıl 8 aydır SUKUK... Ticaret Bakanı Ömer Bolat fon iddialarını yalanladı! İsmail Saymaz ve Murat Ağırel hakkında suç duyurusu Ticaret Bakanı Ömer Bolat, kamuoyunda gündeme gelen fon soruşturmalarıyla ilişkili iddiaları sert bir dille yalanlayarak İsmail Saymaz ve Murat Ağırel hakkında suç duyurusunda bulundu. Şahsına ve ailesine yönelik ithamların ""kara propaganda ve haysiyetsizce iftira"" olduğunu belirten Bolat, 37,8 milyon liralık aile tasarrufunun kanuni mevzuata uygun şekilde sukuk hesabında tutulduğunu ve fon krizinden önce veya sonra herhangi bir kapatma ya da borsa operasyonu yapılmadığını vurguladı. Konuya ilişkin bir açıklamada daha yapan Bolat, ""Öyleyse size açık davetim; Türkiye’deki 50’den fazla bankaya şu soruyu sorup öğrenebilirsiniz; ‘Ömer Bolat’a veya bir yakınına MKK’dan ya da Hedef Yatırım’dan bahsettiğiniz 170 milyon lira para transfer işlemi yapılabilmiş midir?"" dedi. Takvim.com.tr Giriş Tarihi: 08 Ekim 2026 01:40 Güncelleme Tarihi: 08 Ekim 2026 20:37 Facebook X NSosyal Linki Kopyala Yazı Boyutu Takvim'i Google'a ekleyin, doğru kaynaktan haberi alın! Ticaret Bakanı Ömer Bolat kendisi hakkındaki fon iddiaların iftira olduğunu belirterek İsmail Saymaz ve Murat Ağırel hakkında suç duyurusunda bulundu. Yeni Parti İzmir Milletvekili Ümit Özlale, TBMM'de fon soruşturmasıyla ilgili ""bir bakanın babası adına 470 milyon lira yatırıp 830 milyon lirayla çıktığı"" yönündeki sorularının ardından iddia Sözcü TV'de köpürtüldü. Murat Ağırel, Ticaret Bakanı Ömer Bolat'ın fon krizinden önce yatırımını sattığını iddia ederken, aynı yayında İsmail Saymaz da Özlale'nin bahsettiği iki bakandan birinin Bolat olduğunun anlaşıldığını öne sürdü. Ticaret Bakanı Ömer Bolat (Foto: Takvim Fotoğraf Arşivi) Ticaret Bakanı Ömer Bolat ise sosyal medya hesabından yaptığı açıklamada iddiaları ""haysiyetsizce iftira"" ve ""kara propaganda"" olarak nitelendirerek, 37,8 milyon liralık aile tasarrufunun 26 Şubat 2024'te Hedef Yatırım Portföy bünyesinde sukuk (kira sertifikası) hesabına yatırıldığını, hesabın 16 Eylül 2026'daki soruşturma öncesi veya sonrasında kapatılmadığını, herhangi bir hisse senedi alım-satımı yapılmadığını ve ""400 koydu, 800 aldı"" ifadesinin ""koskoca bir yalan"" olduğunu savundu. Ticaret Bakanı Ömer Bolat, Saymaz ve Ağırel hakkında suç duyurusunda bulundu SAYMAZ VE AĞIREL'E SUÇ DUYURUSU Ticaret Bakanı Bolat, fon soruşturması kapsamında kendisine yönelik ifadeleri ve sosyal medya paylaşımlarına ilişkin İsmail Saymaz ve Murat Ağırel hakkında suç duyurusunda bulundu. Öte yandan YENİ Parti İzmir Milletvekili Ümit Özlale'nin fon krizi üzerinden giriştiği yalan siyaseti elinde patladı. Özlale, Aile ve Sosyal Hizmetler Bakanı Mahinur Özdemir Göktaş'ın babası Hasan Özdemir'in fonda yüklü işlem yaptığını öne sürdü. Ancak bahsedilen kişinin Bakan Göktaş'ın babası olmadığı öğrenildi. Bahsedilen kişinin kimlik numarasının farklı olduğunu belirten Göktaş ""İsim benzerliğini kullanıp şahsımın ve ailemin iftira kampanyalarına bilinçli olarak alet edilmesine asla müsaade etmeyeceğim"" dedi. BAKAN BOLAT'TAN YENİ AÇIKLAMA Ticaret Bakanı Ömer Bolat, sosyal medya hesabından hakkındaki iddialarla ilgili yeni bir açıklama yaptı. Bolat, yaptığı açıklamada, ""Dün akşam Sözcü TV'de iki gazetecinin şahsımın ismini vererek soruşturulan şirketlerden biri olan Hedef Yatırım'da 16 Eylül 2026 tarihinde 7 finansal şirkete yapılan operasyon öncesinde Sayın Ümit Özlale tasarruf hesabımı kapattığıma ve '400 koydu, 800 aldı' şeklinde ifade edilen iftirayı anında çürüttükten sonra iftira sırasının size geldiği sorduğunuz sorudan anlaşılmaktadır. Her şeyden önce bir ilim adamı olduğunuz halde piyasa bilgileri konusunda yeterli donanımınızın olmadığı ve bir meslektaşınıza iftira atacak kadar ilim ahlak yoksunu olduğunuz da anlaşılmaktadır. Hedef Yatırım şirketinde 26 Şubat 2024'te, yani 2 yıl 8 ay önce başlattığım Sukuk hesabımın hükümetimizin 7 finansal şirkete karşı başlattığı 16 Eylül operasyonundan sonra tasfiye için Ziraat Bankasına devredildiği zaten açık bir gerçektir. O zaman 170 milyon liralık bir para çekme işlemi nasıl olmaktadır. Bu birinci yalandır"" ifadelerini kullandı. Bakan Bolat Yeni Partili Özlale'nin iddialarını yalanladı (Foto: AA) Bakan Bolat, Merkezi Kayıt Kurulu'nun (MKK) doğrudan şahıs talimatı ile işlemi yapabilmesinin kanunlara göre yasak olduğunu belirtti. MKK'nın sadece menkul değerler kayıt ve saklama kurumu olduğunu vurgulayan Bolat, sermaye piyasalarındaki tüm işlemlerin ancak bankalar üzerinden ve banka hesaplarına transfer yapılarak gerçekleştirildiğini ifade etti. Bakan Bolat, yeni iftiralar peşinde koşulduğunu belirttiği açıklamasında, ""Öyleyse size açık davetim; Türkiye'deki 50'den fazla bankaya şu soruyu sorup öğrenebilirsiniz; 'Ömer Bolat'a veya bir yakınına MKK'dan ya da Hedef Yatırım'dan bahsettiğiniz 170 milyon lira para transfer işlemi yapılabilmiş midir? Size hodri meydan. Ancak yukarıda belirttiğim ve kanunlar çerçevesinde yapılabilecek finansal muameleler ve ödeme işlemleri konusunda teknik bilgi sahibi bile değilsiniz"" açıklamasında bulundu. Bakan Bolat, SUKUK hesabının nasıl işlediğini şu ifadelerle anlattı: ""SUKUK olarak ifade edilen kira sertifikaları, birden fazla kişinin tasarruflarını değerlendirebildiği yasal finansal araçlardır. Tasarrufun değerlendirildiği portföyün yalnızca bir şahsa ait bir varlık bütünü olmadığı, farklı yatırımcıların da bu yapı içerisinde yer alabildiği bilinmelidir. Her yatırımcının bu portföy içerisindeki hakkı, kendi payı ile sınırlıdır. Dolayısıyla bir kira sertifikasının toplam ihraç tutarını veya portföy kapsamında gerçekleştirilen bir işlemin tamamının doğrudan bir şahsın hesabıymış gibi sunulması abesle iştigaldir."" Bolat, kendisine yönelik iftiralara ilişkin, ""Bu verileri ilgili banka ve aracı kurumlar üzerinden yalan yanlış şekilde sızdırıp, iftira ve tezvirat yayanlara karşı tespiti durumunda gerekli hukuki işlem başlatılacaktır"" ifadelerine yer verdi. BOLAT İDDİALARI YALANLAMIŞTI Ticaret Bakanı Ömer Bolat dün (7 Ekim) yaptığı açıklamada fon soruşturmaları kapsamında 7 yatırım kuruluşuyla ilgili olarak yetkili merciler tarafından yürütülen inceleme ve soruşturmalar üzerinden adının gündeme getirilmeye çalışılmasının, tümüyle bir kara propaganda, sosyal ve siyasal linç avcılığının yeni bir versiyonu olduğunu belirtti. Bakan Bolat iddiaları yalanladı Bolat sosyal medya hesabından, kendisine yönelik iddialara ilişkin açıklama yaptı. Bakanlık görevine geldiğinden itibaren tüm mal varlığı beyanlarının, kanuni süreler içerisinde ve eksiksiz olarak verildiğini, bu bilgilerin kontrole tabi olduğunu vurgulayan Bolat, ""Ticaret Bakanlığı görevine başladığım tarihten itibaren şahsıma ve birinci derece aile yakınlarıma ait mal varlığına ilişkin tüm beyanlarımız, ilgili mevzuatın öngördüğü usul ve süreler içerisinde yetkili devlet kurumlarına düzenli olarak sunulmuştur, sunulmaya devam edilmektedir. Bugüne kadar hiçbir mal varlığımızı, gelir kaynağımızı veya tasarrufumuzu gizleme ihtiyacı duymadık. Mal beyanımız zaten devletin elindedir."" ifadelerini kullandı. Bolat, Türkiye'de 1200'ün üzerinde yatırım fonu ve çok sayıda farklı sermaye ve para piyasası yatırım aracının bulunduğuna işaret ederek, şöyle devam etti: ""16 Eylül tarihinde 7 yatırım kuruluşu ile ilgili olarak yetkili merciler tarafından yürütülen inceleme ve soruşturmalar üzerinden şahsımın adının gündeme getirilmeye çalışılması, tümüyle bir kara propaganda, sosyal ve siyasal linç avcılığının yeni bir versiyonudur. Bakanlık görevimden önce 43 yıllık özel sektör, akademik hayat ve iş dünyası tecrübem boyunca biriktirdiğim tasarruflardan, Ticaret Bakanlığı görevimin başlamasından sonra profesyonel mesleki faaliyetlerime o anda ara verdiğimden dolayı, 37,8 milyon Türk lirası tutarındaki aile tasarrufumuz 26 Şubat 2024 tarihinde Hedef Yatırım Portföy bünyesinde sukuk (kira sertifikası) hesabı niteliğindeki yasal para piyasası finansal enstrümana yatırılmıştır. Bu veri mal beyanımda da kayıtlıdır. Bu yatırımın üzerinden 2 yıl 8 ay geçmiştir. Söz konusu tutar, 2 yıl 8 ay boyunca sukuk aynı yatırım aracında kalmış, ilgili şahsın iftirasının tam tersi olarak, sukuk hesabı bu tarihe kadar kesinlikle kapatılmamış ve 16 Eylül tarihindeki devletimizin açtığı soruşturmalardan sonra da ilgili hesapta durmaktadır."" Fon soruşturmasının başladığı 16 Eylül tarihinde veya öncesinde ya da sonrasında, söz konusu tasarruf üzerinde herhangi bir hisse senedi alım-satımı veya farklı bir yatırım operasyonu gerçekleştirilmediğini bildiren Bolat, ""Dolayısıyla bugün akşam yapılmaya çalışılan iddia ve itham bir iftira niteliğindedir. Kamuoyunda 'fondaki para' şeklinde itibarsızlaştırmak amacıyla yaftalanmaya çalışılan aile tasarrufu, gerçekte sukuk olarak ifade edilen kira sertifikası niteliğindeki, kayıtlı ve yasal bir finansal yatırım aracıdır. Borsada işlem gören herhangi bir hisse senedi değildir, 16 Eylül tarihinden önce veya sonra kesinlikle tasarruf hesabı kapatılmış değildir. 400 koydu, 800 aldı ifadesi koskoca bir yalandır."" değerlendirmelerinde bulundu. ""SÖZ KONUSU SUKUK HESABI ÜZERİNDEN HİSSE SENEDİ ALIM-SATIMI YAPILMAMIŞTIR"" Bolat, son bir, üç ve altı aylık getiri bilgisini de paylaşarak, kira sertifikalarının, devlet tahvili, altın fonu, döviz fonu gibi, yasal ve meşru mevzuat çerçevesinde ihraç edilen ve yatırımcıların erişimine açık bir para piyasası aracı olduğunu belirtti. Üstelik sukuk-kira sertifikasının gelirinin de risksiz ve garantili olmadığını bildiren Bolat, ihraç eden kuruluşun sukuku geri ödeme yükümlülüklerini yerine getirmemesi halinde yatırımcının anaparası dahil, değer kaybı yaşamasının da mümkün olduğuna işaret etti. Söz konusu sukuk hesabı üzerinden hisse senedi alım-satımı yapılmadığını açıklayan Bolat, ""Yaklaşık 2 yıl 8 aydır söz konusu tasarrufun bulunduğu hesap üzerinden herhangi bir hisse senedi piyasası operasyonu gerçekleştirilmemiştir. Daha da önemlisi, Ömer Bolat adına bugüne kadar herhangi bir yatırım veya finans kuruluşunda yöneticilik, ortaklık veya imza yetkisi bulunmamaktadır. Dolayısıyla şahsımın söz konusu kuruluşların yönetimsel veya ticari faaliyetleriyle ilişkilendirilmesi de külliyen yalandır. Ne şahsımın ne de ailemin kripto varlık veya yurt dışı para yatırımı hiçbir zaman söz konusu olmamıştır. Devletimize vergi ve sigorta prim borcu yoktur. Şahsımın ve ailemin kripto varlıklar veya yurt dışı finansal yatırım işlemi bulunmamaktadır. Tüm gelir, gider, ödeme, tasarruf ve mali hareketlerimiz devletimizin ilgili kurumlarının kayıt ve denetim sistemleri altında ve kontrole tabidir. Her şey şeffaftır."" ifadelerini kullandı. ""DEVLETİMİZİN YETKİLİ KURUMLARININ HER TÜRLÜ İNCELEME VE DENETİMİNE AÇIĞIZ"" Bolat, bugüne kadar olduğu gibi bundan sonra da devletin yetkili kurumlarının her türlü inceleme ve denetimine açık olduklarına dikkati çekerek, şöyle devam etti: ""Bütün bu gerçeklerin ışığında, 2 yıl 8 aydır aynı sukuk -kira sertifikası yasal bir yatırım aracında bulunan ve halen de kapatılmamış olan bir aile tasarrufunun, son dönemde yürütülen fon soruşturmalarıyla aynı çerçevede sunulmaya çalışılması hakikati ortaya koymak değil, şahsıma çamur atma ve itibarımı yıpratma çabasıdır, kara propaganda yalanıdır. 63 yıllık hayatımız ve 43 yıllık iş hayatımızın, aile ve sosyal hayatımızın en büyük temeli, bugüne kadarki şeffaflığımız, her zaman doğruluk, dürüstlük, hakkaniyet, meşruiyet, vicdan ve ahlak normlarına uymak ve kanunlara saygılı olmak, halkımızın ve vatanımızın hizmetinde cansiperane çalışmak, düsturumuz olmuştur. Buna bizi bilen tanıyan herkes şahittir. Siyasette ve icraatta olduğunuz zaman, bu tür mesnetsiz haksız saldırılar maalesef olmaktadır. Ama bize Allah'ın izniyle hiçbir zaman bu tür kara propaganda iftirası yapışmaz ve yapışmayacaktır."" Hukuki haklarının saklı olduğunu belirten Bolat, şunları kaydetti: ""Kamuoyunu yanıltmaya, şahsımın itibarını zedelemeye ve görev yaptığım makama yönelik güveni sarsmaya dönük ve 8 yaşındaki torunlarımı ağlatan haysiyet cellatlarının bu mesnetsiz yalan bilgi ve iftiralarına karşı ve bu iftiraları yayan kişi ve kurumlar hakkında bütün hukuki haklarımı sonuna kadar kullanacağımı açıkça beyan ediyorum."" Fon soruşturmasında yeni gelişme: Tasfiye edilen 17 fonun listesi açıklandı, 43 bin yatırımcıya ödeme yapıldı TAKVİM UYGULAMASINI İNDİRMEK İÇİN TIKLAYIN SONRAKİ HABER Başkan Erdoğan’dan Recai Kutan’a vefa ÖNCEKİ HABER Özel bakım merkezlerinde yeni dönem Simla Öğütcü Takvim.com.tr Güncel Günün Manşetleri Tüm Manşetler","Ömer Bolat’tan hodri meydan! Fon iddialarını yalanladı: 50’den fazla bankaya sorun Ömer Bolat’tan hodri meydan! Fon iddialarını yalanladı: 50’den fazla bankaya sorun Takvim Ticaret Bakanı Ömer Bolat, fon soruşturması üzerinden kendisine yöneltilen iddiaları yalanladı. 37,8 milyon TL’lik aile tasarrufunun 2 yıl 8 aydır SUKUK... Ticaret Bakanı Ömer Bolat fon iddialarını yalanladı! İsmail Saymaz ve Murat Ağırel hakkında suç duyurusu Ticaret Bakanı Ömer Bolat, kamuoyunda gündeme gelen fon soruşturmalarıyla ilişkili iddiaları sert bir dille yalanlayarak İsmail Saymaz ve Murat Ağırel hakkında suç duyurusunda bulundu. Şahsına ve ailesine yönelik ithamların ""kara propaganda ve haysiyetsizce iftira"" olduğunu belirten Bolat, 37,8 milyon liralık aile tasarrufunun kanuni mevzuata uygun şekilde sukuk hesabında tutulduğunu ve fon krizinden önce veya sonra herhangi bir kapatma ya da borsa operasyonu yapılmadığını vurguladı. Konuya ilişkin bir açıklamada daha yapan Bolat, ""Öyleyse size açık davetim; Türkiye’deki 50’den fazla bankaya şu soruyu sorup öğrenebilirsiniz; ‘Ömer Bolat’a veya bir yakınına MKK’dan ya da Hedef Yatırım’dan bahsettiğiniz 170 milyon lira para transfer işlemi yapılabilmiş midir?"" dedi. Takvim.com.tr Giriş Tarihi: 08 Ekim 2026 01:40 Güncelleme Tarihi: 08 Ekim 2026 20:37 Facebook X NSosyal Linki Kopyala Yazı Boyutu Takvim'i Google'a ekleyin, doğru kaynaktan haberi alın! Ticaret Bakanı Ömer Bolat kendisi hakkındaki fon iddiaların iftira olduğunu belirterek İsmail Saymaz ve Murat Ağırel hakkında suç duyurusunda bulundu. Yeni Parti İzmir Milletvekili Ümit Özlale, TBMM'de fon soruşturmasıyla ilgili ""bir bakanın babası adına 470 milyon lira yatırıp 830 milyon lirayla çıktığı"" yönündeki sorularının ardından iddia Sözcü TV'de köpürtüldü. Murat Ağırel, Ticaret Bakanı Ömer Bolat'ın fon krizinden önce yatırımını sattığını iddia ederken, aynı yayında İsmail Saymaz da Özlale'nin bahsettiği iki bakandan birinin Bolat olduğunun anlaşıldığını öne sürdü. Ticaret Bakanı Ömer Bolat (Foto: Takvim Fotoğraf Arşivi) Ticaret Bakanı Ömer Bolat ise sosyal medya hesabından yaptığı açıklamada iddiaları ""haysiyetsizce iftira"" ve ""kara propaganda"" olarak nitelendirerek, 37,8 milyon liralık aile tasarrufunun 26 Şubat 2024'te Hedef Yatırım Portföy bünyesinde sukuk (kira sertifikası) hesabına yatırıldığını, hesabın 16 Eylül 2026'daki soruşturma öncesi veya sonrasında kapatılmadığını, herhangi bir hisse senedi alım-satımı yapılmadığını ve ""400 koydu, 800 aldı"" ifadesinin ""koskoca bir yalan"" olduğunu savundu. Ticaret Bakanı Ömer Bolat, Saymaz ve Ağırel hakkında suç duyurusunda bulundu SAYMAZ VE AĞIREL'E SUÇ DUYURUSU Ticaret Bakanı Bolat, fon soruşturması kapsamında kendisine yönelik ifadeleri ve sosyal medya payla",browser_full_article,https://www.takvim.com.tr/guncel/2026/10/08/ticaret-bakani-omer-bolat-fon-iftiralarini-yalanladi,,,,,,,,il yok | ilçe yok | firma yok | faaliyet/tesis yok,,,,maps araması yapılmadı,,,84.25,186
2026-10-03 05:34:00,bankaya soruşturma,Operasyon / Soruşturma / Suç,Alpaslan Çakar: Fon soruşturmasından çıkan para bankacılık sisteminde kaldı,Alpaslan Çakar: Fon soruşturmasından çıkan para bankacılık sisteminde kaldı Ekovitrin Haber,https://news.google.com/rss/articles/CBMiogFBVV95cUxNbEEwb1NnOHIyY0FRQWpid2xSSVFoTVNzT2VLVTNYclRRME50Rm9HUVA5T1RSbFZETjZQZ3BHZE5IXzdtRDNZaWdFMDk1TTMwUTZtZGxGQzdlbW93N0lHTl81YzJpVHROTlZCMEdmRVJTaTYxWGZZTUdacFdJYmhYTk5CR2stVDNza2hVclRYaXcwTzdUX0tib1dMZVAtMVQxX2c?oc=5,"banka, bankacılık",finansal kuruluş,"Türkiye Bankalar Birliği (TBB) Yönetim Kurulu Başkanı Alpaslan Çakar, devam eden fon soruşturmasının bankacılık sektörüne etkisine ilişkin değerlendirmelerde bulundu. Çakar, soruşturma kapsamında piyasadan çıkan paranın bankacılık sistemine yöneldiğini belirterek, sektör açısından negatif bir etki beklemediklerini söyledi. Türkiye Bankalar Birliği (TBB) Yönetim Kurulu Başkanı Alpaslan Çakar, devam eden fon soruşturmasının bankacılık sektörüne etkisine ilişkin değerlendirmelerde bulundu. Çakar, soruşturma kapsamında piyasadan çıkan paranın bankacılık sistemine yöneldiğini belirterek, sektör açısından negatif bir etki beklemediklerini söyledi. Türkiye Bankalar Birliği (TBB) Yönetim Kurulu Başkanı Alpaslan Çakar, devam eden fon soruşturmasının bankacılık sektörüne etkisine ilişkin değerlendirmelerde bulundu. Çakar, soruşturma kapsamında piyasadan çıkan paranın bankacılık sistemine yöneldiğini belirterek, sektör açısından negatif bir etki beklemediklerini söyledi. Finans Alpaslan Çakar: Fon soruşturmasından çıkan para bankacılık sisteminde kaldı Türkiye Bankalar Birliği (TBB) Yönetim Kurulu Başkanı Alpaslan Çakar, devam eden fon soruşturmasının bankacılık sektörüne etkisine ilişkin değerlendirmelerde bulundu. Çakar, soruşturma kapsamında piyasadan çıkan paranın bankacılık sistemine yöneldiğini belirterek, sektör açısından negatif bir etki beklemediklerini söyledi. Paylaş Linkedin Pinterest Telegram Yazdır Kopyala A - A + 03.10.2026 - 08:34 Okunma Süresi: 1 Dk Çakar, TBB Yönetim Kurulu üyeleri ve Uluslararası Enerji Ajansı (IEA) Başkanı Fatih Birol'un katıldığı “Dönüşümün Finansmanı: COP31 Yolunda Türkiye” başlıklı toplantıda gazetecilerin sorularını yanıtladı. KOBİ kredilerindeki düzenleme fon soruşturmasıyla bağlantılı değil Toplantıda, Türkiye Cumhuriyet Merkez Bankası'nın KOBİ kredilerinde uygulanan yüzde 4,5'lik büyüme sınırını yüzde 5'e yükseltmesinin fon soruşturmasıyla bağlantılı olup olmadığı da soruldu. Alpaslan Çakar, fon soruşturmasının daha sınırlı bir alanda ve ağırlıklı olarak bireysel yatırımcıları ilgilendiren bir süreç olduğunu belirtti. KOBİ'lerin finansmana erişiminin ise bir süredir bankacılık sektörünün gündeminde olduğunu ifade etti. KOBİ'lerin likiditeye erişiminin piyasadaki önemli ihtiyaçlardan biri olduğunu dile getiren Çakar, büyük şirketler açısından aynı ölçekte bir sorun bulunmadığını söyledi. KOBİ kredilerindeki düzenlemenin fon soruşturmasından bağımsız olarak değerlendirilmesi gerektiğini belirten Çakar, daha önce de likidite koşullarını rahatlatmaya yönelik adımlar atıldığını kaydetti. Gönüllü para iadesi kimseyi kurtaramayacak! Bakan Gürlek: Soruşturma kapanmayacak İçeriği Görüntüle ""Para sistemin içinde kaldı"" Fon soruşturmasının bankacılık sektöründe yaratabileceği olası etkiler konusunda da değerlendirmelerde bulunan Çakar, sektörün bundan olumsuz etkilenmesini beklemediklerini ifade etti. Çakar, soruşturma kapsamında fonlardan çıkan paranın bankacılık sistemine yöneldiğini belirterek, paranın finansal sistem dışına çıkmadığına dikkat çekti. TBB Başkanı Çakar, bu nedenle fon soruşturmasının bankacılık sektörü üzerinde negatif bir etki oluşturmasını beklemediklerini söyledi. Editörün Seçtiği Fatma Betül Sayan Kaya hakkında soruşturma izni verildi! Editörün Seçtiği Erdoğan: Adımları atıyoruz, sahtekârlık yapanlar hesabını verecek Editörün Seçtiği Fon soruşturmasında Meclis komisyonu kurulacak mıi? AK Parti'den dikkat çeken açıklama Editörün Seçtiği Lionel Messi milli takıma veda etti! Arjantin formasıyla son maçında şov yaptı Editörün Seçtiği Tera'da ""14 milyar TL şahsi hesaba aktarıldı"" denilmişti! Başsavcılık'tan açıklama geldi Editörün Seçtiği TCMB’den enflasyon ve faiz mesajı: İhtiyatlı duruş sürecek Bunlar","Alpaslan Çakar: Fon soruşturmasından çıkan para bankacılık sisteminde kaldı Alpaslan Çakar: Fon soruşturmasından çıkan para bankacılık sisteminde kaldı Ekovitrin Haber Türkiye Bankalar Birliği (TBB) Yönetim Kurulu Başkanı Alpaslan Çakar, devam eden fon soruşturmasının bankacılık sektörüne etkisine ilişkin değerlendirmelerde bulundu. Çakar, soruşturma kapsamında piyasadan çıkan paranın bankacılık sistemine yöneldiğini belirterek, sektör açısından negatif bir etki beklemediklerini söyledi. Finans Alpaslan Çakar: Fon soruşturmasından çıkan para bankacılık sisteminde kaldı Türkiye Bankalar Birliği (TBB) Yönetim Kurulu Başkanı Alpaslan Çakar, devam eden fon soruşturmasının bankacılık sektörüne etkisine ilişkin değerlendirmelerde bulundu.",browser_full_article,https://www.ekovitrin.com/alpaslan-cakar-fon-sorusturmasindan-cikan-para-bankacilik-sisteminde-kaldi,,,,,,,,il yok | ilçe yok | firma yok | faaliyet/tesis yok,,,,maps araması yapılmadı,,,81.25,187
2026-10-06 06:37:11,bankaya soruşturma,Banka / Finansal Kuruluş,"Güney Kore, bankalara yönelik bir dizi yapay zeka saldırısı konusunda alarm verdi.","Güney Kore, bankalara yönelik bir dizi yapay zeka saldırısı konusunda alarm verdi. Vietnam.vn",https://news.google.com/rss/articles/CBMiigFBVV95cUxPenFTVWd1bnRkd3hjSXVCa21UekxrTXZGaGtxdU9GLWpEYU1XZll5aG5DSXBFdDJFdTBpU3FMSTkzYW40S3F3QVZ0QkVtOUJsMlZYc3Qya092S0J3Q3hZa3Q3clRxRXY4ZzA1WVE5ejBIU3VUV0xXSlk2MXpyQ3JxS1lqYjlYWTM1dXc?oc=5,banka,finansal kuruluş,"Güney Kore, bankalara yönelik bir dizi yapay zeka saldırısı konusunda alarm verdi. Vietnam.vn","Güney Kore, bankalara yönelik bir dizi yapay zeka saldırısı konusunda alarm verdi. Güney Kore, bankalara yönelik bir dizi yapay zeka saldırısı konusunda alarm verdi. Vietnam.vn Güney Kore, bankalara yönelik bir dizi yapay zeka saldırısı konusunda alarm verdi.",browser_failed,https://news.google.com/rss/articles/CBMiigFBVV95cUxPenFTVWd1bnRkd3hjSXVCa21UekxrTXZGaGtxdU9GLWpEYU1XZll5aG5DSXBFdDJFdTBpU3FMSTkzYW40S3F3QVZ0QkVtOUJsMlZYc3Qya092S0J3Q3hZa3Q3clRxRXY4ZzA1WVE5ejBIU3VUV0xXSlk2MXpyQ3JxS1lqYjlYWTM1dXc?oc=5&hl=tr&gl=TR&ceid=TR:tr,,,,,,,,il yok | ilçe yok | firma yok | faaliyet/tesis yok,,,,maps araması yapılmadı,,,71.18,188
2026-10-08 16:39:13,bankaya soruşturma,Banka / Finansal Kuruluş,Ticaret Bakanı Ömer Bolat'tan 170 milyon TL iddiasına yanıt: 50'den fazla bankaya sorabilirsiniz,Ticaret Bakanı Ömer Bolat'tan 170 milyon TL iddiasına yanıt: 50'den fazla bankaya sorabilirsiniz GZT,https://news.google.com/rss/articles/CBMixwFBVV95cUxPX2VoM0h1TklDWE95dmNVTmx6S1FFTDBkMnRBU1hCdzZDX1lKZklCRGpYMEp4ZFl1RjFsNjVsbnhFOE1HTkFVMXU5eUJVOHVvZjlYeFRnc3VCU2lPZUZ4dkdmbWlSMWNEVWtZeTBjNTRvUXpIZndxRzVXZkZLREh2T1d6UTh0OVNKaFVJa09aZ0lzN0ZMRVlId0lmb1FkXzBRUUJVUUdwVV80enNhV0hWNTh1aG94QWpOV2JyaHBsMWstNnZsMzRV?oc=5,"banka, ticaret",finansal kuruluş,Ticaret Bakanı Ömer Bolat'tan 170 milyon TL iddiasına yanıt: 50'den fazla bankaya sorabilirsiniz GZT,Ticaret Bakanı Ömer Bolat'tan 170 milyon TL iddiasına yanıt: 50'den fazla bankaya sorabilirsiniz Ticaret Bakanı Ömer Bolat'tan 170 milyon TL iddiasına yanıt: 50'den fazla bankaya sorabilirsiniz GZT Ticaret Bakanı Ömer Bolat'tan 170 milyon TL iddiasına yanıt: 50'den fazla bankaya sorabilirsiniz GZT,browser_failed,https://news.google.com/rss/articles/CBMixwFBVV95cUxPX2VoM0h1TklDWE95dmNVTmx6S1FFTDBkMnRBU1hCdzZDX1lKZklCRGpYMEp4ZFl1RjFsNjVsbnhFOE1HTkFVMXU5eUJVOHVvZjlYeFRnc3VCU2lPZUZ4dkdmbWlSMWNEVWtZeTBjNTRvUXpIZndxRzVXZkZLREh2T1d6UTh0OVNKaFVJa09aZ0lzN0ZMRVlId0lmb1FkXzBRUUJVUUdwVV80enNhV0hWNTh1aG94QWpOV2JyaHBsMWstNnZsMzRV?oc=5&hl=tr&gl=TR&ceid=TR:tr,,,,,,,,il yok | ilçe yok | firma yok | faaliyet/tesis yok,,,,maps araması yapılmadı,,,80.0,189
2026-10-02 21:44:00,bankaya soruşturma,Operasyon / Soruşturma / Suç,Bankacılık sektörüne fon soruşturması etkisi olacak mı? Çakar yanıtladı,Bankacılık sektörüne fon soruşturması etkisi olacak mı? Çakar yanıtladı Şok Gazetesi,https://news.google.com/rss/articles/CBMiowFBVV95cUxOZWtjcGg3U1BzTG00RzJPaTBYTlc5RmF4YklTU3doQ2VFOTZjbGlkR1poa251aTgzVzVnYXVEaWI0YXBmQUUwbmZhSlNlNXM4TXJ3blQ4LVd2dDYyV2c3OHpUajR1RHFZWVRrMklsUUczRFh0YzZzMk5DSGJjbVVhekRuSnBKeTRvSXNpMEVZNXZyOVhvN0FTUnFJeUxiRUJZUEZZ?oc=5,"banka, bankacılık",finansal kuruluş,Bankacılık sektörüne fon soruşturması etkisi olacak mı? Çakar yanıtladı Şok Gazetesi,Bankacılık sektörüne fon soruşturması etkisi olacak mı? Çakar yanıtladı Bankacılık sektörüne fon soruşturması etkisi olacak mı? Çakar yanıtladı Şok Gazetesi Bankacılık sektörüne fon soruşturması etkisi olacak mı? Çakar yanıtladı Şok Gazetesi,browser_failed,https://news.google.com/rss/articles/CBMiowFBVV95cUxOZWtjcGg3U1BzTG00RzJPaTBYTlc5RmF4YklTU3doQ2VFOTZjbGlkR1poa251aTgzVzVnYXVEaWI0YXBmQUUwbmZhSlNlNXM4TXJ3blQ4LVd2dDYyV2c3OHpUajR1RHFZWVRrMklsUUczRFh0YzZzMk5DSGJjbVVhekRuSnBKeTRvSXNpMEVZNXZyOVhvN0FTUnFJeUxiRUJZUEZZ?oc=5&hl=tr&gl=TR&ceid=TR:tr,,,,,,,,il yok | ilçe yok | firma yok | faaliyet/tesis yok,,,,maps araması yapılmadı,,,63.34,190
2026-10-06 07:22:00,bankaya soruşturma,Operasyon / Soruşturma / Suç,Fon Soruşturmasında Kaya Çifti İçin 7 Bankaya Yazı Gönderildi,Fon Soruşturmasında Kaya Çifti İçin 7 Bankaya Yazı Gönderildi Paranın Yönü,https://news.google.com/rss/articles/CBMiuwFBVV95cUxNLVU2MzM0VnhzSDd5VUFXNldXbjI3TkJmSTUwS0d3TlB3eUg1THl6N2NjYjBCUk4tSFdZNWthWnZyaGhGMno4bFhfVGQ5Y3Q2SzJRdDJZZGtQWWhERWtqQzRfaXNiUXdQTGZoU19MOHdsSWNEcFRzUHpwRDZsUHlJUkRyNUNsWkFBUDNrOXJjR0JyNkYtZjFtdjMwdk9fSjRDb2EtZ0FWcFVDdHFJVFkySk52SkJqWGl3SWN3?oc=5,banka,finansal kuruluş,Fon Soruşturmasında Kaya Çifti İçin 7 Bankaya Yazı Gönderildi Paranın Yönü,Fon Soruşturmasında Kaya Çifti İçin 7 Bankaya Yazı Gönderildi Fon Soruşturmasında Kaya Çifti İçin 7 Bankaya Yazı Gönderildi Paranın Yönü Fon Soruşturmasında Kaya Çifti İçin 7 Bankaya Yazı Gönderildi Paranın Yönü,browser_failed,https://news.google.com/rss/articles/CBMiuwFBVV95cUxNLVU2MzM0VnhzSDd5VUFXNldXbjI3TkJmSTUwS0d3TlB3eUg1THl6N2NjYjBCUk4tSFdZNWthWnZyaGhGMno4bFhfVGQ5Y3Q2SzJRdDJZZGtQWWhERWtqQzRfaXNiUXdQTGZoU19MOHdsSWNEcFRzUHpwRDZsUHlJUkRyNUNsWkFBUDNrOXJjR0JyNkYtZjFtdjMwdk9fSjRDb2EtZ0FWcFVDdHFJVFkySk52SkJqWGl3SWN3?oc=5&hl=tr&gl=TR&ceid=TR:tr,,,,,,,,il yok | ilçe yok | firma yok | faaliyet/tesis yok,,,,maps araması yapılmadı,,,47.74,191
2026-10-08 19:46:08,bankaya soruşturma,Banka / Finansal Kuruluş,Güney Kore’de Bankalara Yapay Zeka Destekli Siber Saldırı: En Az 7 Finans Kuruluşu Etkilendi,Güney Kore’de Bankalara Yapay Zeka Destekli Siber Saldırı: En Az 7 Finans Kuruluşu Etkilendi Banka Dünyası,https://news.google.com/rss/articles/CBMifkFVX3lxTE1pS3gydnlIek81dmt6SThHWFU0ZXg4LU1FbjhUMW5VREJGcXpaN2E3YjhaOUk3S1Q0al94ZklZVnFIdGxRUjNGM3BjMUg2M3ZjX1p1Q2hxVktEeVRKMWN5S1ViTzdDZThQR1RJc0ZOWmt6eXFrVlRfdGRidlRiQQ?oc=5,"banka, finans kuruluşu, kuruluş",finansal kuruluş,"Güney Kore'de bankalara yapay zeka destekli siber saldırı: CrowdStrike'a göre saldırgan ARTEX aracını dil modelleriyle kullandı. Güney Kore'de bankalara yapay zeka destekli siber saldırı: CrowdStrike'a göre saldırgan ARTEX aracını dil modelleriyle kullandı. Güney Kore'de bankalara yapay zeka destekli siber saldırı: CrowdStrike'a göre saldırgan ARTEX aracını dil modelleriyle kullandı. Güney Kore’de Bankalara Yapay Zeka Destekli Siber Saldırı: En Az 7 Finans Kuruluşu Etkilendi bankadunyasi tarafından 8 Ekim 2026 8 Ekim 2026 tarihinde düzenlendi 75 kez okundu Okuma süresi: 3dk, 2sn + - Dinle 0 Haberi ilk siz duyun Banka Dünyası'nı size en uygun kanaldan takip edin. Telegram Haberler anında bildirim olarak gelsin Katıl WhatsApp Önemli gelişmeler telefonunuzda Katıl Instagram Görsel özetler ve detayları X Gündem ve başlıklar Facebook Haberler akışınızda LinkedIn Sektörel gelişmeler Güney Kore’de bankaları hedef alan yapay zeka destekli siber saldırı dalgasına ilişkin yeni ayrıntılar ortaya çıktı. Yonhap’ın 8 Ekim 2026’da aktardığı CrowdStrike raporuna göre, Çince konuşan ve kimliği belirlenemeyen bir saldırgan, yapay zeka destekli araçlar kullanarak ülkedeki çeşitli finans kuruluşlarına sızdı ve veri çaldı. Saldırganın kimliği, ihlallerin boyutu ve çalınan veri miktarı henüz doğrulanmış değil. Banka Dünyası'nı Google'da tercih edilen kaynağınız yapın! + Yapay zeka destekli siber saldırı nasıl gerçekleşti? ABD merkezli siber güvenlik şirketi CrowdStrike’a göre saldırılar eylül sonu ile ekim başı arasında yapıldı. Saldırgan, Çin yapımı açık kaynaklı bir sızma testi aracı olan ARTEX’i büyük dil modelleriyle birlikte kullandı. Normalde kurumların kendi sistemlerindeki açıkları bulması için tasarlanan bu tür araçlar, zafiyet taramasını ve saldırı adımlarını otomatikleştirmeye imkân veriyor. Hedefler arasında bir bankanın kredi sorgulama hizmeti ile bir başka kredi kuruluşunun çalışanlarına yönelik mobil destek platformu yer aldı. CrowdStrike saldırılarla bağlantılı iki sunucu tespit etti; bunlardan biri Hong Kong’da bulunuyor. Şirket, Güney Kore kaynaklı çalıntı verilerin satıldığı pazar yerlerine yönelik aramalara dayanarak saldırganın mali amaçla hareket ettiğini değerlendiriyor. Hangi bankalar etkilendi? Uluslararası basına göre eylül sonundan itibaren en az yedi Güney Koreli banka ve finans kuruluşunda ihlal yaşandı. Adı geçen kurumlar arasında Shinhan Bank, KB Kookmin Bank ve Hana Bank bulunuyor. En büyük ihlal Shinhan Bank’ta bildirildi: yaklaşık 25 bin müşterinin kredi başvurusuna ilişkin bilgileri açığa çıktı. Toplamda etkilenen kişi sayısı The Wall Street Journal’a dayandırılan haberlerde yaklaşık 68 bin olarak veriliyor; diğer bankalara ilişkin rakamlar ise kaynaklara göre değişiyor. CrowdStrike’ın tarif ettiği saldırganın bu ihlallerin hangilerinden sorumlu olduğu da netleşmiş değil; aynı dönemde açıklanan olayların tamamının tek bir aktöre ait olup olmadığı bilinmiyor. Saldırganlar sisteme nereden girdi? Güney Kore Finansal Hizmetler Komisyonu, ihlallerde banka çalışanlarının ve kredi aracıları ile yükleniciler gibi dış personelin kullandığı sistemlere işaret etti. Shinhan Bank’ta saldırganların, banka çalışanı olmayan kredi aracılarının kullandığı bir hizmette doğrulama adımını aştığı bildirildi. Yani giriş noktası, müşterilerin kullandığı mobil veya internet bankacılığı değil, daha az korunan yan sistemler oldu. Yetkililer ne yaptı? Finansal Hizmetler Komisyonu acil toplantı düzenledi ve finans kuruluşlarına, müşteriye dönük olup olmadığına bakılmaksızın internete açık tüm sistemlerini denetleme talimatı verdi. Devlet Başkanı Lee Jae-myung, 6 Ekim’de saldırıların bir bölümünde yapay zekanın rol oynadığına dair işaretler bulunduğunu söyledi. Ulusal Polis Teşkilatı aynı gün soruşturma başlattı. Bankalar için ne anlama geliyor? Olay, yapay zekanın saldırı tarafında da kullanılmaya başlandığını ve zafiyet taramasını hızlandırdığını gösteren somut örneklerden biri olarak değerlendiriliyor. Güney Kore’deki tablo iki noktaya dikkat çekiyor: bankaların üçüncü taraflara açtığı sistemlerin de ana kanallar kadar korunması gerektiği ve iş ortaklarına verilen müşteri verisi erişiminin sınırlandırılması. Türkiye’de de BDDK bankaların yapay zeka kullanımına ilişkin bir düzenleme çerçevesi hazırlıyor. Alkışlıyorum 0 Eğlendim 0 Beğendim 0 Beğenmedim 0 Düşünceliyim 1 Çok Kızdım 0 Etiketler banka banka dünyası bankacılık güney kore saldırı siber siber güvenlik yapay zeka bankadunyasi Yazarın Profili 9 Ekim 2026 79 Fon Soruşturması: 214 Kişinin 187,6 Milyar Liralık Kazancı İnceleniyor, TMSF Bildirim Göndermeye Başladı 8 Ekim 2026 80 TCMB Başkan Yardımcısı Hatice Karahan: Merkez Bankaları Yapay Zekanın Avantajlarından Faydalanmalı 8 Ekim 2026 883 Destek Finans Faktoring şirketine kayyum atandı 8 Ekim 2026 267 Bankalarda Mevduat Bir Haftada 310 Milyar TL Eridi: Takipteki Alacaklar 914 Milyar TL’ye Çıktı 8 Ekim 2026 47 TÜİK Açıkladı: Eylülde En Çok Kazandıran Yatırım Aracı Hangisi Oldu? 8 Ekim 2026 438 İşveren Çalışanın E-postasını Okuyabilir mi? KVKK İlke Kararı Resmi Gazete’de Güney Kore’de Bankalara Yapay Zeka Destekli Siber Saldırı: En Az 7 Finans Kuruluşu Etkilendi bankadunyasi tarafından 8 Ekim 2026 8 Ekim 2026 tarihinde düzenlendi 75 kez okundu Okuma süresi: 3dk, 2sn + - Dinle 0 Haberi ilk siz duyun Banka Dünyası'nı size en uygun kanaldan takip edin. Telegram Haberler anında bildirim olarak gelsin Katıl WhatsApp Önemli gelişmeler telefonunuzda Katıl Instagram Görsel özetler ve detayları X Gündem ve başlıklar Facebook Haberler akışınızda LinkedIn Sektörel gelişmeler Güney Kore’de bankaları hedef alan yapay zeka destekli siber saldırı dalgasına ilişkin yeni ayrıntılar ortaya çıktı. Yonhap’ın 8 Ekim 2026’da aktardığı CrowdStrike raporuna göre, Çince konuşan ve kimliği belirlenemeyen bir saldırgan, yapay zeka destekli araçlar kullanarak ülkedeki çeşitli finans kuruluşlarına sızdı ve veri çaldı. Saldırganın kimliği, ihlallerin boyutu ve çalınan veri miktarı henüz doğrulanmış değil. Banka Dünyası'nı Google'da tercih edilen kaynağınız yapın! + Yapay zeka destekli siber saldırı nasıl gerçekleşti? ABD merkezli siber güvenlik şirketi CrowdStrike’a göre saldırılar eylül sonu ile ekim başı arasında yapıldı. Saldırgan, Çin yapımı açık kaynaklı bir sızma testi aracı olan ARTEX’i büyük dil modelleriyle birlikte kullandı. Normalde kurumların kendi sistemlerindeki açıkları bulması için tasarlanan bu tür araçlar, zafiyet taramasını ve saldırı adımlarını otomatikleştirmeye imkân veriyor. Hedefler arasında bir bankanın kredi sorgulama hizmeti ile bir başka kredi kuruluşunun çalışanlarına yönelik mobil destek platformu yer aldı. CrowdStrike saldırılarla bağlantılı iki sunucu tespit etti; bunlardan biri Hong Kong’da bulunuyor. Şirket, Güney Kore kaynaklı çalıntı verilerin satıldığı pazar yerlerine yönelik aramalara dayanarak saldırganın mali amaçla hareket ettiğini değerlendiriyor. Hangi bankalar etkilendi? Uluslararası basına göre eylül sonundan itibaren en az yedi Güney Koreli banka ve finans kuruluşunda ihlal yaşandı. Adı geçen kurumlar arasında Shinhan Bank, KB Kookmin Bank ve Hana Bank bulunuyor. En büyük ihlal Shinhan Bank’ta bildirildi: yaklaşık 25 bin müşterinin kredi başvurusuna ilişkin bilgileri açığa çıktı. Toplamda etkilenen kişi sayısı The Wall Street Journal’a dayandırılan haberlerde yaklaşık 68 bin olarak veriliyor; diğer bankalara ilişkin rakamlar ise kaynaklara göre değişiyor. CrowdStrike’ın tarif ettiği saldırganın bu ihlallerin hangilerinden sorumlu olduğu da netleşmiş değil; aynı dönemde açıklanan olayların tamamının tek bir aktöre ait olup olmadığı bilinmiyor. Saldırganlar sisteme nereden girdi? Güney Kore Finansal Hizmetler Komisyonu, ihlallerde banka çalışanlarının ve kredi aracıları ile yükleniciler gibi dış personelin kullandığı sistemlere işaret etti. Shinhan Bank’ta saldırganların, banka çalışanı olmayan kredi aracılarının kullandığı bir hizmette doğrulama adımını aştığı bildirildi. Yani giriş noktası, müşterilerin kullandığı mobil veya internet bankacılığı değil, daha az korunan yan sistemler oldu. Yetkililer ne yaptı? Finansal Hizmetler Komisyonu acil toplantı düzenledi ve finans kuruluşlarına, müşteriye dönük olup olmadığına bakılmaksızın internete açık tüm sistemlerini denetleme talimatı verdi. Devlet Başkanı Lee Jae-myung, 6 Ekim’de saldırıların bir bölümünde yapay zekanın rol oynadığına dair işaretler bulunduğunu söyledi. Ulusal Polis Teşkilatı aynı gün soruşturma başlattı. Bankalar için ne anlama geliyor? Olay, yapay zekanın saldırı tarafında da kullanılmaya başlandığını ve zafiyet taramasını hızlandırdığını gösteren somut örneklerden biri olarak değerlendiriliyor. Güney Kore’deki tablo iki noktaya dikkat çekiyor: bankaların üçüncü taraflara açtığı sistemlerin de ana kanallar kadar korunması gerektiği ve iş ortaklarına verilen müşteri verisi erişiminin sınırlandırılması. Türkiye’de de BDDK bankaların yapay zeka kullanımına ilişkin bir düzenleme çerçevesi hazırlıyor. Alkışlıyorum 0 Eğlendim 0 Beğendim 0 Beğenmedim 0 Düşünceliyim 1 Çok Kızdım 0 Etiketler banka banka dünyası bankacılık güney kore saldırı siber siber güvenlik yapay zeka bankadunyasi Yazarın Profili İlginizi Çekebilir KKM hesaplarında düşüş sürüyor 23 Ocak 2025 Benzer Yazılar 9 Ekim 2026 79 Fon Soruşturması: 214 Kişinin 187,6 Milyar Liralık Kazancı İnceleniyor, TMSF Bildirim Göndermeye Başladı 8 Ekim 2026 80 TCMB Başkan Yardımcısı Hatice Karahan: Merkez Bankaları Yapay Zekanın Avantajlarından Faydalanmalı 8 Ekim 2026 883 Destek Finans Faktoring şirketine kayyum atandı 8 Ekim 2026 267 Bankalarda Mevduat Bir Haftada 310 Milyar TL Eridi: Takipteki Alacaklar 914 Milyar TL’ye Çıktı 8 Ekim 2026 47 TÜİK Açıkladı: Eylülde En Çok Kazandıran Yatırım Aracı Hangisi Oldu? 8 Ekim 2026 438 İşveren Çalışanın E-postasını Okuyabilir mi? KVKK İlke Kararı Resmi Gazete’de Yorumları","Güney Kore’de Bankalara Yapay Zeka Destekli Siber Saldırı: En Az 7 Finans Kuruluşu Etkilendi Güney Kore’de Bankalara Yapay Zeka Destekli Siber Saldırı: En Az 7 Finans Kuruluşu Etkilendi Banka Dünyası Güney Kore'de bankalara yapay zeka destekli siber saldırı: CrowdStrike'a göre saldırgan ARTEX aracını dil modelleriyle kullandı. Güney Kore’de Bankalara Yapay Zeka Destekli Siber Saldırı: En Az 7 Finans Kuruluşu Etkilendi bankadunyasi tarafından 8 Ekim 2026 8 Ekim 2026 tarihinde düzenlendi 75 kez okundu Okuma süresi: 3dk, 2sn + - Dinle 0 Haberi ilk siz duyun Banka Dünyası'nı size en uygun kanaldan takip edin. Telegram Haberler anında bildirim olarak gelsin Katıl WhatsApp Önemli gelişmeler telefonunuzda Katıl Instagram Görsel özetler ve detayları X Gündem ve başlıklar Facebook Haberler akışınızda LinkedIn Sektörel gelişmeler Güney Kore’de bankaları hedef alan yapay zeka destekli siber saldırı dalgasına ilişkin yeni ayrıntılar ortaya çıktı. Yonhap’ın 8 Ekim 2026’da aktardığı CrowdStrike raporuna göre, Çince konuşan ve kimliği belirlenemeyen bir saldırgan, yapay zeka destekli araçlar kullanarak ülkedeki çeşitli finans kuruluşlarına sızdı ve veri çaldı. Saldırganın kimliği, ihlallerin boyutu ve çalınan veri miktarı henüz doğrulanmış değil. Banka Dünyası'nı Google'da tercih edilen kaynağınız yapın! + Yapay zeka destekli siber saldırı nasıl gerçekleşti? ABD merkezli siber güvenlik şirketi CrowdStrike’a göre saldırılar eylül sonu ile ekim başı arasında yapıldı. Saldırgan, Çin yapımı açık kaynaklı bir sızma testi aracı olan ARTEX’i büyük dil modelleriyle birlikte kullandı. Normalde kurumların kendi sistemlerindeki açıkları bulması için tasarlanan bu tür araçlar, zafiyet taramasını ve saldırı adımlarını otomatikleştirmeye imkân veriyor. Şirket, Güney Kore kaynaklı çalıntı verilerin satıldığı pazar yerlerine yönelik aramalara dayanarak saldırganın mali amaçla hareket ettiğini değerlendiriyor. Uluslararası basına göre eylül sonundan itibaren en az yedi Güney Koreli banka ve finans kuruluşunda ihlal yaşandı. Adı geçen kurumlar arasında Shinhan Bank, KB Kookmin Bank ve Hana Bank bulunuyor. En büyük ihlal Shinhan Bank’ta bildirildi: yaklaşık 25 bin müşterinin kredi başvurusuna ilişkin bilgileri açığa çıktı. Toplamda etkilenen kişi sayısı The Wall Street Journal’a dayandırılan haberlerde yaklaşık 68 bin olarak veriliyor; diğer bankalara ilişkin rakamlar ise kaynaklara göre değişiyor. Güney Kore Finansal Hizmetler Komisyonu, ihlallerde banka çalışanlarının ve kredi aracıları ile yükleniciler gibi dış personelin kullandığı sistemlere işaret etti. Shinhan Bank’ta saldırganların, banka çalışanı olmayan kredi aracılarının kullandığı bir hizmette doğrulama adımını aştığı bildirildi. Finansal Hizmetler Komisyonu acil toplantı düzenledi ve finans kuruluşlarına, müşteriye dönük olup olmadığına bakılmaksızın internete açık tüm sistemlerini denetleme talimatı verdi. Devlet Başkanı Lee Jae-myung, 6 Ekim’de saldırıların bir bölümünde yapay zekanın rol oynadığına dair işaretler bulunduğunu söyledi. Ulusal Polis Teşkilatı aynı gün soruşturma başlattı. Olay, yapay zekanın saldırı tarafında da kullanılmaya başlandığını ve zafiyet taramasını hızlandırdığını gösteren somut örneklerden biri olarak değerlendiriliyor. Güney Kore’deki tablo iki noktaya dikkat çekiyor: bankaların üçüncü taraflara açtığı sistemlerin de ana kanallar kadar korunması gerektiği ve iş ortaklarına verilen müşteri verisi erişiminin sınırlandırılması. Türkiye’de de BDDK bankaların yapay zeka kullanımına ilişkin bir düzenleme çerçevesi hazırlıyor.",browser_full_article,https://bankadunyasi.com/guney-kore-de-bankalar-yapay-zeka-siber-saldiri/,,,,,,,,il yok | ilçe yok | firma yok | faaliyet/tesis yok,,,,maps araması yapılmadı,,,93.5,192
2026-10-06 06:57:23,bankaya soruşturma,Banka / Finansal Kuruluş,Hakkarili İlyas Kaya’nın da adı geçti: 7 bankaya başsavcılık yazısı,Hakkarili İlyas Kaya’nın da adı geçti: 7 bankaya başsavcılık yazısı Hakkari Objektif Haber,https://news.google.com/rss/articles/CBMiswFBVV95cUxOblBmcGxqYTR2d0o5cTNQYVRVSlFKT1dselNiRkRmS0dZUF9lZGRJZEJJclFtbzdGUEZsZDBXRUVnRGdJQ20xb1UzdmNFUVNsUnFmbWNNM0dhaHdYd1JzUjk3Qjl0SE9NODk2bW5QNHVtNkI4YnAwT042NjdsWmVZaDBxZ05yWmZicmhqeGZIMzk2RG45YkJZVWZUOVV4ZEVUM3k2MmlKZjNOT2JOc1pVaV9PQQ?oc=5,banka,finansal kuruluş,Hakkarili İlyas Kaya’nın da adı geçti: 7 bankaya başsavcılık yazısı Hakkari Objektif Haber,Hakkarili İlyas Kaya’nın da adı geçti: 7 bankaya başsavcılık yazısı Hakkarili İlyas Kaya’nın da adı geçti: 7 bankaya başsavcılık yazısı Hakkari Objektif Haber Hakkarili İlyas Kaya’nın da adı geçti: 7 bankaya başsavcılık yazısı Hakkari Objektif Haber,browser_failed,https://news.google.com/rss/articles/CBMiswFBVV95cUxOblBmcGxqYTR2d0o5cTNQYVRVSlFKT1dselNiRkRmS0dZUF9lZGRJZEJJclFtbzdGUEZsZDBXRUVnRGdJQ20xb1UzdmNFUVNsUnFmbWNNM0dhaHdYd1JzUjk3Qjl0SE9NODk2bW5QNHVtNkI4YnAwT042NjdsWmVZaDBxZ05yWmZicmhqeGZIMzk2RG45YkJZVWZUOVV4ZEVUM3k2MmlKZjNOT2JOc1pVaV9PQQ?oc=5&hl=tr&gl=TR&ceid=TR:tr,,,,,,,,il yok | ilçe yok | firma yok | faaliyet/tesis yok,,,,maps araması yapılmadı,,,62.9,193
2026-10-08 18:11:00,bankaya soruşturma,Banka / Finansal Kuruluş,"Bakan Bolat’tan fon iddialarına ""hodri meydan"" çıkışı: ""170 milyon yapıldıysa bankalar açıklasın!""","Bakan Bolat’tan fon iddialarına ""hodri meydan"" çıkışı: ""170 milyon yapıldıysa bankalar açıklasın!"" Medyaradar",https://news.google.com/rss/articles/CBMiygFBVV95cUxPUGs1V1BvY2VFS1drTFI3WHNpZW03RWVnVl9sZXphaVczUlpLcFhsOTNrcEVnSVlDRUVseWstSDdkUl9FVU5vaXkyb0NCMHJEQTRQaFpXNl9ON2lOOGFub190TV9ZcVBZdGFwQXMtUHB4Z1BYTEhrZTdwbS1JMjVKUWY4WEE2M2lZVTB6YkRwd21seDZFN1lOQ0tLNmk5TjlmMkQtZm9la21XTm5qQkhuSkdrUExaUnN1U1l1OFRJS09leUY5cFVxZld3?oc=5,banka,finansal kuruluş,"www.medyaradar.net Güvenlik doğrulaması yapılıyor Bu web sitesi, kötü niyetli botlara karşı korunmak için bir güvenlik hizmeti kullanıyor. Web sitesi bir bot olmadığınızı doğrularken bu sayfa görüntülenir. Doğrulama başarılı. www.medyaradar.net adresinin yanıt vermesi bekleniyor Güvenlik doğrulaması yapılıyor Doğrulama başarılı. www.medyaradar.net adresinin yanıt vermesi bekleniyor Bu web sitesi, kötü niyetli botlara karşı korunmak için bir güvenlik hizmeti kullanıyor. Web sitesi bir bot olmadığınızı doğrularken bu sayfa görüntülenir.","Bakan Bolat’tan fon iddialarına ""hodri meydan"" çıkışı: ""170 milyon yapıldıysa bankalar açıklasın!"" Bakan Bolat’tan fon iddialarına ""hodri meydan"" çıkışı: ""170 milyon yapıldıysa bankalar açıklasın!"" Medyaradar www.medyaradar.net Güvenlik doğrulaması yapılıyor Bu web sitesi, kötü niyetli botlara karşı korunmak için bir güvenlik hizmeti kullanıyor. Web sitesi bir bot olmadığınızı doğrularken bu sayfa görüntülenir. www.medyaradar.net adresinin yanıt vermesi bekleniyor Güvenlik doğrulaması yapılıyor Doğrulama başarılı. www.medyaradar.net adresinin yanıt vermesi bekleniyor Bu web sitesi, kötü niyetli botlara karşı korunmak için bir güvenlik hizmeti kullanıyor.",browser_full_article,https://www.medyaradar.net/amp/bakan-bolattan-fon-iddialarina-hodri-meydan-cikisi-170-milyon-yapildiysa-bankalar-aciklasin-2251366,,,,,,,,il yok | ilçe yok | firma yok | faaliyet/tesis yok,,,,maps araması yapılmadı,,,87.65,194
2026-10-05 11:12:16,banka dolandırıcılığı,Banka / Finansal Kuruluş,Bankacılık dolandırıcılığı ve aldatma biçimleri giderek yapay zeka teknolojisiyle iç içe geçiyor.,Bankacılık dolandırıcılığı ve aldatma biçimleri giderek yapay zeka teknolojisiyle iç içe geçiyor. Vietnam.vn,https://news.google.com/rss/articles/CBMipAFBVV95cUxQUHJveU1uZVJxZ3RfRU9XQzlGc1pDZUxseXZJRTFBWWNEaFJIMlBBYk5xWjFHaGhFRHllN2psYkVqTlE0WXN4d0hKM2FNLW9IeXQ1UDkxUHMyRkh5RFBTT1lyZVd0a3BPZE5kRnVJOFE4cXAwU042RnhiVTRmejFhZUo5dEVqa2Y2TFg2VF83eG15RVF1N29vbkxySHZncXI3ZFZfYg?oc=5,"banka, bankacılık",finansal kuruluş,Bankacılık dolandırıcılığı ve aldatma biçimleri giderek yapay zeka teknolojisiyle iç içe geçiyor. Vietnam.vn,Bankacılık dolandırıcılığı ve aldatma biçimleri giderek yapay zeka teknolojisiyle iç içe geçiyor. Bankacılık dolandırıcılığı ve aldatma biçimleri giderek yapay zeka teknolojisiyle iç içe geçiyor. Vietnam.vn Bankacılık dolandırıcılığı ve aldatma biçimleri giderek yapay zeka teknolojisiyle iç içe geçiyor.,browser_failed,https://news.google.com/rss/articles/CBMipAFBVV95cUxQUHJveU1uZVJxZ3RfRU9XQzlGc1pDZUxseXZJRTFBWWNEaFJIMlBBYk5xWjFHaGhFRHllN2psYkVqTlE0WXN4d0hKM2FNLW9IeXQ1UDkxUHMyRkh5RFBTT1lyZVd0a3BPZE5kRnVJOFE4cXAwU042RnhiVTRmejFhZUo5dEVqa2Y2TFg2VF83eG15RVF1N29vbkxySHZncXI3ZFZfYg?oc=5&hl=tr&gl=TR&ceid=TR:tr,,,,,,,,il yok | ilçe yok | firma yok | faaliyet/tesis yok,,,,maps araması yapılmadı,,,82.58,195
2026-10-05 14:00:53,banka dolandırıcılığı,Banka / Finansal Kuruluş,"Kredi dolandırıcılığına karşı ortak model, yapay zekayı 5 banka eğitecek","Kredi dolandırıcılığına karşı ortak model, yapay zekayı 5 banka eğitecek Patronlar Dünyası",https://news.google.com/rss/articles/CBMipwFBVV95cUxNOURqM2tBVzdEQWxmcDlHLXl4RXNiTmFHQ3RuTkgzZXU0ajZvSXRubnhOakFZNjFHRkxWTVdZTUdFcHlXRl9oeU1xb09lbjJsbTRMMjJOMWZQNTVHMU9OWTFIOWZoQUpxcWlza2pEYTBPMjZCNk5QclY5SUhzWW4xTWFuN0JYUVRvRjVlTWtVRzk3RVhZMmVzLVZ3dElxTjI3cGNkQ3A0SQ?oc=5,banka,finansal kuruluş,"Kredi dolandırıcılığına karşı ortak model, yapay zekayı 5 banka eğitecek Türkiye'de beş banka, kredi başvurularındaki sahtecilik ve dolandırıcılığı tespit etmek için ortak bir yapay zekâ modelinin geliştirilmesine katkı sağlayacak. Ancak bankalar bunun için müşteri verilerini birbirleriyle paylaşmayacak. KKB ile Koç Üniversitesi-İş Bankası Yapay Zekâ Merkezi'nin projesinde kullanılacak federe öğrenme teknolojisi sayesinde veriler her bankanın kendi sisteminde kalacak. 05.10.2026 14:00 • Güncelleme: 05.10.2026 14:04 #Kredi dolandırıcılığı#yapay zeka#manşet Haberi paylaşın Yazı Boyutu: 16px 32px Yazdır Türkiye'de bankalar kredi başvurularındaki sahteciliğe karşı yapay zekâdan yararlanacak yeni bir ortak çalışma başlatıyor. Kredi Kayıt Bürosu (KKB) ile Koç Üniversitesi-İş Bankası Yapay Zekâ Merkezi (KUIS AI), Mahremiyet ve Veri Güvenliği Odaklı Federe Öğrenme ile Dolandırıcılık Tespiti projesi için iş birliği protokolü imzaladı. VERİLER BANKADAN ÇIKMAYACAK Projenin en dikkat çekici tarafı bankaların ellerindeki müşteri verilerini ortak bir havuzda toplamak zorunda kalmayacak olması. Kullanılacak “federe öğrenme” teknolojisinde veriler bankaların kendi sistemlerinde kalacak. Her banka kendi verileri üzerinden yapay zekâ modelini eğitecek ve elde edilen öğrenme ortak modele aktarılacak. Böylece sistem, beş bankanın deneyiminden yararlanırken ham müşteri ve işlem verilerinin kurum dışına çıkarılmaması hedefleniyor. GERÇEK BANKA VERİLERİYLE TEST EDİLECEK KKB koordinasyonunda yürütülecek çalışmada geliştirilen sistem gerçek banka verileriyle uçtan uca test edilecek. Modelin özellikle kredi başvurularındaki sahtecilik ve dolandırıcılık girişimlerini tespit etmedeki performansı ölçülecek. Projenin başarılı olması halinde aynı teknolojinin finans sektöründeki farklı analitik alanlarda da kullanılmasının önü açılabilecek. YAPAY ZEKÂ ARAŞTIRMACILARI DA PROJEDE Çalışmada Koç Üniversitesi-İş Bankası Yapay Zekâ Merkezi'ndeki öğrenci ve araştırmacılar da görev alacak. Projenin sonuçlarının akademik yayınlara dönüştürülmesi ve ulusal ve uluslararası konferanslarda paylaşılması planlanıyor. patronlardunyasi.com Dolar 49,343 0,11% Euro 55,3089 0,14% Sterlin 65,273 -0,04% Bitcoin 4.057.583 0,77% BİST-100 12.246,77 0,27% Gram Altın 6.630,744 1,23% Gümüş 60,27 1,84% Faiz 39,26 -0,25% Yazı Boyutu: 16px 32px Yazdır Türkiye'de bankalar kredi başvurularındaki sahteciliğe karşı yapay zekâdan yararlanacak yeni bir ortak çalışma başlatıyor. Kredi Kayıt Bürosu (KKB) ile Koç Üniversitesi-İş Bankası Yapay Zekâ Merkezi (KUIS AI), Mahremiyet ve Veri Güvenliği Odaklı Federe Öğrenme ile Dolandırıcılık Tespiti projesi için iş birliği protokolü imzaladı. VERİLER BANKADAN ÇIKMAYACAK Projenin en dikkat çekici tarafı bankaların ellerindeki müşteri verilerini ortak bir havuzda toplamak zorunda kalmayacak olması. Kullanılacak “federe öğrenme” teknolojisinde veriler bankaların kendi sistemlerinde kalacak. Her banka kendi verileri üzerinden yapay zekâ modelini eğitecek ve elde edilen öğrenme ortak modele aktarılacak. Böylece sistem, beş bankanın deneyiminden yararlanırken ham müşteri ve işlem verilerinin kurum dışına çıkarılmaması hedefleniyor. GERÇEK BANKA VERİLERİYLE TEST EDİLECEK KKB koordinasyonunda yürütülecek çalışmada geliştirilen sistem gerçek banka verileriyle uçtan uca test edilecek. Modelin özellikle kredi başvurularındaki sahtecilik ve dolandırıcılık girişimlerini tespit etmedeki performansı ölçülecek. Projenin başarılı olması halinde aynı teknolojinin finans sektöründeki farklı analitik alanlarda da kullanılmasının önü açılabilecek. YAPAY ZEKÂ ARAŞTIRMACILARI DA PROJEDE Çalışmada Koç Üniversitesi-İş Bankası Yapay Zekâ Merkezi'ndeki öğrenci ve araştırmacılar da görev alacak. Projenin sonuçlarının akademik yayınlara dönüştürülmesi ve ulusal ve uluslararası konferanslarda paylaşılması planlanıyor. patronlardunyasi.com Türkiye'de bankalar kredi başvurularındaki sahteciliğe karşı yapay zekâdan yararlanacak yeni bir ortak çalışma başlatıyor. Kredi Kayıt Bürosu (KKB) ile Koç Üniversitesi-İş Bankası Yapay Zekâ Merkezi (KUIS AI), Mahremiyet ve Veri Güvenliği Odaklı Federe Öğrenme ile Dolandırıcılık Tespiti projesi için iş birliği protokolü imzaladı. VERİLER BANKADAN ÇIKMAYACAK Projenin en dikkat çekici tarafı bankaların ellerindeki müşteri verilerini ortak bir havuzda toplamak zorunda kalmayacak olması. Kullanılacak “federe öğrenme” teknolojisinde veriler bankaların kendi sistemlerinde kalacak. Her banka kendi verileri üzerinden yapay zekâ modelini eğitecek ve elde edilen öğrenme ortak modele aktarılacak. Böylece sistem, beş bankanın deneyiminden yararlanırken ham müşteri ve işlem verilerinin kurum dışına çıkarılmaması hedefleniyor. GERÇEK BANKA VERİLERİYLE TEST EDİLECEK KKB koordinasyonunda yürütülecek çalışmada geliştirilen sistem gerçek banka verileriyle uçtan uca test edilecek. Modelin özellikle kredi başvurularındaki sahtecilik ve dolandırıcılık girişimlerini tespit etmedeki performansı ölçülecek. Projenin başarılı olması halinde aynı teknolojinin finans sektöründeki farklı analitik alanlarda da kullanılmasının önü açılabilecek. YAPAY ZEKÂ ARAŞTIRMACILARI DA PROJEDE Çalışmada Koç Üniversitesi-İş Bankası Yapay Zekâ Merkezi'ndeki öğrenci ve araştırmacılar da görev alacak. Projenin sonuçlarının akademik yayınlara dönüştürülmesi ve ulusal ve uluslararası konferanslarda paylaşılması planlanıyor. patronlardunyasi.com Kredi dolandırıcılığına karşı ortak model, yapay zekayı 5 banka eğitecek Türkiye'de beş banka, kredi başvurularındaki sahtecilik ve dolandırıcılığı tespit etmek için ortak bir yapay zekâ modelinin geliştirilmesine katkı sağlayacak. Ancak bankalar bunun için müşteri verilerini birbirleriyle paylaşmayacak. KKB ile Koç Üniversitesi-İş Bankası Yapay Zekâ Merkezi'nin projesinde kullanılacak federe öğrenme teknolojisi sayesinde veriler her bankanın kendi sisteminde kalacak. Türkiye'de bankalar kredi başvurularındaki sahteciliğe karşı yapay zekâdan yararlanacak yeni bir ortak çalışma başlatıyor. Kredi Kayıt Bürosu (KKB) ile Koç Üniversitesi-İş Bankası Yapay Zekâ Merkezi (KUIS AI), Mahremiyet ve Veri Güvenliği Odaklı Federe Öğrenme ile Dolandırıcılık Tespiti projesi için iş birliği protokolü imzaladı. VERİLER BANKADAN ÇIKMAYACAK Projenin en dikkat çekici tarafı bankaların ellerindeki müşteri verilerini ortak bir havuzda toplamak zorunda kalmayacak olması. Kullanılacak “federe öğrenme” teknolojisinde veriler bankaların kendi sistemlerinde kalacak. Her banka kendi verileri üzerinden yapay zekâ modelini eğitecek ve elde edilen öğrenme ortak modele aktarılacak. Böylece sistem, beş bankanın deneyiminden yararlanırken ham müşteri ve işlem verilerinin kurum dışına çıkarılmaması hedefleniyor. GERÇEK BANKA VERİLERİYLE TEST EDİLECEK KKB koordinasyonunda yürütülecek çalışmada geliştirilen sistem gerçek banka verileriyle uçtan uca test edilecek. Modelin özellikle kredi başvurularındaki sahtecilik ve dolandırıcılık girişimlerini tespit etmedeki performansı ölçülecek. Projenin başarılı olması halinde aynı teknolojinin finans sektöründeki farklı analitik alanlarda da kullanılmasının önü açılabilecek. YAPAY ZEKÂ ARAŞTIRMACILARI DA PROJEDE Çalışmada Koç Üniversitesi-İş Bankası Yapay Zekâ Merkezi'ndeki öğrenci ve araştırmacılar da görev alacak. Projenin sonuçlarının akademik yayınlara dönüştürülmesi ve ulusal ve uluslararası konferanslarda paylaşılması planlanıyor. Türkiye’nin en büyük moda perakende zincirlerinden DeFacto, 2 kadın markasını birden alıyor. Kubur kardeşlerin kurduğu, toplamda 36 mağazası bulunan Manuka ve Fresh Scarf, DeFacto’nun bünyesine geçiyor. ABD Başkan Yardımcısı JD Vance, ülkeye H-1B ve J-1 vize uygulamaları üzerinden nitelikli işçi alımında yapılan usulsüzlüklerin üzerine gideceklerini belirterek, programı en çok kötüye kullandığı tespit edilen Microsoft'un yabancı çalışanlarına yeşil kart (Green Card) sağlama hakkının askıya alındığını duyurdu.","Kredi dolandırıcılığına karşı ortak model, yapay zekayı 5 banka eğitecek Kredi dolandırıcılığına karşı ortak model, yapay zekayı 5 banka eğitecek Patronlar Dünyası Kredi dolandırıcılığına karşı ortak model, yapay zekayı 5 banka eğitecek Türkiye'de beş banka, kredi başvurularındaki sahtecilik ve dolandırıcılığı tespit etmek için ortak bir yapay zekâ modelinin geliştirilmesine katkı sağlayacak. KKB ile Koç Üniversitesi-İş Bankası Yapay Zekâ Merkezi'nin projesinde kullanılacak federe öğrenme teknolojisi sayesinde veriler her bankanın kendi sisteminde kalacak. 05.10.2026 14:00 • Güncelleme: 05.10.2026 14:04 #Kredi dolandırıcılığı#yapay zeka#manşet Haberi paylaşın Yazı Boyutu: 16px 32px Yazdır Türkiye'de bankalar kredi başvurularındaki sahteciliğe karşı yapay zekâdan yararlanacak yeni bir ortak çalışma başlatıyor. Kredi Kayıt Bürosu (KKB) ile Koç Üniversitesi-İş Bankası Yapay Zekâ Merkezi (KUIS AI), Mahremiyet ve Veri Güvenliği Odaklı Federe Öğrenme ile Dolandırıcılık Tespiti projesi için iş birliği protokolü imzaladı. VERİLER BANKADAN ÇIKMAYACAK Projenin en dikkat çekici tarafı bankaların ellerindeki müşteri verilerini ortak bir havuzda toplamak zorunda kalmayacak olması. Her banka kendi verileri üzerinden yapay zekâ modelini eğitecek ve elde edilen öğrenme ortak modele aktarılacak. Böylece sistem, beş bankanın deneyiminden yararlanırken ham müşteri ve işlem verilerinin kurum dışına çıkarılmaması hedefleniyor. GERÇEK BANKA VERİLERİYLE TEST EDİLECEK KKB koordinasyonunda yürütülecek çalışmada geliştirilen sistem gerçek banka verileriyle uçtan uca test edilecek. Modelin özellikle kredi başvurularındaki sahtecilik ve dolandırıcılık girişimlerini tespit etmedeki performansı ölçülecek. Projenin başarılı olması halinde aynı teknolojinin finans sektöründeki farklı analitik alanlarda da kullanılmasının önü açılabilecek. YAPAY ZEKÂ ARAŞTIRMACILARI DA PROJEDE Çalışmada Koç Üniversitesi-İş Bankası Yapay Zekâ Merkezi'ndeki öğrenci ve araştırmacılar da görev alacak. patronlardunyasi.com Dolar 49,343 0,11% Euro 55,3089 0,14% Sterlin 65,273 -0,04% Bitcoin 4.057.583 0,77% BİST-100 12.246,77 0,27% Gram Altın 6.630,744 1,23% Gümüş 60,27 1,84% Faiz 39,26 -0,25% Yazı Boyutu: 16px 32px Yazdır Türkiye'de bankalar kredi başvurularındaki sahteciliğe karşı yapay zekâdan yararlanacak yeni bir ortak çalışma başlatıyor. patronlardunyasi.com Türkiye'de bankalar kredi başvurularındaki sahteciliğe karşı yapay zekâdan yararlanacak yeni bir ortak çalışma başlatıyor. patronlardunyasi.com Kredi dolandırıcılığına karşı ortak model, yapay zekayı 5 banka eğitecek Türkiye'de beş banka, kredi başvurularındaki sahtecilik ve dolandırıcılığı tespit etmek için ortak bir yapay zekâ modelinin geliştirilmesine katkı sağlayacak. Türkiye'de bankalar kredi başvurularındaki sahteciliğe karşı yapay zekâdan yararlanacak yeni bir ortak çalışma başlatıyor. Türkiye’nin en büyük moda perakende zincirlerinden DeFacto, 2 kadın markasını birden alıyor. Kubur kardeşlerin kurduğu, toplamda 36 mağazası bulunan Manuka ve Fresh Scarf, DeFacto’nun bünyesine geçiyor. ABD Başkan Yardımcısı JD Vance, ülkeye H-1B ve J-1 vize uygulamaları üzerinden nitelikli işçi alımında yapılan usulsüzlüklerin üzerine gideceklerini belirterek, programı en çok kötüye kullandığı tespit edilen Microsoft'un yabancı çalışanlarına yeşil kart (Green Card) sağlama hakkının askıya alındığını duyurdu.",browser_full_article_dom,https://news.google.com/rss/articles/CBMipwFBVV95cUxNOURqM2tBVzdEQWxmcDlHLXl4RXNiTmFHQ3RuTkgzZXU0ajZvSXRubnhOakFZNjFHRkxWTVdZTUdFcHlXRl9oeU1xb09lbjJsbTRMMjJOMWZQNTVHMU9OWTFIOWZoQUpxcWlza2pEYTBPMjZCNk5QclY5SUhzWW4xTWFuN0JYUVRvRjVlTWtVRzk3RVhZMmVzLVZ3dElxTjI3cGNkQ3A0SQ?oc=5&hl=tr&gl=TR&ceid=TR:tr,,,,,,,,il yok | ilçe yok | firma yok | faaliyet/tesis yok,,,,maps araması yapılmadı,,,79.5,196
2026-10-07 09:54:00,banka dolandırıcılığı,Banka / Finansal Kuruluş,Araç sahipleri dikkat! Bankadan gelen bu bildirimi onaylayan parasını kaybediyor,Araç sahipleri dikkat! Bankadan gelen bu bildirimi onaylayan parasını kaybediyor GZT,https://news.google.com/rss/articles/CBMi5wFBVV95cUxNcFNEQVlGci1abHp4SnM0ZmJFMlpXLVA5RXc4NnozZTktMllnZWlXUFA3VG13Y1otODJyNVdSdERrV09IWGhUQ3FQM0J5RHZXNlh4NmtrZWg0dmUwQ3VfYjZjSXhxRlFHVGxaZ1VWUC1tWlZ1SnY5UnAxdFJPWlJRN0pVUUZsVERLY3ZoVWRTX0RNcXNOYzFXSVNNM01vX0Y0MHk4UEktLWx6U2JxVGlqbFFFLWRteDVQX1JNTkRuSXN3RG9ad0V2bURYb1dqLUE3VlRTMU1KWDM5bl9sZ3BRRE1QdFQwVlk?oc=5,banka,finansal kuruluş,Araç sahipleri dikkat! Bankadan gelen bu bildirimi onaylayan parasını kaybediyor GZT,Araç sahipleri dikkat! Bankadan gelen bu bildirimi onaylayan parasını kaybediyor Araç sahipleri dikkat! Bankadan gelen bu bildirimi onaylayan parasını kaybediyor GZT Bankadan gelen bu bildirimi onaylayan parasını kaybediyor GZT,browser_failed,https://news.google.com/rss/articles/CBMi5wFBVV95cUxNcFNEQVlGci1abHp4SnM0ZmJFMlpXLVA5RXc4NnozZTktMllnZWlXUFA3VG13Y1otODJyNVdSdERrV09IWGhUQ3FQM0J5RHZXNlh4NmtrZWg0dmUwQ3VfYjZjSXhxRlFHVGxaZ1VWUC1tWlZ1SnY5UnAxdFJPWlJRN0pVUUZsVERLY3ZoVWRTX0RNcXNOYzFXSVNNM01vX0Y0MHk4UEktLWx6U2JxVGlqbFFFLWRteDVQX1JNTkRuSXN3RG9ad0V2bURYb1dqLUE3VlRTMU1KWDM5bl9sZ3BRRE1QdFQwVlk?oc=5&hl=tr&gl=TR&ceid=TR:tr,,,,,,,,il yok | ilçe yok | firma yok | faaliyet/tesis yok,,,,maps araması yapılmadı,,,67.84,197
2026-10-05 03:10:18,banka dolandırıcılığı,Dolandırıcılık / Sahtecilik,Konaklama tesislerini ve turistleri hedef alan dolandırıcılık yöntemlerine karşı dikkatli olun.,Konaklama tesislerini ve turistleri hedef alan dolandırıcılık yöntemlerine karşı dikkatli olun. Vietnam.vn,https://news.google.com/rss/articles/CBMinAFBVV95cUxNU1d4UGpTVkdFaHVrcUxaU3Zjb3VCMGYwQVVBdHVtdzVqNmZ0X2VaZkNsYlJfam5yTHhRNE1KS0p5WnVueEE1MDFaTXlrYUZ1Sk14UkdjbldDWTVxVExYbTg5MG4zUlNqWmVJQjdkNEVkbDdueGNxV19oYXNzVFhuc2xDSkd3bkYyTWhGVDlrbkFrZF84SGRNcWh3RzE?oc=5,tesis,,Konaklama tesislerini ve turistleri hedef alan dolandırıcılık yöntemlerine karşı dikkatli olun. Vietnam.vn,Konaklama tesislerini ve turistleri hedef alan dolandırıcılık yöntemlerine karşı dikkatli olun. Konaklama tesislerini ve turistleri hedef alan dolandırıcılık yöntemlerine karşı dikkatli olun. Vietnam.vn Konaklama tesislerini ve turistleri hedef alan dolandırıcılık yöntemlerine karşı dikkatli olun.,browser_failed,https://news.google.com/rss/articles/CBMinAFBVV95cUxNU1d4UGpTVkdFaHVrcUxaU3Zjb3VCMGYwQVVBdHVtdzVqNmZ0X2VaZkNsYlJfam5yTHhRNE1KS0p5WnVueEE1MDFaTXlrYUZ1Sk14UkdjbldDWTVxVExYbTg5MG4zUlNqWmVJQjdkNEVkbDdueGNxV19oYXNzVFhuc2xDSkd3bkYyTWhGVDlrbkFrZF84SGRNcWh3RzE?oc=5&hl=tr&gl=TR&ceid=TR:tr,,,,,,,,il yok | ilçe yok | firma yok | faaliyet/tesis yok,,,,maps araması yapılmadı,,,91.06,198
2026-10-08 20:26:17,banka dolandırıcılığı,Banka / Finansal Kuruluş,"Güney Kore, banka siber saldırısında yer alan 28 IP adresini tespit etti.","Güney Kore, banka siber saldırısında yer alan 28 IP adresini tespit etti. Vietnam.vn",https://news.google.com/rss/articles/CBMiiAFBVV95cUxOOFo5ejdZSWZYWlVqaFhVcjRqNWdjbEUwUHFfQmQxYWdmSlRIdFA5NlU5TkdrS1pISzVERm10SzUyM2QxeHE4T1hPVmt3MFJ3cElaTzBzcGtmN2w2VzdYZ1lyM1FyTDRENDMzaS1SUGI0SkM1YzhlTk0tSWw2eEQ3SmxyRm1oLUlh?oc=5,banka,finansal kuruluş,"VTV.vn - Güney Kore, yapay zeka araçlarını kullanarak finans kurumlarına sızan bilgisayar korsanlarının sayısındaki artışın ortasında, bankaları hedef alan saldırılarla bağlantılı 28 IP adresini tespit etti. VTV.vn - Güney Kore, yapay zeka araçlarını kullanarak finans kurumlarına sızan bilgisayar korsanlarının sayısındaki artışın ortasında, bankaları hedef alan saldırılarla bağlantılı 28 IP adresini tespit etti. VTV.vn - Güney Kore, yapay zeka araçlarını kullanarak finans kurumlarına sızan bilgisayar korsanlarının sayısındaki artışın ortasında, bankaları hedef alan saldırılarla bağlantılı 28 IP adresini tespit etti. Vietnam.vn'i takip et G o o g l e Vietnam.vn'i ekle G o o g l e 0 Örnek görsel. Güney Kore, büyük ticari bankaları hedef alan siber saldırılarda kullanılan 28 IP adresini tespit etti ve bu adreslerin çeşitli dijital bankalara erişim girişiminde bulunduğunu da ortaya çıkardı. Bunlar da ilginizi çekebilir K Bank, Temmuz ve Eylül aylarında bu IP adreslerinden dört erişim girişimi kaydetti. KakaoBank'a da Ocak ve Mart aylarında erişim sağlandı; bunlardan biri sistemdeki güvenlik açıklarını araştırmak amacıyla yapıldı. Toss Bank, Ocak ve Ağustos ayları arasında 10'dan fazla erişim girişimi kaydetti, ancak bunların hepsi engellendi ve herhangi bir kişisel veri sızıntısı tespit edilmedi. Güney Kore'nin finansal denetleme kurumu, çalınan verilerin telefonla yapılan kredi dolandırıcılığı ve kimlik hırsızlığı için kullanılmaya devam edebileceği konusunda uyardı. Bunlar da ilginizi çekebilir Bu arada, Amerikan siber güvenlik firması CrowdStrike, kimliği belirsiz bir bilgisayar korsanının yapay zeka destekli siber saldırı araçları kullanarak Güney Kore'deki çeşitli finans kurumlarına sızdığını ve veri çaldığını açıkladı. Kaynak: https://vtv.vn/han-quoc-xac-dinh-28-dia-chi-ip-tan-cong-mang-ngan-hang-100261008161902296.htm Vietnam.vn'i takip et G o o g l e Vietnam.vn'i ekle G o o g l e 0 Yorum ( 0 ) En popüler En yeni Duygularınızı","Güney Kore, banka siber saldırısında yer alan 28 IP adresini tespit etti. Güney Kore, banka siber saldırısında yer alan 28 IP adresini tespit etti. Vietnam.vn VTV.vn - Güney Kore, yapay zeka araçlarını kullanarak finans kurumlarına sızan bilgisayar korsanlarının sayısındaki artışın ortasında, bankaları hedef alan saldırılarla bağlantılı 28 IP adresini tespit etti. Vietnam.vn'i takip et G o o g l e Vietnam.vn'i ekle G o o g l e 0 Örnek görsel. Güney Kore, büyük ticari bankaları hedef alan siber saldırılarda kullanılan 28 IP adresini tespit etti ve bu adreslerin çeşitli dijital bankalara erişim girişiminde bulunduğunu da ortaya çıkardı.",browser_full_article,https://www.vietnam.vn/tr/han-quoc-xac-dinh-28-dia-chi-ip-tan-cong-mang-ngan-hang,,,,,,,,il yok | ilçe yok | firma yok | faaliyet/tesis yok,,,,maps araması yapılmadı,,,78.5,199
2026-10-04 17:40:21,banka dolandırıcılığı,Banka / Finansal Kuruluş,Revolut 80 Milyon Müşteriye Ulaştı Ama Müşteri Başına Gelirde Bankaların Gerisinde,Revolut 80 Milyon Müşteriye Ulaştı Ama Müşteri Başına Gelirde Bankaların Gerisinde Banka Dünyası,https://news.google.com/rss/articles/CBMifEFVX3lxTE9HamladEJsRFBqSEhDOUdKQWc1M3RBR1ctYjZEYzZaQVFKVFl3VGstbnZVWXFuMVh2aWJnS2hqaGx2N0d0WE1GZGpoTGpIQl81eDF3bW1reHBaSXZVNkd6aVAwVHBSd0hYUmdTeG5sbzZUVkplNXJmbnVIVk0?oc=5,banka,finansal kuruluş,"Revolut 115 milyar dolar değerleme ve 80 milyon müşteriyle Avrupa'nın en değerli girişimi oldu. Müşteri başına gelir ve kredi bankaların gerisinde. Revolut 115 milyar dolar değerleme ve 80 milyon müşteriyle Avrupa'nın en değerli girişimi oldu. Müşteri başına gelir ve kredi bankaların gerisinde. Revolut 115 milyar dolar değerleme ve 80 milyon müşteriyle Avrupa'nın en değerli girişimi oldu. Müşteri başına gelir ve kredi bankaların gerisinde. Revolut 80 Milyon Müşteriye Ulaştı Ama Müşteri Başına Gelirde Bankaların Gerisinde bankadunyasi tarafından 4 Ekim 2026 4 Ekim 2026 tarihinde düzenlendi 95 kez okundu Okuma süresi: 5dk, 55sn + - Dinle 0 Haberi ilk siz duyun Banka Dünyası'nı size en uygun kanaldan takip edin. Telegram Haberler anında bildirim olarak gelsin Katıl WhatsApp Önemli gelişmeler telefonunuzda Katıl Instagram Görsel özetler ve detayları X Gündem ve başlıklar Facebook Haberler akışınızda LinkedIn Sektörel gelişmeler Banka Dünyası'nı Google'da tercih edilen kaynağınız yapın! + İngiltere merkezli finansal teknoloji şirketi Revolut , kuruluşunun yaklaşık 10. yılında 115 milyar dolarlık değerlemeyle Avrupa’nın en değerli girişimi haline geldi ve 80 milyon müşteriye ulaştı. Ancak Reuters’ın şirketin finansal verileri üzerinde yaptığı analiz, bu hızlı büyümenin arkasında önemli zayıflıklar bulunduğunu ortaya koyuyor: Revolut’un müşteri başına elde ettiği gelir ve kredi hacmi, geleneksel bankaların oldukça gerisinde kalıyor. Daha düşük döviz işlemi ücretleri vaadiyle yola çıkan şirket, bugün yüzyıllık bankacılık devlerine meydan okuyan bir konuma yükseldi. Reuters, şirketin yükselişini ve karşılaştığı zorlukları beş başlık altında inceledi. Revolut, Barclays ve Societe Generale’den Daha Değerli Özel piyasada 115 milyar dolar değer biçilen fintech devi, yatırımcıların teknoloji platformunun dünya genelinde daha fazla müşteriye ulaşacağı beklentisiyle İngiltere’nin Barclays ve Fransa’nın Societe Generale bankalarından daha yüksek bir değerlemeye ulaştı. Şirketin bu değerlemeye ulaşmasına ilişkin ayrıntılar için Revolut dünyanın en değerli fintech’i oldu haberimize göz atabilirsiniz. Şirket 2025’te 1,7 milyar sterlin (2,2 milyar dolar) vergi öncesi kâr açıkladı. Bu rakam Barclays’in 9 milyar sterlinlik kârının oldukça altında kalsa da şirket çok daha hızlı büyüyor. Portekiz’in en büyük bankası Caixa Geral de Depósitos’un CEO’su Paulo Macedo da haziranda, 150 yıllık bankanın Revolut’tan daha fazla kâr elde edeceği son yılın 2025 olduğunu söylemişti. S&P Global Ratings Direktörü Cihan Duran ise Avrupa’daki banka CEO’larının, agresif pazarlama stratejisi ve hızlı büyümesi nedeniyle bu dijital bankayı en önemli tehdit olarak gördüğünü ifade etti. Hedef: Gerçek Anlamda Küresel Bir Banka Revolut CEO’su Nik Storonsky, Meksika’dan Avustralya’ya uzanan pazarlara açılarak şirketi gerçek anlamda küresel bir bankaya dönüştürmek istediğini vurguladı. Son haftalarda birkaç yeni lisans alan şirket, dünyanın çok geniş bir bölümünde bireysel bankacılık hizmeti sunan az sayıdaki bankadan biri olmayı hedefliyor. Bu hedef, HSBC gibi küresel ölçekte faaliyet gösteren bazı geleneksel bankaların bireysel bankacılık operasyonlarını küçülttüğü bir döneme denk geliyor. 80 Milyon Müşteriyle JPMorgan’a Yaklaştı Şirketin büyümesinin en dikkat çekici göstergesi müşteri sayısındaki artış. Revolut’un internet sitesinde belirttiği 80 milyon müşteri, JPMorgan’ın 84 milyon müşterisine yaklaşırken HSBC’nin 41 milyon müşterisinin neredeyse iki katına karşılık geliyor. Şirket, İrlanda’da yetişkin nüfusun yüzde 80’inin kendi hesabına sahip olduğunu da açıkladı. Müşteri Başına Gelir ve Kredi Hacmi Düşük Reuters’ın analizine göre şirket, geleneksel bankalara kıyasla müşteri başına çok daha az gelir elde ediyor ve müşterilerinin ortalama mevduat bakiyeleri de daha düşük. Bunun başlıca nedenlerinden biri, şirketin çok daha az kredi kullandırması. Şirket gelirini daha çok kart abonelikleri gibi ücretlerden elde ediyor. Kredi tarafındaki farkı en iyi kredi/mevduat oranı gösteriyor. Bu oran, bankanın topladığı mevduatın ne kadarını krediye dönüştürdüğünü ifade ediyor. Geleneksel bankalar gelirlerinin büyük bölümünü kredilerden elde ettikleri faiz ile mevduata ödedikleri faiz arasındaki farktan, yani net faiz gelirinden kazanıyor. Mevduatın küçük bir kısmını krediye dönüştüren bir banka ise bu gelir kaynağından sınırlı ölçüde yararlanabiliyor. Karşılaştırma şöyle: Revolut: yüzde 6 (2025 sonu itibarıyla 2,2 milyar sterlinlik kredi portföyü) HSBC : yüzde 55 Societe Generale: yüzde 86 Revolut sözcüsü ise şirketin “çeşitlendirilmiş bir iş modeline” sahip olduğunu, gelirini kredi vermekten çok çeşitli ürün ve hizmetlerden elde ettiğini belirtti. Sözcüye göre bu nedenle şirketin büyümesi faiz oranlarına değil, müşterilerin değer verdiği ürünler geliştirmesine bağlı. Analistler ve yatırımcılar ise kredi faaliyetlerinin büyütülmesinin, büyük ve karmaşık kredi risklerinin yönetilmesi gibi yeni riskler getireceğini, yerel mortgage piyasalarında geleneksel bankalarla rekabet etmenin de kolay olmayacağını vurguluyor. Ana Banka Olarak Kullanım Yetersiz Kullanımı kolay uygulaması sayesinde çok sayıda müşteri çeken şirketin yöneticileri, müşterilerin yeterince büyük bir bölümünün şirketi ana banka hesabı olarak kullanmadığını kabul ediyor. Şirket, son finansal sonuçlarında bu sayıya ilişkin kesin bir rakam paylaşmasa da 2025’te ana hesap olarak kullanan müşteri sayısının bir önceki yıla göre yüzde 45 arttığını açıkladı. Andreessen Horowitz (a16z) yatırımcısı Alex Immerman da Reuters’a, bu oranı ve toplam müşteri bakiyelerini yakından takip ettiklerini söyledi. Bir bankanın ana hesap olarak kullanılması, maaşın o hesaba yatırılması, faturaların oradan ödenmesi ve birikimlerin orada tutulması anlamına geldiği için müşteri başına geliri doğrudan artıran en önemli unsurlardan biri olarak görülüyor. ABD Rekabeti, Cezalar ve Şikayetler Yatırımcılar, şirketin geçici lisansa sahip olduğu ABD’de daha sert bir rekabetle karşılaşacağını düşünüyor. Şirkete değerlemesi henüz 5,5 milyar dolarken yatırım yapan London Technology Club’ın CEO’su Konstantin Sidorov, ABD’nin şirket için potansiyel olarak en büyük büyüme alanı olabileceğini ancak aynı zamanda dünyanın en rekabetçi pazarı olduğunu belirtti. ABD’de JPMorgan ve Bank of America gibi dev bankaların yanı sıra çok sayıda dijital banka ve fintech şirketi faaliyet gösteriyor. Şirketin karşılaştığı sorunlar arasında, kara para aklamayı önlemeye yönelik yükümlülükleri yerine getirememesi nedeniyle Litvanya’da aldığı para cezası da bulunuyor. Şirket, soruşturmada doğrulanmış bir kara para aklama vakasına rastlanmadığını, merkez bankasıyla uzlaştığını ve eksiklikleri gidermek için adımlar attığını açıkladı. Revolut ayrıca eylülde, kendilerini hükümet müfettişi olarak tanıtan bilgisayar korsanlarına yanlışlıkla müşteri verileri gönderdi; şirket, sistemlerinin ve müşteri fonlarının etkilenmediğini belirtti. Olayın ayrıntıları için Revolut’ta veri sızıntısı haberimize göz atabilirsiniz. Tüketici kuruluşu Which?’in derlediği Ombudsman verilerine göre Revolut, 2024 ve 2025’te müşterilerin dolandırıcıların yönlendirmesiyle para göndermeye ikna edildiği vakalarda İngiltere’de hakkında en fazla şikayet yapılan banka oldu. Şirket ise dolandırıcılığı son derece ciddiye aldığını ve müşterilerini korumak için güçlü mekanizmalara sahip olduğunu daha önce açıklamıştı. Avrupa’daki dijital bankalara ilişkin bir diğer gelişme için Monzo ve Nubank görüşmeleri haberimizi inceleyebilirsiniz. Alkışlıyorum 0 Eğlendim 0 Beğendim 0 Beğenmedim 0 Düşünceliyim 0 Çok Kızdım 0 Etiketler banka banka dünyası bankacılık dijital bankacılık fintech neobank revolut bankadunyasi Yazarın Profili 9 Ekim 2026 79 Fon Soruşturması: 214 Kişinin 187,6 Milyar Liralık Kazancı İnceleniyor, TMSF Bildirim Göndermeye Başladı 8 Ekim 2026 75 Güney Kore’de Bankalara Yapay Zeka Destekli Siber Saldırı: En Az 7 Finans Kuruluşu Etkilendi 8 Ekim 2026 80 TCMB Başkan Yardımcısı Hatice Karahan: Merkez Bankaları Yapay Zekanın Avantajlarından Faydalanmalı 8 Ekim 2026 884 Destek Finans Faktoring şirketine kayyum atandı 8 Ekim 2026 267 Bankalarda Mevduat Bir Haftada 310 Milyar TL Eridi: Takipteki Alacaklar 914 Milyar TL’ye Çıktı 8 Ekim 2026 48 TÜİK Açıkladı: Eylülde En Çok Kazandıran Yatırım Aracı Hangisi Oldu? Revolut 80 Milyon Müşteriye Ulaştı Ama Müşteri Başına Gelirde Bankaların Gerisinde bankadunyasi tarafından 4 Ekim 2026 4 Ekim 2026 tarihinde düzenlendi 95 kez okundu Okuma süresi: 5dk, 55sn + - Dinle 0 Haberi ilk siz duyun Banka Dünyası'nı size en uygun kanaldan takip edin. Telegram Haberler anında bildirim olarak gelsin Katıl WhatsApp Önemli gelişmeler telefonunuzda Katıl Instagram Görsel özetler ve detayları X Gündem ve başlıklar Facebook Haberler akışınızda LinkedIn Sektörel gelişmeler Banka Dünyası'nı Google'da tercih edilen kaynağınız yapın! + İngiltere merkezli finansal teknoloji şirketi Revolut , kuruluşunun yaklaşık 10. yılında 115 milyar dolarlık değerlemeyle Avrupa’nın en değerli girişimi haline geldi ve 80 milyon müşteriye ulaştı. Ancak Reuters’ın şirketin finansal verileri üzerinde yaptığı analiz, bu hızlı büyümenin arkasında önemli zayıflıklar bulunduğunu ortaya koyuyor: Revolut’un müşteri başına elde ettiği gelir ve kredi hacmi, geleneksel bankaların oldukça gerisinde kalıyor. Daha düşük döviz işlemi ücretleri vaadiyle yola çıkan şirket, bugün yüzyıllık bankacılık devlerine meydan okuyan bir konuma yükseldi. Reuters, şirketin yükselişini ve karşılaştığı zorlukları beş başlık altında inceledi. Revolut, Barclays ve Societe Generale’den Daha Değerli Özel piyasada 115 milyar dolar değer biçilen fintech devi, yatırımcıların teknoloji platformunun dünya genelinde daha fazla müşteriye ulaşacağı beklentisiyle İngiltere’nin Barclays ve Fransa’nın Societe Generale bankalarından daha yüksek bir değerlemeye ulaştı. Şirketin bu değerlemeye ulaşmasına ilişkin ayrıntılar için Revolut dünyanın en değerli fintech’i oldu haberimize göz atabilirsiniz. Şirket 2025’te 1,7 milyar sterlin (2,2 milyar dolar) vergi öncesi kâr açıkladı. Bu rakam Barclays’in 9 milyar sterlinlik kârının oldukça altında kalsa da şirket çok daha hızlı büyüyor. Portekiz’in en büyük bankası Caixa Geral de Depósitos’un CEO’su Paulo Macedo da haziranda, 150 yıllık bankanın Revolut’tan daha fazla kâr elde edeceği son yılın 2025 olduğunu söylemişti. S&P Global Ratings Direktörü Cihan Duran ise Avrupa’daki banka CEO’larının, agresif pazarlama stratejisi ve hızlı büyümesi nedeniyle bu dijital bankayı en önemli tehdit olarak gördüğünü ifade etti. Hedef: Gerçek Anlamda Küresel Bir Banka Revolut CEO’su Nik Storonsky, Meksika’dan Avustralya’ya uzanan pazarlara açılarak şirketi gerçek anlamda küresel bir bankaya dönüştürmek istediğini vurguladı. Son haftalarda birkaç yeni lisans alan şirket, dünyanın çok geniş bir bölümünde bireysel bankacılık hizmeti sunan az sayıdaki bankadan biri olmayı hedefliyor. Bu hedef, HSBC gibi küresel ölçekte faaliyet gösteren bazı geleneksel bankaların bireysel bankacılık operasyonlarını küçülttüğü bir döneme denk geliyor. 80 Milyon Müşteriyle JPMorgan’a Yaklaştı Şirketin büyümesinin en dikkat çekici göstergesi müşteri sayısındaki artış. Revolut’un internet sitesinde belirttiği 80 milyon müşteri, JPMorgan’ın 84 milyon müşterisine yaklaşırken HSBC’nin 41 milyon müşterisinin neredeyse iki katına karşılık geliyor. Şirket, İrlanda’da yetişkin nüfusun yüzde 80’inin kendi hesabına sahip olduğunu da açıkladı. Müşteri Başına Gelir ve Kredi Hacmi Düşük Reuters’ın analizine göre şirket, geleneksel bankalara kıyasla müşteri başına çok daha az gelir elde ediyor ve müşterilerinin ortalama mevduat bakiyeleri de daha düşük. Bunun başlıca nedenlerinden biri, şirketin çok daha az kredi kullandırması. Şirket gelirini daha çok kart abonelikleri gibi ücretlerden elde ediyor. Kredi tarafındaki farkı en iyi kredi/mevduat oranı gösteriyor. Bu oran, bankanın topladığı mevduatın ne kadarını krediye dönüştürdüğünü ifade ediyor. Geleneksel bankalar gelirlerinin büyük bölümünü kredilerden elde ettikleri faiz ile mevduata ödedikleri faiz arasındaki farktan, yani net faiz gelirinden kazanıyor. Mevduatın küçük bir kısmını krediye dönüştüren bir banka ise bu gelir kaynağından sınırlı ölçüde yararlanabiliyor. Karşılaştırma şöyle: Revolut: yüzde 6 (2025 sonu itibarıyla 2,2 milyar sterlinlik kredi portföyü) HSBC : yüzde 55 Societe Generale: yüzde 86 Revolut sözcüsü ise şirketin “çeşitlendirilmiş bir iş modeline” sahip olduğunu, gelirini kredi vermekten çok çeşitli ürün ve hizmetlerden elde ettiğini belirtti. Sözcüye göre bu nedenle şirketin büyümesi faiz oranlarına değil, müşterilerin değer verdiği ürünler geliştirmesine bağlı. Analistler ve yatırımcılar ise kredi faaliyetlerinin büyütülmesinin, büyük ve karmaşık kredi risklerinin yönetilmesi gibi yeni riskler getireceğini, yerel mortgage piyasalarında geleneksel bankalarla rekabet etmenin de kolay olmayacağını vurguluyor. Ana Banka Olarak Kullanım Yetersiz Kullanımı kolay uygulaması sayesinde çok sayıda müşteri çeken şirketin yöneticileri, müşterilerin yeterince büyük bir bölümünün şirketi ana banka hesabı olarak kullanmadığını kabul ediyor. Şirket, son finansal sonuçlarında bu sayıya ilişkin kesin bir rakam paylaşmasa da 2025’te ana hesap olarak kullanan müşteri sayısının bir önceki yıla göre yüzde 45 arttığını açıkladı. Andreessen Horowitz (a16z) yatırımcısı Alex Immerman da Reuters’a, bu oranı ve toplam müşteri bakiyelerini yakından takip ettiklerini söyledi. Bir bankanın ana hesap olarak kullanılması, maaşın o hesaba yatırılması, faturaların oradan ödenmesi ve birikimlerin orada tutulması anlamına geldiği için müşteri başına geliri doğrudan artıran en önemli unsurlardan biri olarak görülüyor. ABD Rekabeti, Cezalar ve Şikayetler Yatırımcılar, şirketin geçici lisansa sahip olduğu ABD’de daha sert bir rekabetle karşılaşacağını düşünüyor. Şirkete değerlemesi henüz 5,5 milyar dolarken yatırım yapan London Technology Club’ın CEO’su Konstantin Sidorov, ABD’nin şirket için potansiyel olarak en büyük büyüme alanı olabileceğini ancak aynı zamanda dünyanın en rekabetçi pazarı olduğunu belirtti. ABD’de JPMorgan ve Bank of America gibi dev bankaların yanı sıra çok sayıda dijital banka ve fintech şirketi faaliyet gösteriyor. Şirketin karşılaştığı sorunlar arasında, kara para aklamayı önlemeye yönelik yükümlülükleri yerine getirememesi nedeniyle Litvanya’da aldığı para cezası da bulunuyor. Şirket, soruşturmada doğrulanmış bir kara para aklama vakasına rastlanmadığını, merkez bankasıyla uzlaştığını ve eksiklikleri gidermek için adımlar attığını açıkladı. Revolut ayrıca eylülde, kendilerini hükümet müfettişi olarak tanıtan bilgisayar korsanlarına yanlışlıkla müşteri verileri gönderdi; şirket, sistemlerinin ve müşteri fonlarının etkilenmediğini belirtti. Olayın ayrıntıları için Revolut’ta veri sızıntısı haberimize göz atabilirsiniz. Tüketici kuruluşu Which?’in derlediği Ombudsman verilerine göre Revolut, 2024 ve 2025’te müşterilerin dolandırıcıların yönlendirmesiyle para göndermeye ikna edildiği vakalarda İngiltere’de hakkında en fazla şikayet yapılan banka oldu. Şirket ise dolandırıcılığı son derece ciddiye aldığını ve müşterilerini korumak için güçlü mekanizmalara sahip olduğunu daha önce açıklamıştı. Avrupa’daki dijital bankalara ilişkin bir diğer gelişme için Monzo ve Nubank görüşmeleri haberimizi inceleyebilirsiniz. Alkışlıyorum 0 Eğlendim 0 Beğendim 0 Beğenmedim 0 Düşünceliyim 0 Çok Kızdım 0 Etiketler banka banka dünyası bankacılık dijital bankacılık fintech neobank revolut bankadunyasi Yazarın Profili İlginizi Çekebilir Bitcoin Merkez Bankası rezervlerine giriyor 29 Ocak 2025 Benzer Yazılar 9 Ekim 2026 79 Fon Soruşturması: 214 Kişinin 187,6 Milyar Liralık Kazancı İnceleniyor, TMSF Bildirim Göndermeye Başladı 8 Ekim 2026 75 Güney Kore’de Bankalara Yapay Zeka Destekli Siber Saldırı: En Az 7 Finans Kuruluşu Etkilendi 8 Ekim 2026 80 TCMB Başkan Yardımcısı Hatice Karahan: Merkez Bankaları Yapay Zekanın Avantajlarından Faydalanmalı 8 Ekim 2026 884 Destek Finans Faktoring şirketine kayyum atandı 8 Ekim 2026 267 Bankalarda Mevduat Bir Haftada 310 Milyar TL Eridi: Takipteki Alacaklar 914 Milyar TL’ye Çıktı 8 Ekim 2026 48 TÜİK Açıkladı: Eylülde En Çok Kazandıran Yatırım Aracı Hangisi Oldu? Yorumları Gös","Revolut 80 Milyon Müşteriye Ulaştı Ama Müşteri Başına Gelirde Bankaların Gerisinde Revolut 80 Milyon Müşteriye Ulaştı Ama Müşteri Başına Gelirde Bankaların Gerisinde Banka Dünyası Revolut 115 milyar dolar değerleme ve 80 milyon müşteriyle Avrupa'nın en değerli girişimi oldu. Müşteri başına gelir ve kredi bankaların gerisinde. Revolut 80 Milyon Müşteriye Ulaştı Ama Müşteri Başına Gelirde Bankaların Gerisinde bankadunyasi tarafından 4 Ekim 2026 4 Ekim 2026 tarihinde düzenlendi 95 kez okundu Okuma süresi: 5dk, 55sn + - Dinle 0 Haberi ilk siz duyun Banka Dünyası'nı size en uygun kanaldan takip edin. Telegram Haberler anında bildirim olarak gelsin Katıl WhatsApp Önemli gelişmeler telefonunuzda Katıl Instagram Görsel özetler ve detayları X Gündem ve başlıklar Facebook Haberler akışınızda LinkedIn Sektörel gelişmeler Banka Dünyası'nı Google'da tercih edilen kaynağınız yapın! + İngiltere merkezli finansal teknoloji şirketi Revolut , kuruluşunun yaklaşık 10. yılında 115 milyar dolarlık değerlemeyle Avrupa’nın en değerli girişimi haline geldi ve 80 milyon müşteriye ulaştı. Ancak Reuters’ın şirketin finansal verileri üzerinde yaptığı analiz, bu hızlı büyümenin arkasında önemli zayıflıklar bulunduğunu ortaya koyuyor: Revolut’un müşteri başına elde ettiği gelir ve kredi hacmi, geleneksel bankaların oldukça gerisinde kalıyor. Daha düşük döviz işlemi ücretleri vaadiyle yola çıkan şirket, bugün yüzyıllık bankacılık devlerine meydan okuyan bir konuma yükseldi. Reuters, şirketin yükselişini ve karşılaştığı zorlukları beş başlık altında inceledi. Revolut, Barclays ve Societe Generale’den Daha Değerli Özel piyasada 115 milyar dolar değer biçilen fintech devi, yatırımcıların teknoloji platformunun dünya genelinde daha fazla müşteriye ulaşacağı beklentisiyle İngiltere’nin Barclays ve Fransa’nın Societe Generale bankalarından daha yüksek bir değerlemeye ulaştı. Şirketin bu değerlemeye ulaşmasına ilişkin ayrıntılar için Revolut dünyanın en değerli fintech’i oldu haberimize göz atabilirsiniz. Şirket 2025’te 1,7 milyar sterlin (2,2 milyar dolar) vergi öncesi kâr açıkladı. Bu rakam Barclays’in 9 milyar sterlinlik kârının oldukça altında kalsa da şirket çok daha hızlı büyüyor. Portekiz’in en büyük bankası Caixa Geral de Depósitos’un CEO’su Paulo Macedo da haziranda, 150 yıllık bankanın Revolut’tan daha fazla kâr elde edeceği son yılın 2025 olduğunu söylemişti. Hedef: Gerçek Anlamda Küresel Bir Banka Revolut CEO’su Nik Storonsky, Meksika’dan Avustralya’ya uzanan pazarlara açılarak şirketi gerçek anlamda küresel bir bankaya dönüştürmek istediğini vurguladı. Son haftalarda birkaç yeni lisans alan şirket, dünyanın çok geniş bir bölümünde bireysel bankacılık hizmeti sunan az sayıdaki bankadan biri olmayı hedefliyor. Bu hedef, HSBC gibi küresel ölçekte faaliyet gösteren bazı geleneksel bankaların bireysel bankacılık operasyonlarını küçülttüğü bir döneme denk geliyor. 80 Milyon Müşteriyle JPMorgan’a Yaklaştı Şirketin büyümesinin en dikkat çekici göstergesi müşteri sayısındaki artış. Revolut’un internet sitesinde belirttiği 80 milyon müşteri, JPMorgan’ın 84 milyon müşterisine yaklaşırken HSBC’nin 41 milyon müşterisinin neredeyse iki katına karşılık geliyor. Şirket, İrlanda’da yetişkin nüfusun yüzde 80’inin kendi hesabına sahip olduğunu da açıkladı. Müşteri Başına Gelir ve Kredi Hacmi Düşük Reuters’ın analizine göre şirket, geleneksel bankalara kıyasla müşteri başına çok daha az gelir elde ediyor ve müşterilerinin ortalama mevduat bakiyeleri de daha düşük. Bunun başlıca nedenlerinden biri, şirketin çok daha az kredi kullandırması. Şirket gelirini daha çok kart abonelikleri gibi ücretlerden elde ediyor. Karşılaştırma şöyle: Revolut: yüzde 6 (2025 sonu itibarıyla 2,2 milyar sterlinlik kredi portföyü) HSBC : yüzde 55 Societe Generale: yüzde 86 Revolut sözcüsü ise şirketin “çeşitlendirilmiş bir iş modeline” sahip olduğunu, gelirini kredi vermekten çok çeşitli ürün ve hizmetlerden elde ettiğini belirtti. Sözcüye göre bu nedenle şirketin büyümesi faiz oranlarına değil, müşterilerin değer verdiği ürünler geliştirmesine bağlı. Ana Banka Olarak Kullanım Yetersiz Kullanımı kolay uygulaması sayesinde çok sayıda müşteri çeken şirketin yöneticileri, müşterilerin yeterince büyük bir bölümünün şirketi ana banka hesabı olarak kullanmadığını kabul ediyor. Şirket, son finansal sonuçlarında bu sayıya ilişkin kesin bir rakam pay",browser_full_article,https://bankadunyasi.com/revolut-80-milyon-musteri-basina-gelir-reuters/,,,,,,,,il yok | ilçe yok | firma yok | faaliyet/tesis yok,,,,maps araması yapılmadı,,,86.0,200
2026-10-05 17:06:15,banka dolandırıcılığı,Banka / Finansal Kuruluş,Sermaye Piyasası Kanunu Değişiyor: Fonlara Erken Uyarı Sistemi ve Katlanan Cezalar Geliyor,Sermaye Piyasası Kanunu Değişiyor: Fonlara Erken Uyarı Sistemi ve Katlanan Cezalar Geliyor Banka Dünyası,https://news.google.com/rss/articles/CBMifkFVX3lxTE5OT19NOWJHSUNUcHZhRDZKRVBXNFNHbkluX1FBMmVodlVIRjZPcndwNUctVWpQMS1HSm14WFNGWk9JcWN5ZmxaZEZjTTQ2M0NoQnJNM3RfbFhWemo4bmVCczVaWFZTeTdSOEdObUtXNHBlTGc4anVWcVZKdzRkdw?oc=5,banka,finansal kuruluş,Sermaye Piyasası Kanunu Değişiyor: Fonlara Erken Uyarı Sistemi ve Katlanan Cezalar Geliyor Banka Dünyası,Sermaye Piyasası Kanunu Değişiyor: Fonlara Erken Uyarı Sistemi ve Katlanan Cezalar Geliyor Sermaye Piyasası Kanunu Değişiyor: Fonlara Erken Uyarı Sistemi ve Katlanan Cezalar Geliyor Banka Dünyası Sermaye Piyasası Kanunu Değişiyor: Fonlara Erken Uyarı Sistemi ve Katlanan Cezalar Geliyor Banka Dünyası,browser_failed,https://news.google.com/rss/articles/CBMifkFVX3lxTE5OT19NOWJHSUNUcHZhRDZKRVBXNFNHbkluX1FBMmVodlVIRjZPcndwNUctVWpQMS1HSm14WFNGWk9JcWN5ZmxaZEZjTTQ2M0NoQnJNM3RfbFhWemo4bmVCczVaWFZTeTdSOEdObUtXNHBlTGc4anVWcVZKdzRkdw?oc=5&hl=tr&gl=TR&ceid=TR:tr,,,,,,,,il yok | ilçe yok | firma yok | faaliyet/tesis yok,,,,maps araması yapılmadı,,,88.04,201
2026-10-06 14:55:07,faaliyet izni iptali,Diğer,"Yabancı Dijital Konaklama Platformları Kanun Teklifi, TBMM Bayırdırlık, İmar, Ulaştırma ve Turizm Komisyonu'nda kabul edildi","Yabancı Dijital Konaklama Platformları Kanun Teklifi, TBMM Bayırdırlık, İmar, Ulaştırma ve Turizm Komisyonu'nda kabul edildi Anka Haber",https://news.google.com/rss/articles/CBMi7wFBVV95cUxQeFVkb2RZcWptYlp4eGRPTldwbFVxckNxbWljQ3c3UTg0N2R0S3hsRmJkb3RrbnNnUEJxWVM1OTRDWk1vc0xHVXJSTmd5empHZTFFWTBxbkp3bmNqMDFwQzFkcTdlYkVqQjh1VUhXdFFoLUg1U0dhY0paUnhONGRQMl9RUHhHOHFJaDBycDNFY0ljdU5aQjFRSmVpbEJhYXZwQW5RZ3FaZHlpekZMRWNqNmh2cGJuV3h3YWF4VGFud0ZsdU1DMzhudE1pbElCZmI2OE4wS0RFYlJPODRETWxjbGNUcTh0QVhTcXhPejUzTQ?oc=5,turizm,,Ara Bizi Takip Edin Son Dakika Gündem Ekonomi Dünya Yerel Haberler Bülten Spor Şirket Haberleri Videolar AnkaEnglish Kurumsal/Reklam Yazarlar Resmi Reklamlar İletişim Tarihçe Künye Değerlerimiz ve Yayın İlkelerimiz Aydınlatma Metni ve Veri Politikası Yeniden Yayım Konusunda ve Yasal Uyarı Bizi Takip Edin Tüm hakları ANKA'ya aittir. Tüm hakları saklıdır. @2026 Son Dakika Gündem Ekonomi Dünya Yerel Haberler Bülten Spor Şirket Haberleri Videolar AnkaEnglish Kurumsal/Reklam Yazarlar Resmi Reklamlar İletişim Tarihçe Künye Değerlerimiz ve Yayın İlkelerimiz Aydınlatma Metni ve Veri Politikası Yeniden Yayım Konusunda ve Yasal Uyarı Bizi Takip Edin Tüm hakları ANKA'ya aittir. Tüm hakları saklıdır. @2026,"Yabancı Dijital Konaklama Platformları Kanun Teklifi, TBMM Bayırdırlık, İmar, Ulaştırma ve Turizm Komisyonu'nda kabul edildi Yabancı Dijital Konaklama Platformları Kanun Teklifi, TBMM Bayırdırlık, İmar, Ulaştırma ve Turizm Komisyonu'nda kabul edildi Anka Haber Ara Bizi Takip Edin Son Dakika Gündem Ekonomi Dünya Yerel Haberler Bülten Spor Şirket Haberleri Videolar AnkaEnglish Kurumsal/Reklam Yazarlar Resmi Reklamlar İletişim Tarihçe Künye Değerlerimiz ve Yayın İlkelerimiz Aydınlatma Metni ve Veri Politikası Yeniden Yayım Konusunda ve Yasal Uyarı Bizi Takip Edin Tüm hakları ANKA'ya aittir. @2026 Son Dakika Gündem Ekonomi Dünya Yerel Haberler Bülten Spor Şirket Haberleri Videolar AnkaEnglish Kurumsal/Reklam Yazarlar Resmi Reklamlar İletişim Tarihçe Künye Değerlerimiz ve Yayın İlkelerimiz Aydınlatma Metni ve Veri Politikası Yeniden Yayım Konusunda ve Yasal Uyarı Bizi Takip Edin Tüm hakları ANKA'ya aittir.",browser_full_article,https://ankahaber.net/haber/yabanci-dijital-konaklama-platformlari-kanun-teklifi-tbmm-bayirdirlik-imar-ulastirma-ve-turizm-komisyonu-nda-kabul-edildi-765caa82,,,,,,Ulaştırma ve Turizm,Ulaştırma ve Turizm:292:body+summary+title,il yok | ilçe yok | faaliyet/tesis yok,Ulaştırma ve Turizm Türkiye,T.C. Ulaştırma ve Altyapı Bakanlığı | T.C. Ulaştırma ve Altyapı Bakanlığı İstanbul Bölge Müdürlüğü | Turizm Ulaştırma İşletmecileri Derneği | TUİDER | Ulaştıran Turizm,T.C. Ulaştırma ve Altyapı Bakanlığı,firma adı + güvenli maps adayı var,77.41935483870968 | 77.41935483870968 | 100 | 85.71428571428571,,224.78,202
2026-10-09 05:20:28,şüpheli işlem,Banka / Finansal Kuruluş,American Express’e 350 milyon dolar ceza! 13 milyar dolarlık şüpheli işlem,American Express’e 350 milyon dolar ceza! 13 milyar dolarlık şüpheli işlem CNBC-e,https://news.google.com/rss/articles/CBMirwFBVV95cUxPT1lyN3JuazNMNkgxck04S2xONFBUV1FfNTRmOUZXRmg5T0VGNDNhODNCMHMyNWdxcjRnZlhGellINlZ5b2J2QTVjWGhvNHkyRE1EcVViZnAxMU9PTXdsMllQZTBuRXdjTFhaZVVpSk5TaFJFdlRPaHF3QUo4MENmaEhrWW02OUgtTzVnd2h1UGxYNFo3NHJ2WElpcVl4X2tTdEVqN0hJYVF3N3dUQThR?oc=5,şüpheli işlem,,American Express’e 350 milyon dolar ceza! 13 milyar dolarlık şüpheli işlem CNBC-e,American Express’e 350 milyon dolar ceza! 13 milyar dolarlık şüpheli işlem American Express’e 350 milyon dolar ceza! 13 milyar dolarlık şüpheli işlem CNBC-e American Express’e 350 milyon dolar ceza! 13 milyar dolarlık şüpheli işlem CNBC-e,browser_failed,https://news.google.com/rss/articles/CBMirwFBVV95cUxPT1lyN3JuazNMNkgxck04S2xONFBUV1FfNTRmOUZXRmg5T0VGNDNhODNCMHMyNWdxcjRnZlhGellINlZ5b2J2QTVjWGhvNHkyRE1EcVViZnAxMU9PTXdsMllQZTBuRXdjTFhaZVVpSk5TaFJFdlRPaHF3QUo4MENmaEhrWW02OUgtTzVnd2h1UGxYNFo3NHJ2WElpcVl4X2tTdEVqN0hJYVF3N3dUQThR?oc=5&hl=tr&gl=TR&ceid=TR:tr,,,,,,,,il yok | ilçe yok | firma yok | faaliyet/tesis yok,,,,maps araması yapılmadı,,,74.06,203
2026-10-02 12:01:00,şüpheli işlem,Banka / Finansal Kuruluş,Manisa’da 750 milyon TL’lik şüpheli işlem ortaya çıktı!,Manisa’da 750 milyon TL’lik şüpheli işlem ortaya çıktı! Manisa Kulis Haber,https://news.google.com/rss/articles/CBMijgFBVV95cUxONWZGQVJqc1BkTG5scGl6WmE5SEZ5MmZNb3J5RkxVY0g3QzdqM3gwOC1GVHFEc3lEYTNhT3pYR2VNYkZCX1YySU05NnNmLUVlUEFLa0hub01SRnJfZ2JnNEdWRUNBNWVoM01uanZvNk5sVGtjNWt6Smw1ekxDWHgzdmJSS284X2lCY1NKX0xR?oc=5,şüpheli işlem,,Manisa merkezli 6 ilde düzenlenen yasa dışı bahis operasyonunda gözaltına alınan 30 şüpheliden 28’i tutuklandı. Soruşturma kapsamında paravan şirket ve banka hesaplarında 750 milyon TL’lik şüpheli işlem hacmi tespit edildi. Manisa merkezli 6 ilde düzenlenen yasa dışı bahis operasyonunda gözaltına alınan 30 şüpheliden 28’i tutuklandı. Soruşturma kapsamında paravan şirket ve banka hesaplarında 750 milyon TL’lik şüpheli işlem hacmi tespit edildi. Manisa merkezli 6 ilde düzenlenen yasa dışı bahis operasyonunda gözaltına alınan 30 şüpheliden 28’i tutuklandı. Soruşturma kapsamında paravan şirket ve banka hesaplarında 750 milyon TL’lik şüpheli işlem hacmi tespit edildi. Manisa’da 750 milyon TL’lik şüpheli işlem ortaya çıktı! Manisa merkezli 6 ilde düzenlenen yasa dışı bahis operasyonunda gözaltına alınan 30 şüpheliden 28’i tutuklandı. Soruşturma kapsamında paravan şirket ve banka hesaplarında 750 milyon TL’lik şüpheli işlem hacmi tespit edildi. 02.10.2026 - 15:01 Yayınlanma 1 Dk Okunma Süresi,Manisa’da 750 milyon TL’lik şüpheli işlem ortaya çıktı! Manisa’da 750 milyon TL’lik şüpheli işlem ortaya çıktı! Manisa Kulis Haber Manisa merkezli 6 ilde düzenlenen yasa dışı bahis operasyonunda gözaltına alınan 30 şüpheliden 28’i tutuklandı. Soruşturma kapsamında paravan şirket ve banka hesaplarında 750 milyon TL’lik şüpheli işlem hacmi tespit edildi. Manisa’da 750 milyon TL’lik şüpheli işlem ortaya çıktı! 02.10.2026 - 15:01 Yayınlanma 1 Dk Okunma Süresi,browser_full_article,https://www.manisakulishaber.com/manisada-750-milyon-tllik-supheli-islem-ortaya-cikti,Manisa,,,,,,,ilçe yok | firma yok | faaliyet/tesis yok,,,,maps araması yapılmadı,,,74.0,204
2026-10-08 03:25:47,şüpheli para transferi,Banka / Finansal Kuruluş,"OCB, para transferi dolandırıcılığına karşı müşteri korumasını artırıyor.","OCB, para transferi dolandırıcılığına karşı müşteri korumasını artırıyor. Vietnam.vn",https://news.google.com/rss/articles/CBMilAFBVV95cUxQSG9uQXBJYW9IYnZCUW1QeWIwVDBGeHRaNmoyakp1WnF2SExIdXZLRzByanF4RWNpNTRLOWUwZHJFQ1NhYmhFclVNaHVrTkhKZ21tcVd3QjNFdnhnT3QxNVF4UWdPQ1FhNjdyb0puOXczLWJ6SGM1eHgyRGQ1dnphd29lLVdvcW4xSTRsWFItbDdqU0Ry?oc=5,para transferi,,"OCB, para transferi dolandırıcılığına karşı müşteri korumasını artırıyor. Vietnam.vn","OCB, para transferi dolandırıcılığına karşı müşteri korumasını artırıyor. OCB, para transferi dolandırıcılığına karşı müşteri korumasını artırıyor. Vietnam.vn OCB, para transferi dolandırıcılığına karşı müşteri korumasını artırıyor.",browser_failed,https://news.google.com/rss/articles/CBMilAFBVV95cUxQSG9uQXBJYW9IYnZCUW1QeWIwVDBGeHRaNmoyakp1WnF2SExIdXZLRzByanF4RWNpNTRLOWUwZHJFQ1NhYmhFclVNaHVrTkhKZ21tcVd3QjNFdnhnT3QxNVF4UWdPQ1FhNjdyb0puOXczLWJ6SGM1eHgyRGQ1dnphd29lLVdvcW4xSTRsWFItbDdqU0Ry?oc=5&hl=tr&gl=TR&ceid=TR:tr,,,,,,,,il yok | ilçe yok | firma yok | faaliyet/tesis yok,,,,maps araması yapılmadı,,,74.34,205
2026-10-07 12:32:00,şüpheli para transferi,Dolandırıcılık / Sahtecilik,İSU’dan Dolandırıcılık Uyarısı Ali Sağlık’ın Sesiyle Para İstiyorlar,İSU’dan Dolandırıcılık Uyarısı Ali Sağlık’ın Sesiyle Para İstiyorlar Bugün Kocaeli Gazetesi,https://news.google.com/rss/articles/CBMinwFBVV95cUxOUUdXOHRIVENpTVFWemM5ckloQWV0VXNPbVdMV0NwY3k4eUdWS2lWZEIwcFlSUE9vY1UxUjFwWWd1SGE5T0F1QWxUaWVHcjdOZzZKem9BV0VEQlpQMW1BZU1OMmN5UVlvSEk4OUVGYVh4LVc1QkllUmxZTWl1WkJzRTRDai15MjBRNE12MFd6SS1JTHRsRG5CSVpDTjRWTXc?oc=5,sağlık,,"İSU, Genel Müdür Ali Sağlık’ın sesinin taklit edilerek vatandaşlardan yardım ve maddi destek istendiğini açıkladı. Kurum, para ve bilgi paylaşılmaması uyarısı yaptı. İSU, Genel Müdür Ali Sağlık’ın sesinin taklit edilerek vatandaşlardan yardım ve maddi destek istendiğini açıkladı. Kurum, para ve bilgi paylaşılmaması uyarısı yaptı. İSU, Genel Müdür Ali Sağlık’ın sesinin taklit edilerek vatandaşlardan yardım ve maddi destek istendiğini açıkladı. Kurum, para ve bilgi paylaşılmaması uyarısı yaptı. Kocaeli İzmit Asayiş Ekonomi Genel Kocaelispor Gündem Gebze Kocaeli Kartepe Siyaset Spor Genel Ekonomi Asayiş Kocaeli Spor Eğitim İSU’dan Dolandırıcılık Uyarısı Ali Sağlık’ın Sesiyle Para İstiyorlar İSU, Genel Müdür Ali Sağlık’ın sesinin taklit edilerek vatandaşlardan yardım ve maddi destek istendiğini açıkladı. Kurum, para ve bilgi paylaşılmaması uyarısı yaptı. İREM TOLUNAY Yazı İşleri Müdürü 07.10.2026 - 15:32 Yayınlanma 1 Dk Okunma Süresi Paylaş Linkedin Pinterest Telegram Yazdır Kopyala A - A + Paylaş Linkedin Pinterest Telegram Yazdır Kopyala A - A + Kocaeli Su ve Kanalizasyon İdaresi Genel Müdürlüğü (İSU), vatandaşları hedef alan şüpheli aramalarla ilgili uyarıda bulundu. Kuruma ulaşan ihbarlar üzerine yapılan değerlendirmede, İSU Genel Müdürü Ali Sağlık’ın sesinin taklit edilerek vatandaşlardan çeşitli gerekçelerle yardım ve maddi destek talep edildiği tespit edildi. İSU tarafından yapılan açıklamada, vatandaşların bu tür taleplere karşı dikkatli olması istendi. Ali Sağlık’ın sesi taklit ediliyor İSU’nun duyurusunda, kurumun Genel Müdürü Ali Sağlık’ın sesinin taklit edilerek vatandaşlarla iletişime geçildiği ve çeşitli gerekçeler öne sürülerek maddi yardım talebinde bulunulduğu belirtildi. Özellikle tanınan bir kişinin sesinin kullanılması nedeniyle vatandaşların bu tür görüşmelerde daha dikkatli olması gerektiği vurgulandı. Körfez Ticaret Odası’nda seçim yarışı! İsmail Akova’dan ilk açıklama İçeriği Görüntüle Para ve kişisel bilgiler paylaşılmamalı İSU, şüpheli görüşmelerde vatandaşların herhangi bir para transferi yapmaması konusunda uyarıda bulundu. Açıklamada ayrıca banka bilgileri başta olmak üzere kişisel bilgilerin de paylaşılmaması gerektiği belirtildi. Kurum, vatandaşların kendilerinden yardım veya maddi destek isteyen şüpheli taleplerle karşılaşmaları halinde görüşmeyi sonlandırmalarını istedi. Şüpheli durumlarda resmi mercilere bildirim yapılmalı İSU tarafından yapılan açıklamada, şüpheli bir durumla karşılaşılması halinde görüşmenin sonlandırılmasının ardından gerekli bildirimin resmî mercilere yapılması gerektiği ifade edildi. Kurum, vatandaşların özellikle para talep edilen ve kişisel ya da banka bilgilerinin istendiği görüşmelerde dikkatli davranmasının önemine dikkat çekti. Kaynak: Haber Merkezi Yorumlar Editörün","İSU’dan Dolandırıcılık Uyarısı Ali Sağlık’ın Sesiyle Para İstiyorlar İSU’dan Dolandırıcılık Uyarısı Ali Sağlık’ın Sesiyle Para İstiyorlar Bugün Kocaeli Gazetesi İSU, Genel Müdür Ali Sağlık’ın sesinin taklit edilerek vatandaşlardan yardım ve maddi destek istendiğini açıkladı. Kurum, para ve bilgi paylaşılmaması uyarısı yaptı. Kocaeli İzmit Asayiş Ekonomi Genel Kocaelispor Gündem Gebze Kocaeli Kartepe Siyaset Spor Genel Ekonomi Asayiş Kocaeli Spor Eğitim İSU’dan Dolandırıcılık Uyarısı Ali Sağlık’ın Sesiyle Para İstiyorlar İSU, Genel Müdür Ali Sağlık’ın sesinin taklit edilerek vatandaşlardan yardım ve maddi destek istendiğini açıkladı. İREM TOLUNAY Yazı İşleri Müdürü 07.10.2026 - 15:32 Yayınlanma 1 Dk Okunma Süresi Paylaş Linkedin Pinterest Telegram Yazdır Kopyala A - A + Paylaş Linkedin Pinterest Telegram Yazdır Kopyala A - A + Kocaeli Su ve Kanalizasyon İdaresi Genel Müdürlüğü (İSU), vatandaşları hedef alan şüpheli aramalarla ilgili uyarıda bulundu. Kuruma ulaşan ihbarlar üzerine yapılan değerlendirmede, İSU Genel Müdürü Ali Sağlık’ın sesinin taklit edilerek vatandaşlardan çeşitli gerekçelerle yardım ve maddi destek talep edildiği tespit edildi. İSU tarafından yapılan açıklamada, vatandaşların bu tür taleplere karşı dikkatli olması istendi. Ali Sağlık’ın sesi taklit ediliyor İSU’nun duyurusunda, kurumun Genel Müdürü Ali Sağlık’ın sesinin taklit edilerek vatandaşlarla iletişime geçildiği ve çeşitli gerekçeler öne sürülerek maddi yardım talebinde bulunulduğu belirtildi. Özellikle tanınan bir kişinin sesinin kullanılması nedeniyle vatandaşların bu tür görüşmelerde daha dikkatli olması gerektiği vurgulandı. Körfez Ticaret Odası’nda seçim yarışı! Kurum, vatandaşların kendilerinden yardım veya maddi destek isteyen şüpheli taleplerle karşılaşmaları halinde görüşmeyi sonlandırmalarını istedi. Şüpheli durumlarda resmi mercilere bildirim yapılmalı İSU tarafından yapılan açıklamada, şüpheli bir durumla karşılaşılması halinde görüşmenin sonlandırılmasının ardından gerekli bildirimin resmî mercilere yapılması gerektiği ifade edildi. Kurum, vatandaşların özellikle para talep edilen ve kişisel ya da banka bilgilerinin istendiği görüşmelerde dikkatli davranmasının önemine dikkat çekti.",browser_full_article,https://www.bugunkocaeli.com.tr/isudan-dolandiricilik-uyarisi-ali-saglikin-sesiyle-para-istiyorlar,Kocaeli,İzmit | Kartepe,,,,Dolandırıcılık Uyarısı Ali Sağlık,Dolandırıcılık Uyarısı Ali Sağlık:292:body+summary+title,faaliyet/tesis yok,Dolandırıcılık Uyarısı Ali Sağlık İzmit Kocaeli Türkiye,Kocaeli İşe Giriş Sağlık Raporu I Çalışan Tetkik Merkezi I ÇTMplus,Kocaeli İşe Giriş Sağlık Raporu I Çalışan Tetkik Merkezi I ÇTMplus,firma adı + güvenli maps adayı var,50.0,Kocaeli OSGB ve İşe Giriş Sağlık Raporu Laboratuvarı,221.75,206
2026-10-03 08:48:00,elektronik para ve ödeme kuruluşu,Banka / Finansal Kuruluş,Resmi Gazete'de yayımlandı: NXT Elektronik Para'ya Merkez Bankası'ndan faaliyet izni,Resmi Gazete'de yayımlandı: NXT Elektronik Para'ya Merkez Bankası'ndan faaliyet izni 24 Saat Gazetesi,https://news.google.com/rss/articles/CBMisAFBVV95cUxNNkh1M1Z5aDI1bnBiekpTSzhaYVB0aVlVaTY3VWp4Z0dHcWZrR2hHOVZhUmtta183WFlhVUZLWENFT01MbGFnSUhzNWpVckJ5bWkzc0c3QThoY2gxeHB5TFlhZnl5ZkhCMWJuNEdnS3ozNlhFTUZmTnpzS2Ewb3RxVHNaOU5VMzAtYlNnRW5MTFpUSzhlODgtMHlOVXFyTlhpX28ydENOTWpWOVEwNG54Qg?oc=5,banka,finansal kuruluş,"www.24saatgazetesi.com Güvenlik doğrulaması yapılıyor Bu web sitesi, kötü niyetli botlara karşı korunmak için bir güvenlik hizmeti kullanıyor. Web sitesi bir bot olmadığınızı doğrularken bu sayfa görüntülenir. Doğrulama başarılı. www.24saatgazetesi.com adresinin yanıt vermesi bekleniyor Güvenlik doğrulaması yapılıyor Doğrulama başarılı. www.24saatgazetesi.com adresinin yanıt vermesi bekleniyor Bu web sitesi, kötü niyetli botlara karşı korunmak için bir güvenlik hizmeti kullanıyor. Web sitesi bir bot olmadığınızı doğrularken bu sayfa görüntülenir.","Resmi Gazete'de yayımlandı: NXT Elektronik Para'ya Merkez Bankası'ndan faaliyet izni Resmi Gazete'de yayımlandı: NXT Elektronik Para'ya Merkez Bankası'ndan faaliyet izni 24 Saat Gazetesi www.24saatgazetesi.com Güvenlik doğrulaması yapılıyor Bu web sitesi, kötü niyetli botlara karşı korunmak için bir güvenlik hizmeti kullanıyor. Web sitesi bir bot olmadığınızı doğrularken bu sayfa görüntülenir. www.24saatgazetesi.com adresinin yanıt vermesi bekleniyor Güvenlik doğrulaması yapılıyor Doğrulama başarılı.",browser_full_article,https://www.24saatgazetesi.com/resmi-gazetede-yayimlandi-nxt-elektronik-paraya-merkez-bankasindan-faaliyet-izni,,,,,,NXT Elektronik,NXT Elektronik:292:body+summary+title,il yok | ilçe yok | faaliyet/tesis yok,NXT Elektronik Türkiye,NXT Elektronik Para ve Ödeme Hizmetleri A.Ş,NXT Elektronik Para ve Ödeme Hizmetleri A.Ş,firma adı + güvenli maps adayı var,100.0,,184.77,207
2026-10-05 04:27:00,elektronik para ve ödeme kuruluşları,Banka / Finansal Kuruluş,"Merkez Bankası, NXT Elektronik Para ve Ödeme Hizmetleri AŞ'ye faaliyet izni verdi","Merkez Bankası, NXT Elektronik Para ve Ödeme Hizmetleri AŞ'ye faaliyet izni verdi TradingView",https://news.google.com/rss/articles/CBMieEFVX3lxTE9fc1dfSDhvMFRvbTlmamIxcU5wc0J2eGJ1Z3lKV1NfNHROYUNNQjhaellCRFhUbFI4ajJKYkw5OTBFXzV1el9WREhRc2ZRamVSbHdFMDA0eVRoOTVxSXFfMVloOU10SlA2Z3JvMGdmQUNIZUpUZ2Q5Zg?oc=5,"A.Ş., banka",finansal kuruluş,"Merkez Bankası'nın NXT Elektronik Para ve Ödeme Hizmetleri AŞ'ye ödeme hizmetleri ile elektronik para ihracı hizmeti sunmak üzere faaliyet izni verilmesine ilişkin kararı Resmi Gazete'nin 3 Ekim tarihli sayısında yayımlandı. Merkez Bankası'nın NXT Elektronik Para ve Ödeme Hizmetleri AŞ'ye ödeme hizmetleri ile elektronik para ihracı hizmeti sunmak üzere faaliyet izni verilmesine ilişkin kararı Resmi Gazete'nin 3 Ekim tarihli sayısında yayımlandı. Merkez Bankası'nın NXT Elektronik Para ve Ödeme Hizmetleri AŞ'ye ödeme hizmetleri ile elektronik para ihracı hizmeti sunmak üzere faaliyet izni verilmesine ilişkin kararı Resmi Gazete'nin 3 Ekim tarihli sayısında yayımlandı. Merkez Bankası, NXT Elektronik Para ve Ödeme Hizmetleri AŞ'ye faaliyet izni verdi Read the full article Get unlimited access to articles from Reuters and every other news source on TradingView. Keep reading Read the full article Get unlimited access to articles from Reuters and every other news source on TradingView. Keep reading Merkez Bankası, NXT Elektronik Para ve Ödeme Hizmetleri AŞ'ye faaliyet izni verdi","Merkez Bankası, NXT Elektronik Para ve Ödeme Hizmetleri AŞ'ye faaliyet izni verdi Merkez Bankası, NXT Elektronik Para ve Ödeme Hizmetleri AŞ'ye faaliyet izni verdi TradingView Merkez Bankası'nın NXT Elektronik Para ve Ödeme Hizmetleri AŞ'ye ödeme hizmetleri ile elektronik para ihracı hizmeti sunmak üzere faaliyet izni verilmesine ilişkin kararı Resmi Gazete'nin 3 Ekim tarihli sayısında yayımlandı. Merkez Bankası, NXT Elektronik Para ve Ödeme Hizmetleri AŞ'ye faaliyet izni verdi Read the full article Get unlimited access to articles from Reuters and every other news source on TradingView. Keep reading Read the full article Get unlimited access to articles from Reuters and every other news source on TradingView. Keep reading Merkez Bankası, NXT Elektronik Para ve Ödeme Hizmetleri AŞ'ye faaliyet izni verdi",browser_full_article,"https://www.tradingview.com/news/reuters.com,2026:newsml_L8N45R02H:0/",,,,,,NXT Elektronik,NXT Elektronik:292:body+summary+title,il yok | ilçe yok | faaliyet/tesis yok,NXT Elektronik Türkiye,NXT Elektronik Para ve Ödeme Hizmetleri A.Ş,NXT Elektronik Para ve Ödeme Hizmetleri A.Ş,firma adı + güvenli maps adayı var,100.0,,186.63,208
2026-10-07 07:55:00,elektronik para ve ödeme kuruluşu,Banka / Finansal Kuruluş,Ağrı’da para transferi yapanlar dikkat: Sınır 30 bin liraya çıktı,Ağrı’da para transferi yapanlar dikkat: Sınır 30 bin liraya çıktı Doğubayazıt Gazetesi,https://news.google.com/rss/articles/CBMimwFBVV95cUxOdkdSRlRMa1lReVN6LXc2bk1YX2FVdlBCOVVFdTZ4N3ZreUlidUdIWWlXckExVWVzaWUtdUJDMW5Kd0paUmM1djdRRGdLMUlQMW5sYTE4NnhQdWhNQjdNS0thSGt2NjJtMFJSSkVscVI5ZTFfUVBTa0ZwQVVnb1J0SjNVQ0QteGhQTGozNjJmei1rVS1ySnZKTWMyUQ?oc=5,para transferi,,"Ağrı’da banka, finans kuruluşları ve elektronik ödeme sistemleri üzerinden işlem yapan vatandaşları da ilgilendiren yeni düzenleme Resmi Gazete’de yayımlandı. Ağrı’da banka, finans kuruluşları ve elektronik ödeme sistemleri üzerinden işlem yapan vatandaşları da ilgilendiren yeni düzenleme Resmi Gazete’de yayımlandı. Ağrı’da banka, finans kuruluşları ve elektronik ödeme sistemleri üzerinden işlem yapan vatandaşları da ilgilendiren yeni düzenleme Resmi Gazete’de yayımlandı. Ağrı’da para transferi yapanlar dikkat: Sınır 30 bin liraya çıktı Ağrı’da banka, finans kuruluşları ve elektronik ödeme sistemleri üzerinden işlem yapan vatandaşları da ilgilendiren yeni düzenleme Resmi Gazete’de yayımlandı. BERKAN YILDIRIM EDİTÖR 07.10.2026 - 10:55 Yayınlanma — Paylaşım Paylaş Linkedin Pinterest Telegram Yazdır Kopyala A - A + Paylaş Linkedin Pinterest Telegram Yazdır Kopyala A - A + Ağrı’nın enerji ihtiyaçları Bakan Bayraktar’a iletildi İçeriği Görüntüle Kimlik tespiti gerektiren parasal sınır nakit, döviz ve kuyumculuk işlemlerinde 370 bin liraya, elektronik transferlerde ise 30 bin liraya yükseltildi. “Kara para ile mücadele” kapsamında Suç Gelirlerinin Aklanmasının ve Terörün Finansmanının Önlenmesine Dair Tedbirler Hakkında Yönetmelikte değişikliğe gidildi. Düzenlemeyle bankalar, finansman ve faktoring şirketleri, sermaye piyasası kuruluşları, portföy yönetim şirketleri ile elektronik para ve ödeme kuruluşlarının kimlik tespitine ilişkin yükümlülüklerinde değişiklik yapıldı. Sınır 370 bin liraya yükseltildi Nakit, döviz ve kuyumculuk işlemlerinde kimlik tespiti gerektiren parasal sınır 185 bin liradan 370 bin liraya çıkarıldı. Buna göre işlem tutarının veya birbiriyle bağlantılı birden fazla işlemin toplamının 370 bin lira ve üzerinde olması halinde müşterinin ve müşteri adına hareket eden kişilerin kimlik bilgilerinin alınması ve doğrulanması gerekecek. Ayrıca işlemin gerçek faydalanıcısının belirlenmesine yönelik gerekli tedbirler de uygulanacak. Elektronik transferlerde yeni sınır 30 bin lira Elektronik transferler, dijital kimlik tespiti ve basitleştirilmiş tedbirler kapsamında kimlik tespiti yapılması gereken parasal sınır da 15 bin liradan 30 bin liraya yükseltildi. SMS doğrulamasına yeni güvenlik şartları Düzenlemeyle finansal kuruluşların internet ve mobil kanallardaki müşteri doğrulama yöntemlerine ilişkin yeni şartlar getirildi. Müşterinin daha önce doğrulanmış cep telefonu numarasına gönderilen tek kullanımlık SMS doğrulama koduyla (SMS OTP) kimlik doğrulaması yapılabilecek. Bu durumda imza örneği alınması gerekmeyecek. Ancak kullanılacak doğrulama yönteminin işlemin niteliğine ve risk düzeyine uygun olması şartı aranacak. Kaynak: Haber merkezi EDİTÖR BERKAN YILDIRIM Bun","Ağrı’da para transferi yapanlar dikkat: Sınır 30 bin liraya çıktı Ağrı’da para transferi yapanlar dikkat: Sınır 30 bin liraya çıktı Doğubayazıt Gazetesi Ağrı’da banka, finans kuruluşları ve elektronik ödeme sistemleri üzerinden işlem yapan vatandaşları da ilgilendiren yeni düzenleme Resmi Gazete’de yayımlandı. Ağrı’da para transferi yapanlar dikkat: Sınır 30 bin liraya çıktı Ağrı’da banka, finans kuruluşları ve elektronik ödeme sistemleri üzerinden işlem yapan vatandaşları da ilgilendiren yeni düzenleme Resmi Gazete’de yayımlandı. BERKAN YILDIRIM EDİTÖR 07.10.2026 - 10:55 Yayınlanma — P",browser_full_article,https://dogubayazitgazetesi.com/agrida-para-transferi-yapanlar-dikkat-sinir-30-bin-liraya-cikti,Ağrı,,,,,,,ilçe yok | firma yok | faaliyet/tesis yok,,,,maps araması yapılmadı,,,95.0,209
2026-10-08 19:40:22,elektronik para kuruluşu,Banka / Finansal Kuruluş,Adınıza habersiz banka hesabı açılmış olabilir! e-Devlet'ten kontrol edin,Adınıza habersiz banka hesabı açılmış olabilir! e-Devlet'ten kontrol edin Karaköse Haber,https://news.google.com/rss/articles/CBMirwFBVV95cUxQVHR5QnVLQjU5ekpYUGFaU0xSMlJUaENvR3RrbkZPaVdYSEI5UVFyNkZFVkYxZTlYbjJiZXBHclpNNDgxdWNwdnhadlRURVVQMW5TY09fQndqNEFzc0NPVTRFMmxBc21HRzNBR2w5UVYyU0NPNDBCaGg4dWlSZ3VJNlpQTENzcXhpX2N3bEM5emRmWTl0YXd2akZFbDF1N1A4VjhZWUFyeUpUVXlUcm53?oc=5,"banka, banka hesabı",finansal kuruluş,"www.karakosehaber.com Güvenlik doğrulaması yapılıyor Bu web sitesi, kötü niyetli botlara karşı korunmak için bir güvenlik hizmeti kullanıyor. Web sitesi bir bot olmadığınızı doğrularken bu sayfa görüntülenir. Doğrulama başarılı. www.karakosehaber.com adresinin yanıt vermesi bekleniyor Güvenlik doğrulaması yapılıyor Doğrulama başarılı. www.karakosehaber.com adresinin yanıt vermesi bekleniyor Bu web sitesi, kötü niyetli botlara karşı korunmak için bir güvenlik hizmeti kullanıyor. Web sitesi bir bot olmadığınızı doğrularken bu sayfa görüntülenir.","Adınıza habersiz banka hesabı açılmış olabilir! e-Devlet'ten kontrol edin Adınıza habersiz banka hesabı açılmış olabilir! e-Devlet'ten kontrol edin Karaköse Haber www.karakosehaber.com Güvenlik doğrulaması yapılıyor Bu web sitesi, kötü niyetli botlara karşı korunmak için bir güvenlik hizmeti kullanıyor. Web sitesi bir bot olmadığınızı doğrularken bu sayfa görüntülenir. www.karakosehaber.com adresinin yanıt vermesi bekleniyor Güvenlik doğrulaması yapılıyor Doğrulama başarılı.",browser_full_article,https://www.karakosehaber.com/adiniza-habersiz-banka-hesabi-acilmis-olabilir-e-devlet-ten-kontrol-edin/233440/,,,,,,,,il yok | ilçe yok | firma yok | faaliyet/tesis yok,,,,maps araması yapılmadı,,,69.99,210
2026-10-07 06:45:47,elektronik para ve ödeme kuruluşları,Diğer,"Ali Emre Ballı serveti ne kadar, mal varlığı nedir? Ali Emre Ballı şirketleri neler, ne iş yapıyor?","Ali Emre Ballı serveti ne kadar, mal varlığı nedir? Ali Emre Ballı şirketleri neler, ne iş yapıyor? Haberler",https://news.google.com/rss/articles/CBMimwFBVV95cUxNSU8yUElNTFU5WEJPMHdCZk1HNHQ0TFQ3QV9KaENDMTVPZ29nakdvYTJHOVhUSnNrZDN5QU9ONERwXzc5M3k2bkI2M1Q2c1I0WmJZNFh4WVRuamJta1R2MHAtSWlWRzJYb2I0b0x6NjdHQWtpWlEyM3p2V1owWGZwT1hEelc5RXNoWVJVX1c3bUcwdVFKVDgyOFJ2TdIBmwFBVV95cUxNSU8yUElNTFU5WEJPMHdCZk1HNHQ0TFQ3QV9KaENDMTVPZ29nakdvYTJHOVhUSnNrZDN5QU9ONERwXzc5M3k2bkI2M1Q2c1I0WmJZNFh4WVRuamJta1R2MHAtSWlWRzJYb2I0b0x6NjdHQWtpWlEyM3p2V1owWGZwT1hEelc5RXNoWVJVX1c3bUcwdVFKVDgyOFJ2TQ?oc=5,"mal varlığı, şirket",şirket / firma,"Ali Emre Ballı serveti ne kadar, mal varlığı nedir? Ali Emre Ballı şirketleri neler, ne iş yapıyor? Haberler","Ali Emre Ballı serveti ne kadar, mal varlığı nedir? Ali Emre Ballı şirketleri neler, ne iş yapıyor? Ali Emre Ballı serveti ne kadar, mal varlığı nedir? Ali Emre Ballı şirketleri neler, ne iş yapıyor? Haberler Ali Emre Ballı serveti ne kadar, mal varlığı nedir? Ali Emre Ballı şirketleri neler, ne iş yapıyor?",browser_failed,https://news.google.com/rss/articles/CBMimwFBVV95cUxNSU8yUElNTFU5WEJPMHdCZk1HNHQ0TFQ3QV9KaENDMTVPZ29nakdvYTJHOVhUSnNrZDN5QU9ONERwXzc5M3k2bkI2M1Q2c1I0WmJZNFh4WVRuamJta1R2MHAtSWlWRzJYb2I0b0x6NjdHQWtpWlEyM3p2V1owWGZwT1hEelc5RXNoWVJVX1c3bUcwdVFKVDgyOFJ2TdIBmwFBVV95cUxNSU8yUElNTFU5WEJPMHdCZk1HNHQ0TFQ3QV9KaENDMTVPZ29nakdvYTJHOVhUSnNrZDN5QU9ONERwXzc5M3k2bkI2M1Q2c1I0WmJZNFh4WVRuamJta1R2MHAtSWlWRzJYb2I0b0x6NjdHQWtpWlEyM3p2V1owWGZwT1hEelc5RXNoWVJVX1c3bUcwdVFKVDgyOFJ2TQ?oc=5&hl=tr&gl=TR&ceid=TR:tr,,,,,,,,il yok | ilçe yok | firma yok | faaliyet/tesis yok,,,,maps araması yapılmadı,,,93.58,211
2026-10-08 09:08:00,gözaltı,Operasyon / Soruşturma / Suç,"Yahşihan Belediyesine ikinci dalga operasyon: Başkanvekili dahil 9 gözaltı, başkan yardımcısının mal varlığı dudak uçuklattı","Yahşihan Belediyesine ikinci dalga operasyon: Başkanvekili dahil 9 gözaltı, başkan yardımcısının mal varlığı dudak uçuklattı Yeni Mesaj",https://news.google.com/rss/articles/CBMi9wFBVV95cUxNZ1ExQkhxN0ZmcXBwV2gwRE5JeWFTTWtzU1dVZlBabF9seGZfN0x3Smw5VEhHRzhDTXdnYmZSSm0wVVd0ZHM1VGxueFNHMUhjR1UyR2R2b2RScnNGb2U2Yk4zSnpBaVhvdFZOaGdHSk01NXF4U0NmbDc2SDdTdmhyNWxfeHhRRlR4QWJQWFlCajFNVFEyc2ZlYTR1OGViRlpfa3lDaHZ4T3ZLQ3EwVEFOemVmYWZjdWRSekNXc0ljeG1BcnlzeU5ZLUNScm5kNGdZeGxKUUhmWHNXcHVFaGpVSTBNaUpkWGl6am5UanJjZ0dJRkh4bnQw?oc=5,mal varlığı,,"Yahşihan Belediyesine yönelik yolsuzluk soruşturmasının ikinci dalga operasyonunda, aralarında Belediye Başkanvekili Aydın Demirdirek'in de bulunduğu 9 şüpheli gözaltına alındı. Soruşturma kapsamında 2 bin 31 taşınmaza el koyma tedbiri uygulanırken, belediye başkan yardımcısının adına kayıtlı bin 630 taşınmaz olduğu ve evinde 11 bin 312 tabanca fişeği ele geçirildiği belirlendi Yahşihan Belediyesine yönelik yolsuzluk soruşturmasının ikinci dalga operasyonunda, aralarında Belediye Başkanvekili Aydın Demirdirek'in de bulunduğu 9 şüpheli gözaltına alındı. Soruşturma kapsamında 2 bin 31 taşınmaza el koyma tedbiri uygulanırken, belediye başkan yardımcısının adına kayıtlı bin 630 taşınmaz olduğu ve evinde 11 bin 312 tabanca fişeği ele geçirildiği belirlendi Yahşihan Belediyesine yönelik yolsuzluk soruşturmasının ikinci dalga operasyonunda, aralarında Belediye Başkanvekili Aydın Demirdirek'in de bulunduğu 9 şüpheli gözaltına alındı. Soruşturma kapsamında 2 bin 31 taşınmaza el koyma tedbiri uygulanırken, belediye başkan yardımcısının adına kayıtlı bin 630 taşınmaz olduğu ve evinde 11 bin 312 tabanca fişeği ele geçirildiği belirlendi","Yahşihan Belediyesine ikinci dalga operasyon: Başkanvekili dahil 9 gözaltı, başkan yardımcısının mal varlığı dudak uçuklattı Yahşihan Belediyesine ikinci dalga operasyon: Başkanvekili dahil 9 gözaltı, başkan yardımcısının mal varlığı dudak uçuklattı Yeni Mesaj Yahşihan Belediyesine yönelik yolsuzluk soruşturmasının ikinci dalga operasyonunda, aralarında Belediye Başkanvekili Aydın Demirdirek'in de bulunduğu 9 şüpheli gözaltına alındı. Soruşturma kapsamında 2 bin 31 taşınmaza el koyma tedbiri uygulanırken, belediye başkan yardımcısının adına kayıtlı bin 630 taşınmaz olduğu ve evinde 11 bin 312 tabanca fişeği ele geçirildiği belirlendi Yahşihan Belediyesine yönelik yolsuzluk soruşturmasının ikinci dalga operasyonunda, aralarında Belediye Başkanvekili Aydın Demirdirek'in de bulunduğu 9 şüpheli gözaltına alındı. Soruşturma kapsamında 2 bin 31 taşınmaza el koyma tedbiri uygulanırken, belediye başkan yardımcısının adına kayıtlı bin 630 taşınmaz olduğu ve evinde 11 bin 312 tabanca fişeği ele geçirildiği belirlendi",browser_full_article,https://www.yenimesaj.com.tr/yahsihan-belediyesine-ikinci-dalga-operasyon-baskanvekili-dahil-9-gozalti-baskan-yardimcisinin-mal-varligi-dudak-ucuklatti-H1618680.htm,,,,,,,,il yok | ilçe yok | firma yok | faaliyet/tesis yok,,,,maps araması yapılmadı,,,113.17,212
